ibge7,municipio,uf,total,recebe,governo,propria,cooperativas,integradoras,privadas,ong,sistema_s,outra,nao_recebe
1100015,Alta Floresta D'Oeste,RO,2884,511,389,120,14,,3,12,2,13,2373
1100023,Ariquemes,RO,2927,329,215,94,9,6,10,2,,8,2598
1100031,Cabixi,RO,1075,307,231,63,1,4,4,1,,9,768
1100049,Cacoal,RO,3805,378,191,146,13,16,11,1,7,28,3427
1100056,Cerejeiras,RO,718,167,93,60,2,18,2,,,1,551
1100064,Colorado do Oeste,RO,1673,548,321,180,7,71,12,,,17,1125
1100072,Corumbiara,RO,1489,299,220,79,1,19,4,,,6,1190
1100080,Costa Marques,RO,1495,550,462,95,2,2,2,,1,10,945
1100098,Espigão D'Oeste,RO,1999,241,161,64,8,5,2,,,6,1758
1100106,Guajará-Mirim,RO,545,217,199,17,3,,,,,1,328
1100114,Jaru,RO,3547,575,501,50,8,,4,,,39,2972
1100122,Ji-Paraná,RO,2544,740,641,82,8,5,,1,,18,1804
1100130,Machadinho D'Oeste,RO,4228,402,216,166,13,5,12,3,1,7,3826
1100148,Nova Brasilândia D'Oeste,RO,3007,319,138,155,6,8,10,2,1,11,2688
1100155,Ouro Preto do Oeste,RO,2152,598,494,105,8,3,4,1,,2,1554
1100189,Pimenta Bueno,RO,1197,150,108,45,,2,,,,4,1047
1100205,Porto Velho,RO,5121,1231,1000,96,106,53,9,2,6,29,3890
1100254,Presidente Médici,RO,2105,603,536,74,16,3,4,2,,8,1502
1100262,Rio Crespo,RO,492,71,38,26,1,3,4,2,,1,421
1100288,Rolim de Moura,RO,2038,449,328,109,3,5,3,,,16,1589
1100296,Santa Luzia D'Oeste,RO,1023,271,193,80,2,5,3,,,6,752
1100304,Vilhena,RO,1579,423,321,85,7,8,2,1,1,13,1156
1100320,São Miguel do Guaporé,RO,2487,280,95,106,7,66,7,1,,9,2207
1100338,Nova Mamoré,RO,2115,225,161,28,7,36,1,,,5,1890
1100346,Alvorada D'Oeste,RO,1824,402,337,52,3,,8,,8,6,1422
1100379,Alto Alegre dos Parecis,RO,1974,363,279,82,4,2,,,5,8,1611
1100403,Alto Paraíso,RO,2617,215,145,73,3,2,1,,,6,2402
1100452,Buritis,RO,2830,237,182,49,2,2,4,1,,4,2593
1100502,Novo Horizonte do Oeste,RO,1347,378,231,183,9,2,1,,1,5,969
1100601,Cacaulândia,RO,894,306,227,49,25,,,2,,15,588
1100700,Campo Novo de Rondônia,RO,1918,117,80,22,3,2,5,3,1,20,1801
1100809,Candeias do Jamari,RO,1239,262,177,83,,,5,,,6,977
1100908,Castanheiras,RO,577,183,147,26,2,4,3,,,10,394
1100924,Chupinguaia,RO,1044,363,280,74,1,5,5,,,3,681
1100940,Cujubim,RO,1897,327,280,25,3,10,9,18,,5,1570
1101005,Governador Jorge Teixeira,RO,1673,314,297,13,,2,,,,2,1359
1101104,Itapuã do Oeste,RO,759,325,308,22,1,,3,,,3,434
1101203,Ministro Andreazza,RO,1182,190,133,23,24,39,17,,,2,992
1101302,Mirante da Serra,RO,1241,269,226,39,1,1,1,,,7,972
1101401,Monte Negro,RO,1554,317,274,35,9,1,,1,,3,1237
1101435,Nova União,RO,1382,407,373,36,,,1,,,1,975
1101450,Parecis,RO,642,174,155,15,,,,,,8,468
1101468,Pimenteiras do Oeste,RO,304,173,130,38,2,6,2,,,,131
1101476,Primavera de Rondônia,RO,401,156,138,17,,1,1,,,1,245
1101484,São Felipe D'Oeste,RO,797,262,222,31,10,9,3,,,2,535
1101492,São Francisco do Guaporé,RO,1950,213,99,86,6,19,9,1,,5,1737
1101500,Seringueiras,RO,1677,148,106,38,6,2,1,4,,8,1529
1101559,Teixeirópolis,RO,738,202,190,10,,,1,,,3,536
1101609,Theobroma,RO,2160,191,143,40,1,1,1,,1,6,1969
1101708,Urupá,RO,1622,207,168,18,10,,,1,,14,1415
1101757,Vale do Anari,RO,1702,324,275,29,2,2,2,,,24,1378
1101807,Vale do Paraíso,RO,942,133,123,10,,1,1,,,1,809
1200013,Acrelândia,AC,1450,121,95,24,1,,2,,1,3,1329
1200054,Assis Brasil,AC,517,84,80,,2,,,1,,1,433
1200104,Brasiléia,AC,2090,270,147,107,17,10,2,1,,4,1820
1200138,Bujari,AC,1402,170,149,21,,2,3,3,,,1232
1200179,Capixaba,AC,1289,67,34,32,1,1,,,,,1222
1200203,Cruzeiro do Sul,AC,3205,189,156,22,,,1,6,2,4,3016
1200252,Epitaciolândia,AC,1452,34,21,2,2,4,,1,4,2,1418
1200302,Feijó,AC,2950,507,464,287,2,,2,3,,71,2443
1200328,Jordão,AC,483,28,25,1,,,,,,2,455
1200336,Mâncio Lima,AC,1087,181,164,8,7,,1,1,1,5,906
1200344,Manoel Urbano,AC,645,25,18,7,,,,,,,620
1200351,Marechal Thaumaturgo,AC,1641,382,119,3,8,,,252,,2,1259
1200385,Plácido de Castro,AC,1344,115,74,41,3,2,,,,1,1229
1200393,Porto Walter,AC,1044,166,102,,18,,,1,49,,878
1200401,Rio Branco,AC,4105,443,279,116,34,1,2,,,47,3662
1200427,Rodrigues Alves,AC,1292,145,130,,3,,,12,,1,1147
1200435,Santa Rosa do Purus,AC,632,102,100,,,,,,,2,530
1200450,Senador Guiomard,AC,1444,218,76,131,9,1,1,1,,7,1226
1200500,Sena Madureira,AC,2672,105,40,58,,1,2,,2,5,2567
1200609,Tarauacá,AC,2876,186,157,23,5,1,1,,,3,2690
1200708,Xapuri,AC,1886,251,162,36,25,1,,33,12,10,1635
1200807,Porto Acre,AC,1579,437,305,34,5,90,2,,,4,1142
1300029,Alvarães,AM,989,151,140,3,1,,,2,,11,838
1300060,Amaturá,AM,538,73,73,1,,,,,,1,465
1300086,Anamã,AM,622,78,69,1,5,,,,,6,544
1300102,Anori,AM,748,98,87,1,,,,9,,2,650
1300144,Apuí,AM,1083,282,252,25,3,,1,14,,3,801
1300201,Atalaia do Norte,AM,1248,28,26,,,,1,,,1,1220
1300300,Autazes,AM,2554,207,121,51,15,,,,3,23,2347
1300409,Barcelos,AM,850,86,80,2,3,,,,,2,764
1300508,Barreirinha,AM,1578,60,44,17,,,,,,5,1518
1300607,Benjamin Constant,AM,1209,160,154,2,1,,1,1,1,3,1049
1300631,Beruri,AM,996,117,107,2,6,,,1,,1,879
1300680,Boa Vista do Ramos,AM,1087,58,41,9,2,,,,,6,1029
1300706,Boca do Acre,AM,2923,207,160,26,2,1,,1,,41,2716
1300805,Borba,AM,1730,231,202,22,,,1,1,,6,1499
1300839,Caapiranga,AM,177,13,12,,,,,,,1,164
1300904,Canutama,AM,817,80,41,27,1,2,,,,12,737
1301001,Carauari,AM,1202,56,47,3,4,,,,,2,1146
1301100,Careiro,AM,2290,213,182,25,,,1,2,1,9,2077
1301159,Careiro da Várzea,AM,1832,184,146,35,7,,,2,1,3,1648
1301209,Coari,AM,2171,125,98,3,4,10,,1,1,13,2046
1301308,Codajás,AM,1099,320,312,4,1,,,,,6,779
1301407,Eirunepé,AM,1046,338,331,3,,,,,,4,708
1301506,Envira,AM,1011,305,288,29,,,,25,1,43,706
1301605,Fonte Boa,AM,862,168,154,1,,,,,,18,694
1301654,Guajará,AM,948,86,8,76,1,,,,,3,862
1301704,Humaitá,AM,725,99,87,12,,,,,,4,626
1301803,Ipixuna,AM,1011,156,151,3,,,,,,4,855
1301852,Iranduba,AM,1399,415,350,60,2,5,5,1,,11,984
1301902,Itacoatiara,AM,2404,376,308,44,21,3,4,5,,20,2028
1301951,Itamarati,AM,577,135,133,1,,,,,,1,442
1302009,Itapiranga,AM,225,52,49,4,,,,,,,173
1302108,Japurá,AM,302,44,41,3,,,,,,1,258
1302207,Juruá,AM,731,7,6,1,,,,,,1,724
1302306,Jutaí,AM,1100,28,27,1,,,,,,,1072
1302405,Lábrea,AM,2122,176,124,37,12,,,3,,3,1946
1302504,Manacapuru,AM,2327,234,193,20,9,11,2,,2,6,2093
1302553,Manaquiri,AM,1279,208,198,4,5,,1,2,,1,1071
1302603,Manaus,AM,1931,499,348,130,11,1,3,4,8,19,1432
1302702,Manicoré,AM,2643,249,198,37,16,,,3,,9,2394
1302801,Maraã,AM,669,33,27,1,,,,3,,4,636
1302900,Maués,AM,1769,231,180,19,13,11,11,11,,10,1538
1303007,Nhamundá,AM,1314,55,41,11,4,,,,,,1259
1303106,Nova Olinda do Norte,AM,1392,289,233,23,,,,33,,1,1103
1303205,Novo Airão,AM,234,40,33,7,,,,,,,194
1303304,Novo Aripuanã,AM,1004,150,122,3,23,,,1,,20,854
1303403,Parintins,AM,2740,268,90,175,4,,1,,,28,2472
1303502,Pauini,AM,1331,255,254,1,,,,,,,1076
1303536,Presidente Figueiredo,AM,1769,391,327,57,5,8,9,1,1,4,1378
1303569,Rio Preto da Eva,AM,1004,439,373,67,1,,,,1,7,565
1303601,Santa Isabel do Rio Negro,AM,1077,21,15,6,,,,,,,1056
1303700,Santo Antônio do Içá,AM,754,33,30,1,2,,,,,,721
1303809,São Gabriel da Cachoeira,AM,3914,12,6,1,,,,2,,4,3902
1303908,São Paulo de Olivença,AM,857,57,48,1,10,,,3,,2,800
1303957,São Sebastião do Uatumã,AM,408,97,86,6,,,,14,,1,311
1304005,Silves,AM,502,59,53,5,2,2,,,,1,443
1304062,Tabatinga,AM,1844,205,203,2,,,,,,2,1639
1304104,Tapauá,AM,876,66,63,1,,,,,,3,810
1304203,Tefé,AM,1732,98,93,4,2,,,,,2,1634
1304237,Tonantins,AM,321,21,20,1,,,,,,,300
1304260,Uarini,AM,803,26,25,,,,,,,1,777
1304302,Urucará,AM,609,231,197,10,42,,2,,,5,378
1304401,Urucurituba,AM,531,55,44,6,1,,,,,5,476
1400027,Amajari,RR,1408,311,243,73,1,1,1,2,3,2,1097
1400050,Alto Alegre,RR,1163,100,24,53,7,1,2,,17,10,1063
1400100,Boa Vista,RR,1294,281,118,90,10,3,3,2,74,16,1013
1400159,Bonfim,RR,989,111,72,44,1,1,2,,3,7,878
1400175,Cantá,RR,2309,210,125,118,5,,1,,3,11,2099
1400209,Caracaraí,RR,1198,78,47,24,1,1,3,,4,3,1120
1400233,Caroebe,RR,941,126,89,37,,1,2,,,7,815
1400282,Iracema,RR,700,83,55,24,,,2,1,3,2,617
1400308,Mucajaí,RR,1040,174,124,45,5,,4,,2,9,866
1400407,Normandia,RR,982,160,151,9,,,1,,,1,822
1400456,Pacaraima,RR,350,172,169,2,2,,,,,1,178
1400472,Rorainópolis,RR,1919,224,133,88,2,5,4,1,1,6,1695
1400506,São João da Baliza,RR,514,88,62,24,2,3,1,,,,426
1400605,São Luiz do Anauá,RR,481,34,28,5,,,,,,1,447
1400704,Uiramutã,RR,1340,65,54,2,1,,,,,9,1275
1500107,Abaetetuba,PA,9403,623,583,8,12,7,6,15,,8,8780
1500131,Abel Figueiredo,PA,186,4,,3,,,,,,1,182
1500206,Acará,PA,6343,258,97,31,28,70,9,1,,37,6085
1500305,Afuá,PA,4052,62,35,2,20,,1,2,1,3,3990
1500347,Água Azul do Norte,PA,1599,103,24,71,2,3,2,1,,4,1496
1500404,Alenquer,PA,4773,319,22,230,10,1,,1,54,7,4454
1500503,Almeirim,PA,1011,253,229,10,3,1,1,,,11,758
1500602,Altamira,PA,3889,197,49,120,5,18,4,,,25,3692
1500701,Anajás,PA,1310,3,,1,1,,,,,1,1307
1500800,Ananindeua,PA,286,91,88,1,2,1,,,,1,195
1500859,Anapu,PA,2401,110,70,33,2,8,1,7,,5,2291
1500909,Augusto Corrêa,PA,3499,63,45,14,,,,,,8,3436
1500958,Aurora do Pará,PA,2283,42,19,14,4,1,,,1,8,2241
1501006,Aveiro,PA,1150,13,4,6,1,,,,,2,1137
1501105,Bagre,PA,1429,2,1,1,,,,,,,1427
1501204,Baião,PA,2820,118,43,37,7,,1,,4,30,2702
1501253,Bannach,PA,491,23,4,20,,,,,,,468
1501303,Barcarena,PA,3109,55,33,6,14,1,3,,,5,3054
1501402,Belém,PA,582,16,10,2,3,1,1,,,2,566
1501451,Belterra,PA,504,78,49,21,3,4,3,2,,4,426
1501501,Benevides,PA,203,19,12,6,,1,,1,1,,184
1501576,Bom Jesus do Tocantins,PA,1294,156,41,79,3,13,3,2,,19,1138
1501600,Bonito,PA,1077,67,42,24,,1,,,2,1,1010
1501709,Bragança,PA,4518,217,178,24,4,3,2,1,1,13,4301
1501725,Brasil Novo,PA,1855,146,82,34,15,7,1,,,16,1709
1501758,Brejo Grande do Araguaia,PA,583,44,18,23,1,2,1,,,3,539
1501782,Breu Branco,PA,2485,190,63,91,12,2,3,10,,12,2295
1501808,Breves,PA,4398,30,10,5,4,2,1,,,13,4368
1501907,Bujaru,PA,2954,106,68,14,11,4,4,,1,9,2848
1501956,Cachoeira do Piriá,PA,1889,34,11,6,8,,,,,9,1855
1502004,Cachoeira do Arari,PA,814,34,20,10,,,,,,6,780
1502103,Cametá,PA,12819,376,214,45,65,6,8,12,,36,12443
1502152,Canaã dos Carajás,PA,1148,156,69,41,12,46,4,2,,4,992
1502202,Capanema,PA,907,115,96,15,2,,1,,,4,792
1502301,Capitão Poço,PA,2402,318,267,41,5,,2,1,,9,2084
1502400,Castanhal,PA,1116,152,86,63,,2,,,,7,964
1502509,Chaves,PA,1510,189,163,27,2,,1,,,5,1321
1502608,Colares,PA,451,18,10,6,1,,,1,,1,433
1502707,Conceição do Araguaia,PA,3384,398,272,70,44,3,5,2,4,40,2986
1502756,Concórdia do Pará,PA,1182,87,12,55,6,2,3,,,13,1095
1502764,Cumaru do Norte,PA,787,56,19,35,,2,,1,,,731
1502772,Curionópolis,PA,295,109,29,62,5,10,2,,,2,186
1502806,Curralinho,PA,2917,24,9,,15,,,,1,1,2893
1502855,Curuá,PA,482,113,,112,,,1,,,4,369
1502905,Curuçá,PA,562,46,22,15,3,2,,,,8,516
1502939,Dom Eliseu,PA,567,148,23,72,12,23,7,,,19,419
1502954,Eldorado do Carajás,PA,2600,134,65,60,,,1,,,9,2466
1503002,Faro,PA,103,4,4,,,,,,,,99
1503044,Floresta do Araguaia,PA,1276,45,10,30,1,1,1,,,3,1231
1503077,Garrafão do Norte,PA,2164,53,24,16,16,2,,,2,1,2111
1503093,Goianésia do Pará,PA,1356,121,90,30,,,1,,,4,1235
1503101,Gurupá,PA,1346,73,53,11,4,,,2,,8,1273
1503200,Igarapé-Açu,PA,2117,145,59,79,5,2,1,,,6,1972
1503309,Igarapé-Miri,PA,3856,52,21,10,15,,,2,1,9,3804
1503408,Inhangapi,PA,534,158,136,18,,1,,,,3,376
1503457,Ipixuna do Pará,PA,2132,173,91,75,2,1,3,,1,9,1959
1503507,Irituia,PA,2352,142,61,33,21,20,8,,,9,2210
1503606,Itaituba,PA,1597,71,25,44,,,2,,,5,1526
1503705,Itupiranga,PA,3318,307,167,71,41,7,6,,,20,3011
1503754,Jacareacanga,PA,432,5,,3,,,,,,2,427
1503804,Jacundá,PA,728,28,7,14,3,,,,,4,700
1503903,Juruti,PA,1481,92,40,20,9,6,2,15,,4,1389
1504000,Limoeiro do Ajuru,PA,3813,161,153,2,5,,2,1,,,3652
1504059,Mãe do Rio,PA,801,49,34,8,3,,,,,4,752
1504109,Magalhães Barata,PA,441,36,25,7,3,,,,,1,405
1504208,Marabá,PA,5274,304,131,116,33,5,2,9,2,12,4970
1504307,Maracanã,PA,1749,40,21,14,2,1,,,,3,1709
1504406,Marapanim,PA,910,46,28,6,3,4,,1,2,6,864
1504422,Marituba,PA,50,6,5,1,,,,,,,44
1504455,Medicilândia,PA,3457,77,36,12,6,,1,,,24,3380
1504505,Melgaço,PA,1758,7,3,2,1,,,,,1,1751
1504604,Mocajuba,PA,1478,27,19,5,1,2,1,,1,,1451
1504703,Moju,PA,5770,383,109,83,7,161,16,,,16,5387
1504752,Mojuí dos Campos,PA,1574,94,34,28,3,14,9,1,,8,1480
1504802,Monte Alegre,PA,4163,155,99,42,6,,2,,,10,4008
1504901,Muaná,PA,2478,32,25,2,5,,,,,1,2446
1504950,Nova Esperança do Piriá,PA,1370,25,10,14,,,,,,1,1345
1504976,Nova Ipixuna,PA,1428,155,133,16,6,,1,,,,1273
1505007,Nova Timboteua,PA,901,58,34,26,2,,,1,,2,843
1505031,Novo Progresso,PA,1305,123,23,97,3,,1,,,1,1182
1505064,Novo Repartimento,PA,5420,333,80,64,83,14,14,59,,25,5087
1505106,Óbidos,PA,2746,74,26,42,,,1,2,,3,2672
1505205,Oeiras do Pará,PA,3707,60,34,13,3,,,1,,9,3647
1505304,Oriximiná,PA,2181,70,21,24,,1,2,16,,7,2111
1505403,Ourém,PA,1159,68,59,9,,1,,,,2,1091
1505437,Ourilândia do Norte,PA,1207,25,8,12,1,1,,,,3,1182
1505486,Pacajá,PA,4418,128,67,34,2,,10,,,17,4290
1505494,Palestina do Pará,PA,428,50,36,10,,,3,,,1,378
1505502,Paragominas,PA,1432,341,114,170,22,1,5,,,37,1091
1505536,Parauapebas,PA,1292,302,234,45,37,2,5,,,5,990
1505551,Pau D'Arco,PA,569,33,11,20,,1,,,,1,536
1505601,Peixe-Boi,PA,718,173,170,4,,,,,,,545
1505635,Piçarra,PA,1334,100,34,47,9,2,5,,,8,1234
1505650,Placas,PA,2719,143,100,20,20,,4,,,3,2576
1505700,Ponta de Pedras,PA,2840,132,70,47,6,1,2,,,9,2708
1505809,Portel,PA,2323,18,7,8,1,1,,,,1,2305
1505908,Porto de Moz,PA,1571,57,33,14,2,,1,4,,6,1514
1506005,Prainha,PA,1208,68,40,29,,1,,1,,,1140
1506104,Primavera,PA,388,30,27,3,5,,,,,,358
1506112,Quatipuru,PA,147,34,32,2,,,,,,,113
1506138,Redenção,PA,986,46,5,39,1,,4,,,1,940
1506161,Rio Maria,PA,1061,118,14,98,2,1,1,,,3,943
1506187,Rondon do Pará,PA,1850,245,60,186,3,6,4,,,35,1605
1506195,Rurópolis,PA,2658,73,46,20,5,,,1,1,2,2585
1506203,Salinópolis,PA,208,13,12,,1,,,,,,195
1506302,Salvaterra,PA,304,37,32,4,2,,,,,1,267
1506351,Santa Bárbara do Pará,PA,443,110,107,1,1,1,,,,1,333
1506401,Santa Cruz do Arari,PA,175,3,,3,,,,,,,172
1506500,Santa Izabel do Pará,PA,1153,224,139,56,3,26,1,1,2,12,929
1506559,Santa Luzia do Pará,PA,1038,29,12,10,1,3,1,,2,2,1009
1506583,Santa Maria das Barreiras,PA,2788,165,47,102,9,1,1,,,6,2623
1506609,Santa Maria do Pará,PA,1217,121,71,15,2,,,1,9,23,1096
1506708,Santana do Araguaia,PA,2047,77,7,57,4,4,5,,,6,1970
1506807,Santarém,PA,7254,591,427,44,31,15,12,46,2,39,6663
1506906,Santarém Novo,PA,232,41,23,7,1,,,,,10,191
1507003,Santo Antônio do Tauá,PA,865,181,145,29,4,4,2,1,,5,684
1507102,São Caetano de Odivelas,PA,579,89,68,12,1,2,,,1,8,490
1507151,São Domingos do Araguaia,PA,1013,54,32,16,,,3,2,1,2,959
1507201,São Domingos do Capim,PA,3146,191,74,12,18,62,23,,,10,2955
1507300,São Félix do Xingu,PA,6339,271,43,129,12,13,13,7,1,63,6068
1507409,São Francisco do Pará,PA,686,108,81,25,,5,,,,,578
1507458,São Geraldo do Araguaia,PA,1206,108,49,41,11,,2,,,5,1098
1507466,São João da Ponta,PA,181,15,9,5,,,,,,1,166
1507474,São João de Pirabas,PA,516,43,33,7,1,1,,1,,3,473
1507508,São João do Araguaia,PA,1219,90,45,20,7,2,,1,,16,1129
1507607,São Miguel do Guamá,PA,2250,133,104,25,6,,,,,2,2117
1507706,São Sebastião da Boa Vista,PA,2364,50,39,3,5,1,,,,4,2314
1507755,Sapucaia,PA,236,6,5,1,,,,,,,230
1507805,Senador José Porfírio,PA,2224,58,27,18,,4,5,6,,6,2166
1507904,Soure,PA,111,57,26,31,,,,,,,54
1507953,Tailândia,PA,937,187,57,87,4,48,5,,1,26,750
1507961,Terra Alta,PA,104,2,1,,1,,,,,,102
1507979,Terra Santa,PA,572,18,11,1,2,1,,,,3,554
1508001,Tomé-Açu,PA,3050,294,81,49,119,41,14,3,4,24,2756
1508035,Tracuateua,PA,3064,71,43,12,3,,1,2,1,16,2993
1508050,Trairão,PA,726,3,2,,,,,,,1,723
1508084,Tucumã,PA,1869,112,18,44,43,1,,,2,6,1757
1508100,Tucuruí,PA,1392,115,17,39,,,46,,1,15,1277
1508126,Ulianópolis,PA,1246,383,49,336,4,3,2,,1,1,863
1508159,Uruará,PA,3992,230,152,60,14,2,4,1,,6,3762
1508209,Vigia,PA,913,50,33,8,2,6,1,,,1,863
1508308,Viseu,PA,3788,246,189,31,13,,,2,19,10,3542
1508357,Vitória do Xingu,PA,1029,136,78,51,,1,6,,,1,893
1508407,Xinguara,PA,904,115,15,87,2,2,,,,11,789
1600055,Serra do Navio,AP,114,1,,,,,,,,1,113
1600105,Amapá,AP,223,9,8,1,,,,,,,214
1600154,Pedra Branca do Amapari,AP,594,89,83,6,2,,,,,,505
1600204,Calçoene,AP,211,37,35,1,1,,,,,,174
1600212,Cutias,AP,182,71,68,3,,,1,,,,111
1600238,Ferreira Gomes,AP,225,25,16,6,1,1,1,,1,,200
1600253,Itaubal,AP,208,9,6,2,,,2,,,,199
1600279,Laranjal do Jari,AP,405,77,65,4,1,7,1,,,1,328
1600303,Macapá,AP,1818,402,372,20,2,,3,,25,7,1416
1600402,Mazagão,AP,1115,190,166,30,1,,,1,5,5,925
1600501,Oiapoque,AP,1117,25,23,4,,,,,,,1092
1600535,Porto Grande,AP,739,117,88,14,5,,2,,11,9,622
1600550,Pracuúba,AP,145,25,21,3,,,,,1,,120
1600600,Santana,AP,638,102,84,19,1,,,,,2,536
1600709,Tartarugalzinho,AP,325,75,53,18,,,1,,2,9,250
1600808,Vitória do Jari,AP,257,26,25,1,,,1,,,,231
1700251,Abreulândia,TO,388,77,42,16,,16,1,,,4,311
1700301,Aguiarnópolis,TO,169,25,13,6,,6,,,,,144
1700350,Aliança do Tocantins,TO,328,142,25,116,,,2,,1,1,186
1700400,Almas,TO,353,62,38,20,,2,,,,2,291
1700707,Alvorada,TO,163,24,5,19,,,,,,,139
1701002,Ananás,TO,373,17,4,9,2,1,1,,,,356
1701051,Angico,TO,158,31,25,8,1,,1,1,,,127
1701101,Aparecida do Rio Negro,TO,278,66,46,20,,,1,,,,212
1701309,Aragominas,TO,670,45,17,14,3,2,,,9,1,625
1701903,Araguacema,TO,959,62,33,15,2,2,8,,,3,897
1702000,Araguaçu,TO,946,239,121,111,3,1,1,,,5,707
1702109,Araguaína,TO,1055,188,79,47,4,15,16,,16,21,867
1702158,Araguanã,TO,144,24,13,14,,,,,,2,120
1702208,Araguatins,TO,2113,266,164,63,2,,,3,60,11,1847
1702307,Arapoema,TO,245,100,60,36,1,1,1,,,3,145
1702406,Arraias,TO,859,82,49,32,,,,,,5,777
1702554,Augustinópolis,TO,419,68,40,10,,,1,,18,2,351
1702703,Aurora do Tocantins,TO,204,18,10,8,,,,,,1,186
1702901,Axixá do Tocantins,TO,150,20,12,4,,,,,5,,130
1703008,Babaçulândia,TO,1030,50,18,30,,1,1,,,1,980
1703057,Bandeirantes do Tocantins,TO,184,62,31,30,,1,,,,,122
1703073,Barra do Ouro,TO,250,23,,21,,1,,,,1,227
1703107,Barrolândia,TO,240,68,57,12,,,2,,6,,172
1703206,Bernardo Sayão,TO,577,28,10,13,1,5,,,,1,549
1703305,Bom Jesus do Tocantins,TO,243,55,26,16,14,1,,,,2,188
1703602,Brasilândia do Tocantins,TO,123,16,8,8,,,,,,,107
1703701,Brejinho de Nazaré,TO,408,133,71,52,1,10,2,,,1,275
1703800,Buriti do Tocantins,TO,207,51,45,4,,,1,,2,2,156
1703826,Cachoeirinha,TO,201,130,2,125,1,,1,,1,58,71
1703842,Campos Lindos,TO,655,79,19,39,,28,20,,,3,576
1703867,Cariri do Tocantins,TO,374,192,158,34,,,2,1,4,2,182
1703883,Carmolândia,TO,94,30,18,9,,3,,,,,64
1703891,Carrasco Bonito,TO,158,6,1,5,,,,,1,,152
1703909,Caseara,TO,461,21,11,6,2,1,1,,,2,440
1704105,Centenário,TO,339,11,2,9,,,,,,,328
1704600,Chapada de Areia,TO,218,38,29,11,,1,,,1,,180
1705102,Chapada da Natividade,TO,396,70,48,21,,,1,,,,326
1705508,Colinas do Tocantins,TO,322,36,6,31,,,1,,,,286
1705557,Combinado,TO,188,56,54,2,,,,,,,132
1705607,Conceição do Tocantins,TO,340,18,13,4,,,,,,1,322
1706001,Couto Magalhães,TO,741,177,149,24,66,1,6,,,2,564
1706100,Cristalândia,TO,483,224,150,93,,1,3,,4,7,259
1706258,Crixás do Tocantins,TO,170,47,26,17,,5,1,,,3,123
1706506,Darcinópolis,TO,293,35,18,14,,2,3,,,1,258
1707009,Dianópolis,TO,453,135,62,3,1,,3,,,69,318
1707108,Divinópolis do Tocantins,TO,722,34,12,15,2,1,1,,2,2,688
1707207,Dois Irmãos do Tocantins,TO,1157,14,1,11,,,1,,,1,1143
1707306,Dueré,TO,488,77,9,65,,,1,,2,2,411
1707405,Esperantina,TO,459,25,21,3,,,,,1,,434
1707553,Fátima,TO,215,25,19,6,,,,,,,190
1707652,Figueirópolis,TO,449,46,7,39,,,,,,,403
1707702,Filadélfia,TO,683,35,16,19,,,,,,1,648
1708205,Formoso do Araguaia,TO,1097,227,125,101,7,1,1,,,,870
1708254,Tabocão,TO,106,16,,13,1,2,2,,,,90
1708304,Goianorte,TO,698,27,6,14,2,2,,,,3,671
1709005,Goiatins,TO,908,60,16,40,1,,,2,,3,848
1709302,Guaraí,TO,669,134,68,55,7,3,4,1,1,,535
1709500,Gurupi,TO,626,210,94,112,2,2,3,,,4,416
1709807,Ipueiras,TO,171,11,1,2,,8,,,,,160
1710508,Itacajá,TO,547,45,18,11,3,4,1,,1,11,502
1710706,Itaguatins,TO,444,32,15,7,4,,2,,2,3,412
1710904,Itapiratins,TO,469,12,1,9,,1,1,,,,457
1711100,Itaporã do Tocantins,TO,283,28,10,16,,,2,,,,255
1711506,Jaú do Tocantins,TO,624,51,33,18,,,,,,1,573
1711803,Juarina,TO,313,6,2,3,,,1,,,,307
1711902,Lagoa da Confusão,TO,480,86,18,70,,2,2,,,5,394
1711951,Lagoa do Tocantins,TO,395,128,114,7,,,,,,9,267
1712009,Lajeado,TO,119,34,27,9,,,,,,,85
1712157,Lavandeira,TO,181,3,1,2,,,,,,,178
1712405,Lizarda,TO,535,5,1,2,,,1,,,1,530
1712454,Luzinópolis,TO,215,116,108,17,,1,,,,8,99
1712504,Marianópolis do Tocantins,TO,670,108,91,12,2,2,1,,1,3,562
1712702,Mateiros,TO,207,13,1,11,,1,2,,,,194
1712801,Maurilândia do Tocantins,TO,304,14,8,3,,1,1,,,2,290
1713205,Miracema do Tocantins,TO,783,193,107,85,5,5,3,,1,1,590
1713304,Miranorte,TO,504,67,32,41,3,,,,,2,437
1713601,Monte do Carmo,TO,831,53,13,30,,2,4,,,7,778
1713700,Monte Santo do Tocantins,TO,389,7,1,5,,2,,,,1,382
1713809,Palmeiras do Tocantins,TO,546,33,15,11,,4,4,,,2,513
1713957,Muricilândia,TO,246,36,11,14,,8,1,,,3,210
1714203,Natividade,TO,357,53,31,18,5,,,,,2,304
1714302,Nazaré,TO,187,50,14,31,2,2,,,,2,137
1714880,Nova Olinda,TO,713,61,45,12,3,1,,,1,1,652
1715002,Nova Rosalândia,TO,299,17,1,13,,,,,3,,282
1715101,Novo Acordo,TO,197,21,6,11,1,,2,,1,1,176
1715150,Novo Alegre,TO,107,17,11,5,,,,,,1,90
1715259,Novo Jardim,TO,167,41,32,12,,,1,,,3,126
1715507,Oliveira de Fátima,TO,82,,,,,,,,,,82
1715705,Palmeirante,TO,724,71,49,18,1,,2,,1,2,653
1715754,Palmeirópolis,TO,570,42,19,24,,,,,,,528
1716109,Paraíso do Tocantins,TO,619,58,25,24,,3,1,,4,2,561
1716208,Paranã,TO,1469,99,28,70,,,,,2,3,1370
1716307,Pau D'Arco,TO,421,75,56,15,4,1,,1,,1,346
1716505,Pedro Afonso,TO,376,44,8,21,20,1,2,,,2,332
1716604,Peixe,TO,889,184,76,98,,3,1,,1,11,705
1716653,Pequizeiro,TO,782,11,3,6,,,,,,2,771
1716703,Colméia,TO,684,31,11,13,1,1,1,,,4,653
1717008,Pindorama do Tocantins,TO,791,6,1,5,,,,,,,785
1717206,Piraquê,TO,428,61,31,24,4,,1,1,3,2,367
1717503,Pium,TO,598,108,35,65,5,2,,1,,3,490
1717800,Ponte Alta do Bom Jesus,TO,370,27,19,8,,,,,,,343
1717909,Ponte Alta do Tocantins,TO,767,56,42,11,1,,,,,2,711
1718006,Porto Alegre do Tocantins,TO,146,10,1,4,2,,3,,,,136
1718204,Porto Nacional,TO,1671,415,282,127,1,,8,,7,3,1256
1718303,Praia Norte,TO,179,26,3,4,,,1,,18,,153
1718402,Presidente Kennedy,TO,165,12,1,11,,,,,,,153
1718451,Pugmil,TO,159,10,3,3,,,,,1,3,149
1718501,Recursolândia,TO,403,11,5,5,1,,,,,,392
1718550,Riachinho,TO,482,10,3,3,2,2,,,,,472
1718659,Rio da Conceição,TO,26,7,4,3,,,1,,,,19
1718709,Rio dos Bois,TO,375,22,2,16,,4,,,,,353
1718758,Rio Sono,TO,1197,24,11,8,3,,3,,1,,1173
1718808,Sampaio,TO,329,26,7,1,,,1,,16,1,303
1718840,Sandolândia,TO,413,40,16,16,1,2,4,,,2,373
1718865,Santa Fé do Araguaia,TO,314,45,9,32,4,2,,,,3,269
1718881,Santa Maria do Tocantins,TO,412,25,12,12,1,,,,,2,387
1718899,Santa Rita do Tocantins,TO,460,13,1,11,,1,,,,,447
1718907,Santa Rosa do Tocantins,TO,540,114,46,28,,11,1,,30,2,426
1719004,Santa Tereza do Tocantins,TO,287,12,7,4,,,,1,1,,275
1720002,Santa Terezinha do Tocantins,TO,126,15,8,5,,,,,,2,111
1720101,São Bento do Tocantins,TO,399,51,36,14,2,,,,,1,348
1720150,São Félix do Tocantins,TO,134,18,18,,1,,,,,,116
1720200,São Miguel do Tocantins,TO,250,29,18,5,2,,1,,,3,221
1720259,São Salvador do Tocantins,TO,305,24,22,3,,,,,,,281
1720309,São Sebastião do Tocantins,TO,275,36,32,5,,,,,,1,239
1720499,São Valério,TO,472,89,25,62,,1,1,,,1,383
1720655,Silvanópolis,TO,366,68,25,34,,10,,,,,298
1720804,Sítio Novo do Tocantins,TO,316,60,39,13,,,,,4,4,256
1720853,Sucupira,TO,144,41,13,21,1,5,2,,,1,103
1720903,Taguatinga,TO,764,183,41,149,,,,,,1,581
1720937,Taipas do Tocantins,TO,95,6,1,3,,,,,,2,89
1720978,Talismã,TO,326,118,71,49,1,1,2,,,4,208
1721000,Palmas,TO,1222,445,367,44,2,1,6,,36,35,777
1721109,Tocantínia,TO,459,81,72,12,1,,,,,1,378
1721208,Tocantinópolis,TO,220,53,34,18,,2,2,,,1,167
1721257,Tupirama,TO,141,23,2,16,2,,,,,4,118
1721307,Tupiratins,TO,271,19,14,2,,1,,,,2,252
1722081,Wanderlândia,TO,483,38,11,24,,1,3,,1,2,445
1722107,Xambioá,TO,461,93,53,28,3,4,2,,,5,368
2100055,Açailândia,MA,1614,279,56,133,7,61,10,7,3,26,1335
2100105,Afonso Cunha,MA,279,1,,1,,,,,,,278
2100154,Água Doce do Maranhão,MA,788,7,2,2,,,,,,3,781
2100204,Alcântara,MA,1542,49,30,10,4,,,,,6,1493
2100303,Aldeias Altas,MA,1132,11,7,3,,1,,,,1,1121
2100402,Altamira do Maranhão,MA,389,19,4,15,,,,,,,370
2100436,Alto Alegre do Maranhão,MA,201,24,13,5,2,,2,,1,3,177
2100477,Alto Alegre do Pindaré,MA,709,16,4,10,,1,,,,1,693
2100501,Alto Parnaíba,MA,447,21,4,16,,,1,,,2,426
2100550,Amapá do Maranhão,MA,195,2,2,,,,,,,,193
2100600,Amarante do Maranhão,MA,2302,96,49,43,,,,1,,4,2206
2100709,Anajatuba,MA,1598,34,22,1,4,2,,,1,5,1564
2100808,Anapurus,MA,1111,22,2,10,,6,1,,1,3,1089
2100832,Apicum-Açu,MA,170,8,4,,,,,,2,2,162
2100873,Araguanã,MA,512,28,14,7,,,,,1,6,484
2100907,Araioses,MA,2261,50,29,14,,1,,,,9,2211
2100956,Arame,MA,1399,16,4,10,,1,,,,1,1383
2101004,Arari,MA,1189,84,46,30,2,4,1,,,2,1105
2101103,Axixá,MA,690,12,6,1,,,,,2,3,678
2101202,Bacabal,MA,1514,132,37,70,5,3,1,2,12,8,1382
2101251,Bacabeira,MA,155,14,6,7,1,,,,,,141
2101301,Bacuri,MA,432,18,9,4,,,1,,,4,414
2101350,Bacurituba,MA,373,13,6,2,,,1,,,4,360
2101400,Balsas,MA,1486,220,52,141,3,31,7,,6,8,1266
2101509,Barão de Grajaú,MA,717,85,70,17,1,,,,,1,632
2101608,Barra do Corda,MA,2443,103,52,41,3,,3,1,,6,2340
2101707,Barreirinhas,MA,2454,105,61,18,8,1,3,,1,18,2349
2101731,Belágua,MA,892,3,2,,,,,1,,,889
2101772,Bela Vista do Maranhão,MA,125,14,4,10,,,,,,,111
2101806,Benedito Leite,MA,363,16,3,7,,1,3,1,,1,347
2101905,Bequimão,MA,1746,38,18,5,2,1,,,1,13,1708
2101939,Bernardo do Mearim,MA,240,35,17,21,,,,,,,205
2101970,Boa Vista do Gurupi,MA,185,11,7,4,,,,,,,174
2102002,Bom Jardim,MA,931,38,9,21,1,2,,,,5,893
2102036,Bom Jesus das Selvas,MA,781,39,6,30,1,1,1,,,4,742
2102077,Bom Lugar,MA,721,27,14,12,1,,,,,,694
2102101,Brejo,MA,2219,67,33,26,1,,2,1,,9,2152
2102150,Brejo de Areia,MA,657,16,2,8,,,1,,,5,641
2102200,Buriti,MA,2144,45,14,12,2,16,,,,1,2099
2102309,Buriti Bravo,MA,846,58,47,6,7,,,,,2,788
2102325,Buriticupu,MA,827,31,9,19,1,1,,,,2,796
2102358,Buritirana,MA,573,89,50,34,1,1,,,,6,484
2102374,Cachoeira Grande,MA,903,38,5,1,,,,30,1,1,865
2102408,Cajapió,MA,781,,,,,,,,,,781
2102507,Cajari,MA,1154,84,66,12,1,,,,3,3,1070
2102556,Campestre do Maranhão,MA,207,31,12,15,,1,2,,,3,176
2102606,Cândido Mendes,MA,409,6,2,2,1,,,,1,,403
2102705,Cantanhede,MA,938,45,28,9,5,,,,1,5,893
2102754,Capinzal do Norte,MA,504,28,15,12,,,,2,2,,476
2102804,Carolina,MA,1244,90,16,60,6,4,2,,,8,1154
2102903,Carutapera,MA,379,7,3,3,,,,,,1,372
2103000,Caxias,MA,3836,133,82,32,5,,3,,,12,3703
2103109,Cedral,MA,401,1,,1,,,,,,,400
2103125,Central do Maranhão,MA,367,1,1,,,,,,,,366
2103158,Centro do Guilherme,MA,351,2,1,,,,,,,1,349
2103174,Centro Novo do Maranhão,MA,513,11,3,7,1,,,,,1,502
2103208,Chapadinha,MA,4301,75,44,18,6,1,,,4,4,4226
2103257,Cidelândia,MA,812,104,7,23,,70,1,,,7,708
2103307,Codó,MA,4757,70,46,11,,1,1,,,11,4687
2103406,Coelho Neto,MA,972,30,18,3,2,,,,,7,942
2103505,Colinas,MA,1134,46,26,15,,,,,,5,1088
2103554,Conceição do Lago-Açu,MA,386,14,9,5,,,,,,,372
2103604,Coroatá,MA,2784,42,18,16,,,1,,1,6,2742
2103703,Cururupu,MA,428,17,10,2,3,,,,,3,411
2103752,Davinópolis,MA,210,56,14,11,,,,,1,30,154
2103802,Dom Pedro,MA,309,26,9,16,,,,,,1,283
2103901,Duque Bacelar,MA,263,25,19,2,3,,1,,,1,238
2104008,Esperantinópolis,MA,818,19,3,9,3,1,,1,2,,799
2104057,Estreito,MA,1327,56,13,39,,2,1,,1,2,1271
2104073,Feira Nova do Maranhão,MA,1008,38,8,25,,2,,,,3,970
2104081,Fernando Falcão,MA,751,6,2,4,,,,,,,745
2104099,Formosa da Serra Negra,MA,1944,38,7,29,,,,,,2,1906
2104107,Fortaleza dos Nogueiras,MA,1083,62,20,36,1,1,,,,8,1021
2104206,Fortuna,MA,311,19,14,5,3,,,2,,1,292
2104305,Godofredo Viana,MA,223,8,7,1,,,3,,,,215
2104404,Gonçalves Dias,MA,512,18,2,16,,,,,,,494
2104503,Governador Archer,MA,184,12,2,10,,,,,,2,172
2104552,Governador Edison Lobão,MA,307,40,11,30,,,,,,,267
2104602,Governador Eugênio Barros,MA,1012,17,5,9,1,,,,,3,995
2104628,Governador Luiz Rocha,MA,179,12,4,8,,,,,,1,167
2104651,Governador Newton Bello,MA,252,23,4,18,,,,,,1,229
2104677,Governador Nunes Freire,MA,523,21,9,9,1,,,,1,1,502
2104701,Graça Aranha,MA,333,13,9,6,,,,,,,320
2104800,Grajaú,MA,3209,177,55,100,13,5,9,,,16,3032
2104909,Guimarães,MA,444,11,8,1,1,,,,,1,433
2105005,Humberto de Campos,MA,819,8,3,4,,,,,,2,811
2105104,Icatu,MA,1424,9,4,2,1,,,2,,,1415
2105153,Igarapé do Meio,MA,306,31,21,5,,,,,,5,275
2105203,Igarapé Grande,MA,330,29,19,5,,3,1,,,1,301
2105302,Imperatriz,MA,600,153,23,48,1,64,5,,4,13,447
2105351,Itaipava do Grajaú,MA,798,14,7,5,3,,,,,,784
2105401,Itapecuru Mirim,MA,2055,67,42,17,1,,2,,,6,1988
2105427,Itinga do Maranhão,MA,640,63,2,46,,2,1,,2,16,577
2105450,Jatobá,MA,492,13,3,7,,,,,,3,479
2105476,Jenipapo dos Vieiras,MA,928,26,12,6,2,1,,,2,3,902
2105500,João Lisboa,MA,679,150,95,40,2,1,,,2,13,529
2105609,Joselândia,MA,799,7,2,3,,,,2,,,792
2105658,Junco do Maranhão,MA,195,3,,2,1,,,,,,192
2105708,Lago da Pedra,MA,938,21,8,11,,,,1,,1,917
2105807,Lago do Junco,MA,581,32,13,9,4,,,2,,4,549
2105906,Lago Verde,MA,536,64,32,17,2,,3,5,2,6,472
2105922,Lagoa do Mato,MA,988,22,12,9,,,1,,,2,966
2105948,Lago dos Rodrigues,MA,469,38,25,4,3,,1,4,,2,431
2105963,Lagoa Grande do Maranhão,MA,569,4,1,2,,1,,,,,565
2105989,Lajeado Novo,MA,691,11,,8,,1,1,,,1,680
2106003,Lima Campos,MA,655,26,21,6,2,,,,,,629
2106102,Loreto,MA,573,65,23,25,4,6,3,,3,2,508
2106201,Luís Domingues,MA,263,7,4,2,,,1,,,,256
2106300,Magalhães de Almeida,MA,848,60,52,4,,,,,,4,788
2106326,Maracaçumé,MA,191,5,,5,,,,,,,186
2106359,Marajá do Sena,MA,381,10,2,4,2,,,,,2,371
2106375,Maranhãozinho,MA,419,28,16,10,2,,,,,1,391
2106409,Mata Roma,MA,1074,11,4,4,,,,,1,2,1063
2106508,Matinha,MA,1937,112,88,12,21,,2,,,2,1825
2106607,Matões,MA,2114,81,60,16,,,4,,,1,2033
2106631,Matões do Norte,MA,418,17,9,7,,,1,,,,401
2106672,Milagres do Maranhão,MA,1169,22,9,12,,,,,,1,1147
2106706,Mirador,MA,1292,16,2,14,,,,,,1,1276
2106755,Miranda do Norte,MA,87,11,7,4,,,,,,,76
2106805,Mirinzal,MA,705,15,10,2,2,,,,,1,690
2106904,Monção,MA,760,40,22,10,3,,,,1,4,720
2107001,Montes Altos,MA,716,36,4,26,,,,,,6,680
2107100,Morros,MA,1262,47,43,,,,,1,1,3,1215
2107209,Nina Rodrigues,MA,564,21,15,3,1,1,2,,,3,543
2107258,Nova Colinas,MA,343,32,5,27,,,,,,,311
2107308,Nova Iorque,MA,138,10,3,7,,,,,,,128
2107357,Nova Olinda do Maranhão,MA,730,27,9,9,2,,1,,,6,703
2107407,Olho d'Água das Cunhãs,MA,420,22,4,16,,,,,,2,398
2107456,Olinda Nova do Maranhão,MA,1040,18,7,5,4,,,,,2,1022
2107506,Paço do Lumiar,MA,919,56,18,17,19,,1,,,4,863
2107605,Palmeirândia,MA,1913,57,38,12,,,,,,7,1856
2107704,Paraibano,MA,561,30,19,6,1,1,,1,,2,531
2107803,Parnarama,MA,1755,106,60,32,,1,4,1,,14,1649
2107902,Passagem Franca,MA,1127,16,4,10,,1,,,,1,1111
2108009,Pastos Bons,MA,660,63,31,15,1,,,,12,6,597
2108058,Paulino Neves,MA,945,34,6,8,8,,,,,17,911
2108108,Paulo Ramos,MA,687,28,3,24,1,1,,,,1,659
2108207,Pedreiras,MA,542,25,23,1,,,,,,1,517
2108256,Pedro do Rosário,MA,3085,44,14,11,,,1,,2,17,3041
2108306,Penalva,MA,1722,44,30,12,,,1,,,1,1678
2108405,Peri Mirim,MA,606,6,4,2,,,,,,,600
2108454,Peritoró,MA,819,53,36,11,1,2,1,,,5,766
2108504,Pindaré-Mirim,MA,209,33,20,8,1,,,,2,2,176
2108603,Pinheiro,MA,2035,74,48,16,3,,1,,2,4,1961
2108702,Pio XII,MA,634,14,,13,,,,,,1,620
2108801,Pirapemas,MA,578,16,8,4,3,,,,,2,562
2108900,Poção de Pedras,MA,1210,71,47,12,2,,,,11,1,1139
2109007,Porto Franco,MA,953,81,23,50,2,3,4,,4,3,872
2109056,Porto Rico do Maranhão,MA,283,2,,2,,,,,,,281
2109106,Presidente Dutra,MA,892,86,41,41,3,,,,2,2,806
2109205,Presidente Juscelino,MA,780,26,19,4,1,,,2,,,754
2109239,Presidente Médici,MA,161,4,,1,1,,,,,2,157
2109270,Presidente Sarney,MA,1413,21,12,1,5,,,,,3,1392
2109304,Presidente Vargas,MA,615,28,26,1,,,,,,1,587
2109403,Primeira Cruz,MA,420,31,28,2,,,,,,1,389
2109452,Raposa,MA,240,25,18,2,1,,1,1,1,1,215
2109502,Riachão,MA,1513,113,20,75,1,13,1,,5,8,1400
2109551,Ribamar Fiquene,MA,423,46,3,35,,3,5,,,3,377
2109601,Rosário,MA,484,50,24,10,,,1,11,1,3,434
2109700,Sambaíba,MA,492,33,,20,2,5,1,,3,3,459
2109759,Santa Filomena do Maranhão,MA,331,20,12,8,,,,,,,311
2109809,Santa Helena,MA,1250,29,15,11,,,1,1,,4,1221
2109908,Santa Inês,MA,273,27,3,22,,1,,,,1,246
2110005,Santa Luzia,MA,1867,55,11,32,,4,4,,,5,1812
2110039,Santa Luzia do Paruá,MA,778,36,14,15,2,,1,,,5,742
2110104,Santa Quitéria do Maranhão,MA,1285,16,6,8,,,,,,2,1269
2110203,Santa Rita,MA,1582,101,43,26,3,1,1,,12,18,1481
2110237,Santana do Maranhão,MA,814,15,15,,,,,,,,799
2110278,Santo Amaro do Maranhão,MA,670,27,26,1,,,,,,,643
2110302,Santo Antônio dos Lopes,MA,1197,49,18,9,3,,,15,,7,1148
2110401,São Benedito do Rio Preto,MA,1347,9,1,7,,,,,,1,1338
2110500,São Bento,MA,1184,4,1,1,,,,,,2,1180
2110609,São Bernardo,MA,1504,33,20,10,,,,,,3,1471
2110658,São Domingos do Azeitão,MA,239,17,2,12,,2,3,,,,222
2110708,São Domingos do Maranhão,MA,1218,80,41,26,,1,2,1,5,5,1138
2110807,São Félix de Balsas,MA,578,74,51,19,2,,,,,4,504
2110856,São Francisco do Brejão,MA,503,85,35,20,,,10,,13,11,418
2110906,São Francisco do Maranhão,MA,624,43,27,7,4,,,,,5,581
2111003,São João Batista,MA,2308,23,12,4,2,1,1,,1,3,2285
2111029,São João do Carú,MA,320,14,8,5,1,,,,,,306
2111052,São João do Paraíso,MA,1058,65,18,43,3,1,2,,,3,993
2111078,São João do Soter,MA,713,60,42,15,1,,,,,3,653
2111102,São João dos Patos,MA,505,59,33,15,1,2,2,,,7,446
2111201,São José de Ribamar,MA,958,112,86,16,7,5,,,,3,846
2111250,São José dos Basílios,MA,305,6,4,2,,,,,3,,299
2111300,São Luís,MA,814,110,83,14,4,1,,,5,7,704
2111409,São Luís Gonzaga do Maranhão,MA,1341,67,23,30,3,,2,9,,4,1274
2111508,São Mateus do Maranhão,MA,533,50,33,9,,1,3,,1,6,483
2111532,São Pedro da Água Branca,MA,221,22,6,12,,3,,,1,1,199
2111573,São Pedro dos Crentes,MA,519,6,,4,,,,,,2,513
2111607,São Raimundo das Mangabeiras,MA,589,49,10,22,9,3,2,,3,5,540
2111631,São Raimundo do Doca Bezerra,MA,517,17,6,1,6,,,,,4,500
2111672,São Roberto,MA,250,11,10,1,,,,,,,239
2111706,São Vicente Ferrer,MA,2003,8,3,5,,,,,,,1995
2111722,Satubinha,MA,406,11,5,6,,,,,,,395
2111748,Senador Alexandre Costa,MA,228,38,19,20,,,,,,,190
2111763,Senador La Rocque,MA,496,67,33,32,,,1,,2,1,429
2111789,Serrano do Maranhão,MA,494,13,11,1,2,1,,,,,481
2111805,Sítio Novo,MA,2026,78,40,18,6,5,4,,,5,1948
2111904,Sucupira do Norte,MA,679,19,10,6,,1,,,,2,660
2111953,Sucupira do Riachão,MA,193,8,3,4,,1,,,,,185
2112001,Tasso Fragoso,MA,378,34,1,32,,1,,,,,344
2112100,Timbiras,MA,1370,41,31,2,5,2,,,,2,1329
2112209,Timon,MA,2535,221,139,46,6,1,3,2,,47,2314
2112233,Trizidela do Vale,MA,325,27,13,4,1,,,,9,,298
2112274,Tufilândia,MA,129,23,19,3,,1,1,,,,106
2112308,Tuntum,MA,1507,136,92,32,4,1,,1,1,7,1371
2112407,Turiaçu,MA,1883,7,4,2,,,,,,1,1876
2112456,Turilândia,MA,682,31,8,16,4,,,,,3,651
2112506,Tutóia,MA,2382,42,18,2,1,,,,,22,2340
2112605,Urbano Santos,MA,2940,48,35,13,,,3,,,,2892
2112704,Vargem Grande,MA,1734,43,16,9,1,3,1,1,,13,1691
2112803,Viana,MA,2546,67,30,18,1,,,,7,11,2479
2112852,Vila Nova dos Martírios,MA,632,42,7,26,2,3,1,,2,3,590
2112902,Vitória do Mearim,MA,1081,72,40,20,4,1,4,,2,4,1009
2113009,Vitorino Freire,MA,876,60,12,39,2,5,,,,4,816
2114007,Zé Doca,MA,829,39,10,19,3,1,1,,,7,790
2200053,Acauã,PI,1734,113,76,6,16,,2,1,2,15,1621
2200103,Agricolândia,PI,261,24,17,5,,,,,,4,237
2200202,Água Branca,PI,432,44,36,11,,,,,,,388
2200251,Alagoinha do Piauí,PI,1902,9,8,2,,,,,,,1893
2200277,Alegrete do Piauí,PI,549,4,1,3,,,,,,,545
2200301,Alto Longá,PI,1935,63,23,29,9,,,,1,1,1872
2200400,Altos,PI,1543,105,45,43,14,1,,,,5,1438
2200459,Alvorada do Gurguéia,PI,376,68,36,13,,8,3,,,10,308
2200509,Amarante,PI,1654,91,66,10,6,,,,,9,1563
2200608,Angical do Piauí,PI,401,41,34,3,1,,,,,3,360
2200707,Anísio de Abreu,PI,1305,32,22,4,6,,,,,,1273
2200806,Antônio Almeida,PI,161,47,39,8,,,,,,4,114
2200905,Aroazes,PI,561,38,22,16,,,,,,,523
2200954,Aroeiras do Itaim,PI,594,17,13,1,2,,,,,1,577
2201002,Arraial,PI,446,14,5,8,1,,,,,,432
2201051,Assunção do Piauí,PI,1254,39,27,7,,1,1,,2,1,1215
2201101,Avelino Lopes,PI,1243,41,37,3,,,,,,1,1202
2201150,Baixa Grande do Ribeiro,PI,636,72,19,41,,4,3,,1,6,564
2201176,Barra D'Alcântara,PI,599,6,4,2,,1,,,,,593
2201200,Barras,PI,3878,38,20,14,1,,,,,5,3840
2201309,Barreiras do Piauí,PI,245,2,2,,,,,,,,243
2201408,Barro Duro,PI,412,34,21,10,,,,,,3,378
2201507,Batalha,PI,2875,51,20,19,4,1,5,,3,3,2824
2201556,Bela Vista do Piauí,PI,834,39,28,1,,,,,10,,795
2201572,Belém do Piauí,PI,453,2,1,,1,,,,,,451
2201606,Beneditinos,PI,1001,13,1,5,,,1,1,,5,988
2201705,Bertolínia,PI,413,39,33,6,,,,,,,374
2201739,Betânia do Piauí,PI,1149,14,1,,6,,,,,7,1135
2201770,Boa Hora,PI,654,7,2,,2,,1,,,2,647
2201804,Bocaina,PI,746,13,8,3,,,,,,2,733
2201903,Bom Jesus,PI,1023,96,17,64,2,8,8,,4,10,927
2201919,Bom Princípio do Piauí,PI,527,1,1,,,,,,,,526
2201929,Bonfim do Piauí,PI,1412,3,3,,1,,,,,,1409
2201945,Boqueirão do Piauí,PI,557,40,26,,5,,2,,,8,517
2201960,Brasileira,PI,753,29,14,13,,,,,,2,724
2201988,Brejo do Piauí,PI,768,14,5,5,,,,,,5,754
2202000,Buriti dos Lopes,PI,1198,18,3,10,3,,1,,,2,1180
2202026,Buriti dos Montes,PI,1180,18,11,6,1,,,,,,1162
2202059,Cabeceiras do Piauí,PI,1123,22,15,6,1,,,,,,1101
2202075,Cajazeiras do Piauí,PI,482,10,3,6,,,,,,1,472
2202083,Cajueiro da Praia,PI,489,4,,4,,,,,,,485
2202091,Caldeirão Grande do Piauí,PI,1085,23,16,2,4,,,,,3,1062
2202109,Campinas do Piauí,PI,1396,20,11,6,2,,,,,2,1376
2202117,Campo Alegre do Fidalgo,PI,984,5,1,,2,,,2,,,979
2202133,Campo Grande do Piauí,PI,1135,29,5,8,13,,,,,3,1106
2202174,Campo Largo do Piauí,PI,1075,8,4,3,,,1,,,,1067
2202208,Campo Maior,PI,2221,210,62,131,3,2,3,,3,12,2011
2202251,Canavieira,PI,465,39,34,7,3,,,,,,426
2202307,Canto do Buriti,PI,2156,22,4,14,,,1,,,3,2134
2202406,Capitão de Campos,PI,901,6,2,4,,,,,,,895
2202455,Capitão Gervásio Oliveira,PI,843,24,22,2,,,,,,,819
2202505,Caracol,PI,1443,33,30,3,1,,1,,,,1410
2202539,Caraúbas do Piauí,PI,948,7,3,1,3,,,,,,941
2202554,Caridade do Piauí,PI,837,4,,4,,,,,,,833
2202604,Castelo do Piauí,PI,1715,86,26,53,1,,,,1,10,1629
2202653,Caxingó,PI,463,7,2,4,,,,,,1,456
2202703,Cocal,PI,3857,41,12,5,23,,,1,,2,3816
2202711,Cocal de Telha,PI,504,14,12,2,,,,,,,490
2202729,Cocal dos Alves,PI,1448,,,,,,,,,,1448
2202737,Coivaras,PI,549,18,7,10,1,,,,,,531
2202752,Colônia do Gurguéia,PI,302,14,2,3,,,,4,6,2,288
2202778,Colônia do Piauí,PI,1010,58,34,12,1,,1,1,4,7,952
2202802,Conceição do Canindé,PI,687,9,1,4,3,,,,,1,678
2202851,Coronel José Dias,PI,732,12,6,1,1,,,1,1,3,720
2202901,Corrente,PI,1469,98,16,64,4,1,2,,10,2,1371
2203008,Cristalândia do Piauí,PI,789,20,13,7,,,,,,,769
2203107,Cristino Castro,PI,492,8,2,4,,,,,,2,484
2203206,Curimatá,PI,1180,75,31,32,2,1,6,,1,2,1105
2203230,Currais,PI,758,30,6,15,,2,9,,,3,728
2203255,Curralinhos,PI,434,14,9,3,1,,,,,1,420
2203271,Curral Novo do Piauí,PI,739,3,3,,,,,,,,736
2203305,Demerval Lobão,PI,631,72,52,17,,,,,3,2,559
2203354,Dirceu Arcoverde,PI,1561,58,29,11,,1,,9,13,3,1503
2203404,Dom Expedito Lopes,PI,412,2,1,1,,,,,,,410
2203420,Domingos Mourão,PI,680,9,8,,2,,,,,,671
2203453,Dom Inocêncio,PI,1876,23,7,1,,,,,18,1,1853
2203503,Elesbão Veloso,PI,1350,130,17,94,,,,,,22,1220
2203602,Eliseu Martins,PI,493,9,,6,1,,,,,2,484
2203701,Esperantina,PI,2294,63,42,9,3,,1,,2,6,2231
2203750,Fartura do Piauí,PI,1148,36,19,11,1,,,,3,2,1112
2203800,Flores do Piauí,PI,579,15,9,2,2,,,,,2,564
2203859,Floresta do Piauí,PI,337,2,,1,1,,,,,,335
2203909,Floriano,PI,1358,112,61,42,1,,1,,6,13,1246
2204006,Francinópolis,PI,658,22,17,5,,,,,,,636
2204105,Francisco Ayres,PI,465,50,46,3,,,,,,1,415
2204154,Francisco Macedo,PI,428,6,2,4,,,,,1,,422
2204204,Francisco Santos,PI,1293,9,7,,,,,,,2,1284
2204303,Fronteiras,PI,958,57,11,21,,,2,,2,23,901
2204352,Geminiano,PI,911,4,2,2,,,,,,,907
2204402,Gilbués,PI,760,11,1,9,1,,,,,1,749
2204501,Guadalupe,PI,245,119,4,14,,,,1,,100,126
2204550,Guaribas,PI,846,60,36,1,,,,,24,,786
2204600,Hugo Napoleão,PI,241,14,5,5,4,1,1,1,1,1,227
2204659,Ilha Grande,PI,205,26,14,13,,,,,,,179
2204709,Inhuma,PI,2205,31,17,12,2,,,,,1,2174
2204808,Ipiranga do Piauí,PI,1199,57,30,26,1,,,,,3,1142
2204907,Isaías Coelho,PI,1716,24,12,5,6,,1,,1,,1692
2205003,Itainópolis,PI,2161,34,15,10,7,,,,,2,2127
2205102,Itaueira,PI,1298,28,17,11,,,,,,1,1270
2205151,Jacobina do Piauí,PI,1403,69,20,9,25,1,2,2,10,5,1334
2205201,Jaicós,PI,2637,37,24,3,4,,1,,,5,2600
2205250,Jardim do Mulato,PI,494,22,16,4,2,,,,,,472
2205276,Jatobá do Piauí,PI,884,14,5,8,,1,,,,,870
2205300,Jerumenha,PI,189,7,,6,,,,,,2,182
2205359,João Costa,PI,640,18,11,7,,,,,,,622
2205409,Joaquim Pires,PI,1221,3,,2,1,,,,,1,1218
2205458,Joca Marques,PI,774,6,2,1,3,,,,,,768
2205508,José de Freitas,PI,2575,136,54,68,2,1,1,3,,16,2439
2205516,Juazeiro do Piauí,PI,881,121,100,13,5,,,3,20,4,760
2205524,Júlio Borges,PI,886,37,34,2,,,,,,1,849
2205532,Jurema,PI,1119,13,6,2,4,,,,,2,1106
2205540,Lagoinha do Piauí,PI,206,11,5,5,,,,,,1,195
2205557,Lagoa Alegre,PI,705,27,19,2,2,,,,,5,678
2205565,Lagoa do Barro do Piauí,PI,1002,27,24,3,,,,,,1,975
2205573,Lagoa de São Francisco,PI,938,24,9,7,1,,1,2,,4,914
2205581,Lagoa do Piauí,PI,528,15,4,10,,,,,,3,513
2205599,Lagoa do Sítio,PI,1063,46,28,3,4,,,1,,12,1017
2205607,Landri Sales,PI,853,11,3,6,,,2,,,,842
2205706,Luís Correia,PI,3164,70,39,13,2,,1,1,,17,3094
2205805,Luzilândia,PI,2369,11,7,2,,,,,,2,2358
2205854,Madeiro,PI,847,19,8,8,,,,,,3,828
2205904,Manoel Emídio,PI,445,6,2,3,1,,,,,,439
2205953,Marcolândia,PI,433,49,3,45,2,,,,,,384
2206001,Marcos Parente,PI,412,47,36,5,1,,,,,6,365
2206050,Massapê do Piauí,PI,1293,26,12,2,11,,,,,2,1267
2206100,Matias Olímpio,PI,762,6,1,1,,,1,,,4,756
2206209,Miguel Alves,PI,3669,88,59,16,4,1,,,,9,3581
2206308,Miguel Leão,PI,134,7,3,3,,,,,,1,127
2206357,Milton Brandão,PI,1326,74,58,11,1,,1,,,4,1252
2206407,Monsenhor Gil,PI,878,60,33,9,10,3,1,,1,12,818
2206506,Monsenhor Hipólito,PI,1548,11,5,5,1,,,,,,1537
2206605,Monte Alegre do Piauí,PI,1605,13,,13,,,,,,,1592
2206654,Morro Cabeça no Tempo,PI,576,5,3,1,,,,,,2,571
2206670,Morro do Chapéu do Piauí,PI,646,55,43,16,,,,,,3,591
2206696,Murici dos Portelas,PI,1620,15,3,5,1,,,,6,2,1605
2206704,Nazaré do Piauí,PI,517,26,21,6,,,,,,,491
2206720,Nazária,PI,855,53,37,6,6,,1,,1,8,802
2206753,Nossa Senhora de Nazaré,PI,681,16,6,9,,,,,,1,665
2206803,Nossa Senhora dos Remédios,PI,1201,41,38,3,,,,,,,1160
2206902,Novo Oriente do Piauí,PI,773,23,8,7,1,2,,,1,5,750
2206951,Novo Santo Antônio,PI,555,12,11,1,,,,,,,543
2207009,Oeiras,PI,3562,210,111,46,8,,,27,,22,3352
2207108,Olho D'Água do Piauí,PI,468,16,11,4,,,,,,2,452
2207207,Padre Marcos,PI,824,4,2,,2,,,,,,820
2207306,Paes Landim,PI,750,4,2,2,,,,,,,746
2207355,Pajeú do Piauí,PI,590,2,1,,,,1,,,,588
2207405,Palmeira do Piauí,PI,726,65,14,46,2,1,,,1,3,661
2207504,Palmeirais,PI,2035,8,2,5,,,,,,1,2027
2207553,Paquetá,PI,587,8,6,2,,,,,,,579
2207603,Parnaguá,PI,1024,62,5,56,,,1,,,2,962
2207702,Parnaíba,PI,1253,85,19,28,23,5,4,,1,7,1168
2207751,Passagem Franca do Piauí,PI,514,20,8,8,2,,,,,2,494
2207777,Patos do Piauí,PI,1228,12,9,1,1,,1,,,,1216
2207793,Pau D'Arco do Piauí,PI,610,5,4,1,,,,,,,605
2207801,Paulistana,PI,2461,88,41,17,14,,2,,3,13,2373
2207850,Pavussu,PI,647,21,15,4,,,,,,2,626
2207900,Pedro II,PI,3621,131,29,33,10,,1,13,1,50,3490
2207934,Pedro Laurentino,PI,597,47,10,29,2,,,,,9,550
2207959,Nova Santa Rita,PI,890,15,3,,6,,,,,6,875
2208007,Picos,PI,2987,35,7,27,,,,1,,,2952
2208106,Pimenteiras,PI,1390,83,42,24,3,,,,,16,1307
2208205,Pio IX,PI,3504,46,10,21,2,1,,,,12,3458
2208304,Piracuruca,PI,2028,117,63,31,8,,,9,1,14,1911
2208403,Piripiri,PI,3457,93,37,36,7,2,2,1,1,14,3364
2208502,Porto,PI,712,52,11,37,,,,,,4,660
2208551,Porto Alegre do Piauí,PI,159,5,1,4,,,,,,,154
2208601,Prata do Piauí,PI,200,2,1,1,,,,,,,198
2208650,Queimada Nova,PI,1868,36,14,1,3,,,2,15,6,1832
2208700,Redenção do Gurguéia,PI,562,21,9,8,4,1,,,,1,541
2208809,Regeneração,PI,674,29,16,9,1,,,,,3,645
2208858,Riacho Frio,PI,399,17,4,13,,,,,,,382
2208874,Ribeira do Piauí,PI,455,7,4,3,,,,,,,448
2208908,Ribeiro Gonçalves,PI,333,54,26,26,,4,1,,,,279
2209005,Rio Grande do Piauí,PI,825,13,3,7,,,,,,4,812
2209104,Santa Cruz do Piauí,PI,525,12,7,2,2,,,,,1,513
2209153,Santa Cruz dos Milagres,PI,267,7,,7,,,,,,,260
2209203,Santa Filomena,PI,639,41,,39,,3,2,,,,598
2209302,Santa Luz,PI,435,21,3,18,,,,,,,414
2209351,Santana do Piauí,PI,547,14,5,2,5,,,,2,,533
2209377,Santa Rosa do Piauí,PI,509,18,7,6,,,,,,5,491
2209401,Santo Antônio de Lisboa,PI,891,2,,2,,,,,,,889
2209450,Santo Antônio dos Milagres,PI,203,10,7,3,,,,,,,193
2209500,Santo Inácio do Piauí,PI,707,29,23,4,10,,,,,1,678
2209559,São Braz do Piauí,PI,1073,2,1,,,,,,,1,1071
2209609,São Félix do Piauí,PI,327,35,28,5,1,1,,,,1,292
2209658,São Francisco de Assis do Piauí,PI,1178,18,,1,1,,,,16,,1160
2209708,São Francisco do Piauí,PI,1119,16,9,5,,,,,1,1,1103
2209757,São Gonçalo do Gurguéia,PI,319,4,,4,,,,,,,315
2209807,São Gonçalo do Piauí,PI,320,39,17,12,,1,,,,10,281
2209856,São João da Canabrava,PI,406,5,4,1,,,,,,,401
2209872,São João da Fronteira,PI,315,10,8,1,1,,,,,,305
2209906,São João da Serra,PI,733,,,,,,,,,,733
2209955,São João da Varjota,PI,510,13,6,3,,,1,,,3,497
2209971,São João do Arraial,PI,687,22,9,9,3,,,,,2,665
2210003,São João do Piauí,PI,1307,54,40,13,,,,,,1,1253
2210052,São José do Divino,PI,534,32,21,7,,,,,,5,502
2210102,São José do Peixe,PI,394,16,6,3,5,,,,,2,378
2210201,São José do Piauí,PI,1602,32,24,,3,1,,,4,2,1570
2210300,São Julião,PI,544,113,111,1,,,,1,,,431
2210359,São Lourenço do Piauí,PI,859,34,20,3,6,,,1,4,1,825
2210375,São Luis do Piauí,PI,495,,,,,,,,,,495
2210383,São Miguel da Baixa Grande,PI,293,12,7,4,,,,,,2,281
2210391,São Miguel do Fidalgo,PI,205,5,5,,,,,,,,200
2210409,São Miguel do Tapuio,PI,2614,60,30,14,6,,2,,,9,2554
2210508,São Pedro do Piauí,PI,1121,96,52,23,14,2,3,1,1,5,1025
2210607,São Raimundo Nonato,PI,3664,37,24,7,4,,,1,2,,3627
2210623,Sebastião Barros,PI,578,10,1,9,,,,,,,568
2210631,Sebastião Leal,PI,502,58,40,16,,,,,,2,444
2210656,Sigefredo Pacheco,PI,1513,21,7,12,,,,,,2,1492
2210706,Simões,PI,2066,76,29,24,30,16,1,1,34,10,1990
2210805,Simplício Mendes,PI,1539,69,12,16,32,,1,2,2,8,1470
2210904,Socorro do Piauí,PI,617,9,5,2,1,,,,,2,608
2210938,Sussuapara,PI,858,9,3,4,1,,,,,1,849
2210953,Tamboril do Piauí,PI,592,11,,4,7,,,,,,581
2210979,Tanque do Piauí,PI,444,13,4,6,1,,,,,3,431
2211001,Teresina,PI,5165,665,505,107,27,,1,1,4,141,4500
2211100,União,PI,3763,50,9,29,4,1,1,,5,5,3713
2211209,Uruçuí,PI,1219,112,6,86,1,22,,1,,6,1107
2211308,Valença do Piauí,PI,1097,110,81,19,1,,2,,,9,987
2211357,Várzea Branca,PI,1138,27,23,3,,,,1,,1,1111
2211407,Várzea Grande,PI,504,7,3,3,1,,,,,,497
2211506,Vera Mendes,PI,719,25,23,2,,,,,,,694
2211605,Vila Nova do Piauí,PI,861,10,4,3,,,,1,,2,851
2211704,Wall Ferraz,PI,825,51,34,3,13,,,,,3,774
2300101,Abaiara,CE,625,86,62,18,,,,1,,9,539
2300150,Acarape,CE,554,82,77,4,,,1,,,1,472
2300200,Acaraú,CE,4955,336,264,66,7,1,1,,,,4619
2300309,Acopiara,CE,5642,769,684,35,14,1,1,59,5,28,4873
2300408,Aiuaba,CE,2365,283,254,25,5,,,,2,15,2082
2300507,Alcântaras,CE,609,144,137,,,,,,1,7,465
2300606,Altaneira,CE,455,59,55,4,1,,1,,,,396
2300705,Alto Santo,CE,1313,342,132,216,1,7,,,,66,971
2300754,Amontada,CE,3527,138,93,39,7,1,2,14,,3,3389
2300804,Antonina do Norte,CE,318,89,86,1,2,,,,,2,229
2300903,Apuiarés,CE,1246,145,126,14,,,,2,,5,1101
2301000,Aquiraz,CE,4297,212,87,94,5,1,,,2,29,4085
2301109,Aracati,CE,2919,158,116,32,9,2,3,,1,5,2761
2301208,Aracoiaba,CE,2519,217,176,26,10,,1,,,8,2302
2301257,Ararendá,CE,1539,195,193,1,,,,,,1,1344
2301307,Araripe,CE,2306,553,526,28,20,,,,,8,1753
2301406,Aratuba,CE,1587,101,93,6,1,,2,,,2,1486
2301505,Arneiroz,CE,1166,123,98,13,9,2,,2,,5,1043
2301604,Assaré,CE,2342,489,459,8,2,1,,1,,26,1853
2301703,Aurora,CE,2617,367,331,26,7,1,,1,2,8,2250
2301802,Baixio,CE,759,266,260,6,,,,,,1,493
2301851,Banabuiú,CE,1054,152,145,7,1,,,,,,902
2301901,Barbalha,CE,2885,402,336,60,4,7,2,8,,3,2483
2301950,Barreira,CE,1719,119,113,5,,,,,,1,1600
2302008,Barro,CE,1605,253,183,71,,2,,,,1,1352
2302057,Barroquinha,CE,887,93,91,2,,,,,,,794
2302107,Baturité,CE,1686,340,304,35,,,,,,2,1346
2302206,Beberibe,CE,3328,581,503,26,43,,5,4,7,9,2747
2302305,Bela Cruz,CE,2548,149,141,8,,,,,,,2399
2302404,Boa Viagem,CE,5487,157,103,38,9,,,1,,11,5330
2302503,Brejo Santo,CE,1681,360,264,103,2,1,1,2,,5,1321
2302602,Camocim,CE,2184,77,27,16,22,1,2,1,,10,2107
2302701,Campos Sales,CE,2072,117,109,9,3,,,2,3,2,1955
2302800,Canindé,CE,5687,206,166,19,3,2,,3,1,13,5481
2302909,Capistrano,CE,2055,166,148,11,1,,1,,,6,1889
2303006,Caridade,CE,1353,142,130,6,7,,,,,,1211
2303105,Cariré,CE,1746,12,6,2,,1,,,,3,1734
2303204,Caririaçu,CE,2628,371,287,77,15,1,1,,,4,2257
2303303,Cariús,CE,2734,229,221,7,1,1,,,,,2505
2303402,Carnaubal,CE,1019,106,103,2,2,1,,,,,913
2303501,Cascavel,CE,2537,416,353,42,6,1,3,,,16,2121
2303600,Catarina,CE,1082,60,60,,,,,,,,1022
2303659,Catunda,CE,887,77,52,,27,,,,,,810
2303709,Caucaia,CE,2682,231,188,36,4,,,2,1,7,2451
2303808,Cedro,CE,2517,471,462,9,,,,,,,2046
2303907,Chaval,CE,459,91,90,1,,,,,,,368
2303931,Choró,CE,1741,149,145,,2,,,3,,,1592
2303956,Chorozinho,CE,1380,115,115,,,,,,,,1265
2304004,Coreaú,CE,1238,88,76,1,8,,,,,3,1150
2304103,Crateús,CE,6272,563,463,53,5,1,4,8,3,37,5709
2304202,Crato,CE,2643,230,184,24,12,2,,9,,4,2413
2304236,Croatá,CE,1684,149,135,1,1,3,9,,,1,1535
2304251,Cruz,CE,1396,188,173,17,1,1,,,1,3,1208
2304269,Deputado Irapuan Pinheiro,CE,1447,272,259,13,,,,,4,1,1175
2304277,Ereré,CE,502,23,18,5,,,,,,,479
2304285,Eusébio,CE,187,10,,9,,,1,,,,177
2304301,Farias Brito,CE,1800,560,390,176,,1,,1,1,7,1240
2304350,Forquilha,CE,721,178,163,10,10,,2,3,1,2,543
2304400,Fortaleza,CE,231,7,,5,,,,,,2,224
2304459,Fortim,CE,595,52,46,5,1,,,,,1,543
2304509,Frecheirinha,CE,916,115,112,3,,,,,,,801
2304608,General Sampaio,CE,380,169,165,7,,,,,,1,211
2304657,Graça,CE,1744,166,79,29,10,,1,1,34,21,1578
2304707,Granja,CE,4078,116,93,8,,,,14,,1,3962
2304806,Granjeiro,CE,597,102,99,7,,,,,,,495
2304905,Groaíras,CE,1176,208,198,3,2,,,1,3,1,968
2304954,Guaiúba,CE,1158,162,141,16,,,,,,7,996
2305001,Guaraciaba do Norte,CE,2036,135,80,17,8,7,18,,,6,1901
2305100,Guaramiranga,CE,258,25,19,6,,,,,,,233
2305209,Hidrolândia,CE,2367,93,76,13,,,,,,5,2274
2305233,Horizonte,CE,742,60,44,12,1,1,,,,4,682
2305266,Ibaretama,CE,1567,99,76,11,2,,1,,3,7,1468
2305308,Ibiapina,CE,1780,198,114,82,7,3,2,,,1,1582
2305332,Ibicuitinga,CE,905,151,146,2,,1,1,,,2,754
2305357,Icapuí,CE,1156,119,116,2,1,,,,,1,1037
2305407,Icó,CE,5570,180,83,10,3,,,,1,85,5390
2305506,Iguatu,CE,3707,726,689,32,4,,2,2,1,3,2981
2305605,Independência,CE,3445,768,657,81,5,3,2,4,1,34,2677
2305654,Ipaporanga,CE,1800,234,221,3,19,,,2,1,1,1566
2305704,Ipaumirim,CE,1478,338,329,8,,,,,,2,1140
2305803,Ipu,CE,2354,37,32,4,1,,,1,,1,2317
2305902,Ipueiras,CE,3280,211,206,2,7,,,1,,3,3069
2306009,Iracema,CE,688,128,118,10,,,,,,1,560
2306108,Irauçuba,CE,1375,129,96,34,,,,2,,,1246
2306207,Itaiçaba,CE,900,29,10,15,,,,,,5,871
2306256,Itaitinga,CE,637,67,65,,,,1,,,1,570
2306306,Itapajé,CE,1426,132,97,43,1,,,1,1,3,1294
2306405,Itapipoca,CE,6628,562,508,21,12,,1,20,11,1,6066
2306504,Itapiúna,CE,2115,173,160,6,,,1,,,6,1942
2306553,Itarema,CE,2305,141,118,22,1,1,1,,,,2164
2306603,Itatira,CE,2115,51,45,4,1,,1,,,,2064
2306702,Jaguaretama,CE,1776,198,183,8,,4,2,,,3,1578
2306801,Jaguaribara,CE,1014,64,39,22,1,2,,,,,950
2306900,Jaguaribe,CE,2319,243,215,28,1,,,,,2,2076
2307007,Jaguaruana,CE,2622,217,121,80,9,1,2,,,10,2405
2307106,Jardim,CE,2478,695,665,33,2,,1,,,6,1783
2307205,Jati,CE,485,46,43,1,,1,,,,1,439
2307254,Jijoca de Jericoacoara,CE,1139,27,22,,3,,2,,,,1112
2307304,Juazeiro do Norte,CE,945,229,205,20,7,1,1,,,4,716
2307403,Jucás,CE,2211,349,337,7,,1,,1,3,6,1862
2307502,Lavras da Mangabeira,CE,3214,527,412,60,7,2,3,1,7,51,2687
2307601,Limoeiro do Norte,CE,1883,496,412,73,1,3,7,,,21,1387
2307635,Madalena,CE,1679,307,290,7,2,,1,10,7,3,1372
2307650,Maracanaú,CE,189,65,54,8,1,,,,,2,124
2307700,Maranguape,CE,2651,392,343,34,6,2,,,,9,2259
2307809,Marco,CE,1295,102,79,22,1,,,,1,,1193
2307908,Martinópole,CE,509,66,65,,,,,,,1,443
2308005,Massapê,CE,1541,115,104,6,3,,,3,,,1426
2308104,Mauriti,CE,3529,630,475,118,13,1,4,6,,22,2899
2308203,Meruoca,CE,1087,164,92,24,51,1,,,,3,923
2308302,Milagres,CE,1913,182,158,9,5,2,,7,,11,1731
2308351,Milhã,CE,1501,326,313,13,,,,2,,4,1175
2308377,Miraíma,CE,564,67,41,26,,,,,,1,497
2308401,Missão Velha,CE,3788,648,609,36,6,1,2,1,,4,3140
2308500,Mombaça,CE,5894,823,779,34,16,,,,2,,5071
2308609,Monsenhor Tabosa,CE,2143,685,469,5,46,,,227,3,3,1458
2308708,Morada Nova,CE,4526,572,484,57,21,2,4,,5,16,3954
2308807,Moraújo,CE,682,93,93,,,,,,,,589
2308906,Morrinhos,CE,1545,102,92,11,,,,,,3,1443
2309003,Mucambo,CE,1073,161,142,17,,,,2,,2,912
2309102,Mulungu,CE,1052,411,396,8,2,,,1,,5,641
2309201,Nova Olinda,CE,1012,122,119,4,1,,,,,,890
2309300,Nova Russas,CE,1992,197,190,2,1,,1,7,2,,1795
2309409,Novo Oriente,CE,3502,282,209,60,4,,1,,,19,3220
2309458,Ocara,CE,2503,153,129,12,7,,1,1,,5,2350
2309508,Orós,CE,1259,202,200,3,,,1,,,,1057
2309607,Pacajus,CE,1238,301,271,26,2,,,,,2,937
2309706,Pacatuba,CE,740,34,25,4,,,,,,6,706
2309805,Pacoti,CE,1026,100,81,14,3,2,2,,,6,926
2309904,Pacujá,CE,294,62,62,,,,,,,,232
2310001,Palhano,CE,1336,216,210,4,3,,,,,1,1120
2310100,Palmácia,CE,1052,243,231,8,4,1,1,,1,7,809
2310209,Paracuru,CE,559,62,33,27,7,,1,,,7,497
2310258,Paraipaba,CE,1773,113,79,27,2,1,,,,7,1660
2310308,Parambu,CE,3673,168,140,10,12,,1,,,5,3505
2310407,Paramoti,CE,771,71,71,,,,,,,,700
2310506,Pedra Branca,CE,3881,269,198,44,,,,,1,32,3612
2310605,Penaforte,CE,287,131,99,14,2,16,8,,,6,156
2310704,Pentecoste,CE,2478,219,201,16,1,,,,1,1,2259
2310803,Pereiro,CE,1614,124,113,11,,,,,,1,1490
2310852,Pindoretama,CE,1490,87,25,49,6,,,,,7,1403
2310902,Piquet Carneiro,CE,2348,225,223,2,,,,,,,2123
2310951,Pires Ferreira,CE,922,132,114,4,6,,1,1,5,8,790
2311009,Poranga,CE,2080,356,356,,,,,,,,1724
2311108,Porteiras,CE,1472,307,288,17,,,,,,2,1165
2311207,Potengi,CE,1166,195,151,18,46,,,1,,1,971
2311231,Potiretama,CE,878,44,13,11,2,,,18,,2,834
2311264,Quiterianópolis,CE,3017,384,279,58,18,2,,,33,8,2633
2311306,Quixadá,CE,4439,353,285,42,11,,4,4,,18,4086
2311355,Quixelô,CE,1897,451,407,54,2,,,1,2,,1446
2311405,Quixeramobim,CE,6845,596,532,60,3,3,1,1,,8,6249
2311504,Quixeré,CE,628,172,134,41,1,2,1,,3,4,456
2311603,Redenção,CE,2897,38,29,10,,,,,1,1,2859
2311702,Reriutaba,CE,1785,123,101,11,,,1,,,12,1662
2311801,Russas,CE,4241,859,686,153,19,3,9,2,1,18,3382
2311900,Saboeiro,CE,1907,167,153,9,2,,,,,4,1740
2311959,Salitre,CE,3002,84,76,1,2,,,1,,4,2918
2312007,Santana do Acaraú,CE,3029,379,350,24,1,3,1,,4,1,2650
2312106,Santana do Cariri,CE,1111,212,200,8,6,,,1,,1,899
2312205,Santa Quitéria,CE,4039,459,369,41,31,,1,6,,23,3580
2312304,São Benedito,CE,3395,265,206,22,24,5,5,1,,18,3130
2312403,São Gonçalo do Amarante,CE,1192,50,34,13,2,,,,,1,1142
2312502,São João do Jaguaribe,CE,721,105,92,1,1,,9,,,5,616
2312601,São Luís do Curu,CE,486,83,83,1,,,,,,,403
2312700,Senador Pompeu,CE,2220,361,333,14,6,7,5,4,,54,1859
2312809,Senador Sá,CE,647,70,67,1,1,,,1,,,577
2312908,Sobral,CE,5321,451,358,36,58,,1,21,,31,4870
2313005,Solonópole,CE,2208,239,226,12,1,,,2,,1,1969
2313104,Tabuleiro do Norte,CE,1585,506,453,47,,2,1,,,4,1079
2313203,Tamboril,CE,2718,234,203,26,,2,,3,,2,2484
2313252,Tarrafas,CE,1399,131,130,,,,,,,1,1268
2313302,Tauá,CE,5327,609,519,63,7,1,1,13,5,15,4718
2313351,Tejuçuoca,CE,869,115,105,8,4,,,,,1,754
2313401,Tianguá,CE,3642,406,330,28,19,32,7,3,,9,3236
2313500,Trairi,CE,3367,194,162,30,2,,1,2,1,,3173
2313559,Tururu,CE,795,178,155,19,,,,1,,4,617
2313609,Ubajara,CE,2544,130,99,27,3,5,2,,,1,2414
2313708,Umari,CE,902,53,45,4,1,,,2,2,1,849
2313757,Umirim,CE,1204,212,199,15,,,,,,,992
2313807,Uruburetama,CE,804,59,54,5,2,,,,,,745
2313906,Uruoca,CE,1375,116,101,15,,,,,,,1259
2313955,Varjota,CE,739,18,12,5,2,,,,,,721
2314003,Várzea Alegre,CE,3696,333,312,9,12,,,,,,3363
2314102,Viçosa do Ceará,CE,5429,443,401,46,6,2,3,,1,2,4986
2400109,Acari,RN,226,50,19,31,,1,,,2,,176
2400208,Assú,RN,856,371,37,68,,,9,,6,257,485
2400307,Afonso Bezerra,RN,512,123,91,28,2,4,1,,,6,389
2400406,Água Nova,RN,139,38,18,19,,,,,,1,101
2400505,Alexandria,RN,521,35,11,24,,,,,,1,486
2400604,Almino Afonso,RN,300,19,19,,,,,,,,281
2400703,Alto do Rodrigues,RN,246,41,21,19,,1,,1,,1,205
2400802,Angicos,RN,199,34,10,16,3,,,1,,6,165
2400901,Antônio Martins,RN,349,25,12,9,1,,,,,5,324
2401008,Apodi,RN,2145,231,91,93,19,1,2,4,20,15,1914
2401107,Areia Branca,RN,207,61,53,5,6,1,,1,,,146
2401206,Arez,RN,143,14,5,7,,1,1,1,1,2,129
2401305,Campo Grande,RN,745,98,24,12,52,1,1,,,8,647
2401404,Baía Formosa,RN,9,4,,4,,,,,1,,5
2401453,Baraúna,RN,791,127,33,43,29,13,1,,,11,664
2401503,Barcelona,RN,200,40,36,,1,2,,,,2,160
2401602,Bento Fernandes,RN,565,46,24,18,,,,,,6,519
2401651,Bodó,RN,104,14,13,1,,,,,,,90
2401701,Bom Jesus,RN,319,73,65,3,4,,,1,7,,246
2401800,Brejinho,RN,348,20,12,6,1,,,,,1,328
2401859,Caiçara do Norte,RN,80,19,14,3,,,,,2,,61
2401909,Caiçara do Rio do Vento,RN,109,22,17,2,,,,,,3,87
2402006,Caicó,RN,769,177,64,91,2,3,2,1,13,10,592
2402105,Campo Redondo,RN,578,141,97,44,2,,2,,,1,437
2402204,Canguaretama,RN,160,38,11,26,2,1,1,,2,2,122
2402303,Caraúbas,RN,1430,386,117,324,5,1,1,2,,7,1044
2402402,Carnaúba dos Dantas,RN,167,55,52,2,,,,,,1,112
2402501,Carnaubais,RN,477,88,40,27,4,,,6,,14,389
2402600,Ceará-Mirim,RN,1210,94,14,69,1,8,2,3,1,2,1116
2402709,Cerro Corá,RN,962,139,136,1,,,,,2,,823
2402808,Coronel Ezequiel,RN,249,49,47,1,,,,,,1,200
2402907,Coronel João Pessoa,RN,274,25,15,5,2,1,,,2,1,249
2403004,Cruzeta,RN,355,206,29,178,1,,,,,1,149
2403103,Currais Novos,RN,505,127,52,72,5,,,,,3,378
2403202,Doutor Severiano,RN,810,42,35,4,,,,,,3,768
2403251,Parnamirim,RN,10,5,1,2,,1,,,,1,5
2403301,Encanto,RN,349,75,39,41,,,1,,,1,274
2403400,Equador,RN,152,39,39,,,,,,,,113
2403509,Espírito Santo,RN,246,14,1,12,1,,1,,1,2,232
2403608,Extremoz,RN,165,19,6,8,2,,,,4,1,146
2403707,Felipe Guerra,RN,293,32,23,3,1,1,2,,,3,261
2403756,Fernando Pedroza,RN,78,17,10,6,1,,,,,1,61
2403806,Florânia,RN,471,118,8,108,,,,1,2,,353
2403905,Francisco Dantas,RN,227,8,3,5,,,,,,,219
2404002,Frutuoso Gomes,RN,227,40,20,3,11,,,,6,6,187
2404101,Galinhos,RN,46,4,1,3,,,,,,,42
2404200,Goianinha,RN,175,32,9,20,2,1,2,1,1,2,143
2404309,Governador Dix-Sept Rosado,RN,694,69,47,16,2,1,1,,,4,625
2404408,Grossos,RN,84,18,15,,2,,,4,,1,66
2404507,Guamaré,RN,136,15,6,6,,1,,,,2,121
2404606,Ielmo Marinho,RN,746,47,8,16,8,,,,1,14,699
2404705,Ipanguaçu,RN,492,125,84,33,2,1,5,,,5,367
2404804,Ipueira,RN,90,17,,17,,,,,,,73
2404853,Itajá,RN,87,25,18,4,,,,,2,2,62
2404903,Itaú,RN,69,4,1,1,,1,,,1,,65
2405009,Jaçanã,RN,286,76,73,1,1,,,1,,1,210
2405108,Jandaíra,RN,211,33,17,14,,,,,1,2,178
2405207,Janduís,RN,234,48,44,5,,,,,,,186
2405306,Januário Cicco,RN,721,41,32,8,,,,,1,1,680
2405405,Japi,RN,141,37,34,3,3,,,,,,104
2405504,Jardim de Angicos,RN,134,4,2,1,,,,,,1,130
2405603,Jardim de Piranhas,RN,247,56,8,51,,,,,1,1,191
2405702,Jardim do Seridó,RN,444,49,37,10,3,,1,,,2,395
2405801,João Câmara,RN,872,173,77,18,4,1,1,1,81,3,699
2405900,João Dias,RN,184,12,7,4,1,,,,,,172
2406007,José da Penha,RN,476,44,31,11,1,,,,,2,432
2406106,Jucurutu,RN,720,115,29,74,,,1,,15,3,605
2406155,Jundiá,RN,255,4,1,4,1,,1,,1,,251
2406205,Lagoa d'Anta,RN,380,25,10,13,,,,,,2,355
2406304,Lagoa de Pedras,RN,536,31,11,21,,,,,,,505
2406403,Lagoa de Velhos,RN,96,66,62,3,,,,,4,,30
2406502,Lagoa Nova,RN,1938,235,100,130,6,1,2,4,,12,1703
2406601,Lagoa Salgada,RN,367,15,10,2,,,1,,,2,352
2406700,Lajes,RN,429,63,41,10,1,1,,,6,4,366
2406809,Lajes Pintadas,RN,144,14,13,1,,,,,,,130
2406908,Lucrécia,RN,123,12,9,2,1,,,,,1,111
2407005,Luís Gomes,RN,402,26,26,,,,,,,,376
2407104,Macaíba,RN,939,116,60,46,7,,4,1,1,13,823
2407203,Macau,RN,109,12,9,2,,,,,,1,97
2407252,Major Sales,RN,76,18,17,1,,,,,,,58
2407302,Marcelino Vieira,RN,350,82,57,22,1,,,1,,2,268
2407401,Martins,RN,261,14,14,,,,,,,,247
2407500,Maxaranguape,RN,235,24,11,12,,,,,,1,211
2407609,Messias Targino,RN,71,57,,57,,,,,,,14
2407708,Montanhas,RN,147,14,13,1,,,,,,,133
2407807,Monte Alegre,RN,556,60,39,16,1,1,,,,7,496
2407906,Monte das Gameleiras,RN,218,26,26,,,,,,,,192
2408003,Mossoró,RN,1961,347,147,95,85,1,7,1,13,37,1614
2408102,Natal,RN,77,19,7,5,3,,,,9,3,58
2408201,Nísia Floresta,RN,287,34,6,24,1,1,3,,2,4,253
2408300,Nova Cruz,RN,795,65,34,13,1,,15,2,1,2,730
2408409,Olho d'Água do Borges,RN,207,144,69,142,,,,,,,63
2408508,Ouro Branco,RN,278,11,7,2,,,,,,2,267
2408607,Paraná,RN,311,7,7,,,,,,,,304
2408706,Paraú,RN,125,27,14,11,,,,,3,,98
2408805,Parazinho,RN,210,77,29,11,,,,,47,4,133
2408904,Parelhas,RN,394,96,31,66,3,4,1,,,3,298
2408953,Rio do Fogo,RN,137,25,15,9,,,,,1,,112
2409100,Passa e Fica,RN,324,21,7,7,,,,,,7,303
2409209,Passagem,RN,107,7,5,1,,,,,,1,100
2409308,Patu,RN,310,70,56,11,,,1,,,2,240
2409332,Santa Maria,RN,138,19,17,2,,,,,,,119
2409407,Pau dos Ferros,RN,410,43,14,26,3,,,,1,,367
2409506,Pedra Grande,RN,103,37,21,6,,,,,,10,66
2409605,Pedra Preta,RN,247,8,6,,,,,,,2,239
2409704,Pedro Avelino,RN,389,143,131,4,,,,,1,7,246
2409803,Pedro Velho,RN,257,29,8,13,3,2,3,,1,7,228
2409902,Pendências,RN,190,35,16,17,,1,,,,1,155
2410009,Pilões,RN,120,21,18,2,,,,,,1,99
2410108,Poço Branco,RN,387,22,1,20,1,,,,,,365
2410207,Portalegre,RN,418,49,32,28,1,,,,,,369
2410256,Porto do Mangue,RN,170,9,6,1,2,,,,,,161
2410306,Serra Caiada,RN,391,118,114,2,2,,,,2,,273
2410405,Pureza,RN,600,71,47,22,1,1,1,1,,1,529
2410504,Rafael Fernandes,RN,348,59,31,13,2,,,,12,4,289
2410603,Rafael Godeiro,RN,203,35,34,1,,,,,,,168
2410702,Riacho da Cruz,RN,86,14,9,6,,,1,,,,72
2410801,Riacho de Santana,RN,481,33,15,7,,,,,12,,448
2410900,Riachuelo,RN,371,55,37,6,7,,1,,2,2,316
2411007,Rodolfo Fernandes,RN,93,28,20,2,,,,,7,,65
2411056,Tibau,RN,82,33,20,9,1,,,10,,2,49
2411106,Ruy Barbosa,RN,223,56,51,3,1,,,,,1,167
2411205,Santa Cruz,RN,329,86,47,17,1,13,1,,7,7,243
2411403,Santana do Matos,RN,940,88,61,12,,,,,2,16,852
2411429,Santana do Seridó,RN,97,70,56,14,,,,,,,27
2411502,Santo Antônio,RN,481,71,14,55,3,1,2,1,1,1,410
2411601,São Bento do Norte,RN,219,24,16,7,3,,,,,,195
2411700,São Bento do Trairí,RN,155,7,7,1,,,,,,,148
2411809,São Fernando,RN,174,31,28,4,,,,,,,143
2411908,São Francisco do Oeste,RN,179,39,29,29,,1,,,,,140
2412005,São Gonçalo do Amarante,RN,153,43,8,33,1,,,,,2,110
2412104,São João do Sabugi,RN,336,29,15,8,2,,,,2,3,307
2412203,São José de Mipibu,RN,609,92,33,50,1,1,5,,2,7,517
2412302,São José do Campestre,RN,241,42,33,9,,,,,,1,199
2412401,São José do Seridó,RN,196,53,6,41,1,,,,5,,143
2412500,São Miguel,RN,1767,30,6,17,5,,,1,,2,1737
2412559,São Miguel do Gostoso,RN,237,76,74,1,,1,,8,,1,161
2412609,São Paulo do Potengi,RN,455,148,130,15,4,1,,,2,3,307
2412708,São Pedro,RN,275,80,55,14,1,1,,,12,2,195
2412807,São Rafael,RN,361,84,11,69,,,,,,4,277
2412906,São Tomé,RN,536,33,13,5,,3,1,1,10,1,503
2413003,São Vicente,RN,330,65,20,42,2,,,,,3,265
2413102,Senador Elói de Souza,RN,522,53,50,,,,,,2,1,469
2413201,Senador Georgino Avelino,RN,41,9,3,5,,,,,1,,32
2413300,Serra de São Bento,RN,520,112,108,5,1,,,,,,408
2413359,Serra do Mel,RN,850,76,52,16,6,,,,4,3,774
2413409,Serra Negra do Norte,RN,441,127,111,16,,,,,,,314
2413508,Serrinha,RN,386,28,18,6,,1,,,1,3,358
2413557,Serrinha dos Pintos,RN,350,165,115,11,,25,,1,10,65,185
2413607,Severiano Melo,RN,318,41,13,21,2,,,,11,3,277
2413706,Sítio Novo,RN,271,62,52,7,,2,,,2,1,209
2413805,Taboleiro Grande,RN,93,26,19,8,,,,,,,67
2413904,Taipu,RN,387,21,6,15,,,1,,1,1,366
2414001,Tangará,RN,380,40,31,8,,,,,,1,340
2414100,Tenente Ananias,RN,265,35,29,6,,,,,,,230
2414159,Tenente Laurentino Cruz,RN,479,35,21,14,,,1,1,2,2,444
2414209,Tibau do Sul,RN,60,32,26,3,1,1,5,,5,,28
2414308,Timbaúba dos Batistas,RN,132,14,9,5,,,,,,,118
2414407,Touros,RN,1393,344,279,52,,1,5,1,9,6,1049
2414456,Triunfo Potiguar,RN,168,27,24,3,,,,,,,141
2414506,Umarizal,RN,289,112,23,84,8,,,1,1,12,177
2414605,Upanema,RN,1195,273,73,36,155,2,1,7,,9,922
2414704,Várzea,RN,109,14,11,3,,,,,,,95
2414753,Venha-Ver,RN,463,35,35,,,,,,,,428
2414803,Vera Cruz,RN,242,28,17,10,,,,,2,1,214
2414902,Viçosa,RN,18,1,1,,1,,,,,,17
2415008,Vila Flor,RN,23,2,1,1,1,1,1,,1,,21
2500106,Água Branca,PB,859,86,80,,,4,,,,2,773
2500205,Aguiar,PB,851,143,33,118,,,3,,,3,708
2500304,Alagoa Grande,PB,1457,265,138,18,108,67,1,,1,2,1192
2500403,Alagoa Nova,PB,1682,278,231,19,18,2,,4,,14,1404
2500502,Alagoinha,PB,906,121,112,6,,1,,,,3,785
2500536,Alcantil,PB,475,237,237,2,,,,,,,238
2500577,Algodão de Jandaíra,PB,292,32,29,1,1,,,2,,1,260
2500601,Alhandra,PB,836,120,76,43,2,,2,,1,6,716
2500700,São João do Rio do Peixe,PB,1446,99,67,22,1,5,,1,,6,1347
2500734,Amparo,PB,245,63,55,6,1,,,,,2,182
2500775,Aparecida,PB,521,196,187,8,,,,,,2,325
2500809,Araçagi,PB,2163,316,284,27,1,,1,,1,9,1847
2500908,Arara,PB,825,123,84,13,19,,1,7,1,18,702
2501005,Araruna,PB,1348,242,233,8,1,,1,,,1,1106
2501104,Areia,PB,1702,379,292,66,20,6,1,5,2,7,1323
2501153,Areia de Baraúnas,PB,113,48,46,2,,,,,,,65
2501203,Areial,PB,568,124,89,10,1,10,,40,,2,444
2501302,Aroeiras,PB,2086,63,27,30,2,1,,,,3,2023
2501351,Assunção,PB,161,54,51,3,,,,,,,107
2501401,Baía da Traição,PB,392,221,220,,,,,2,,1,171
2501500,Bananeiras,PB,2008,171,119,33,6,5,,,7,11,1837
2501534,Baraúna,PB,300,35,26,10,1,,,,,,265
2501575,Barra de Santana,PB,1472,210,69,139,7,1,,,1,4,1262
2501609,Barra de Santa Rosa,PB,1481,146,125,13,7,1,,,,3,1335
2501708,Barra de São Miguel,PB,502,33,24,5,3,,2,,,2,469
2501807,Bayeux,PB,33,3,2,,1,,,,,,30
2501906,Belém,PB,628,29,19,5,2,,,1,,2,599
2502003,Belém do Brejo do Cruz,PB,298,115,68,94,,,,,,,183
2502052,Bernardino Batista,PB,215,83,82,2,,,,,,,132
2502102,Boa Ventura,PB,371,49,5,43,,,3,,1,,322
2502151,Boa Vista,PB,681,54,28,22,,3,1,,,1,627
2502201,Bom Jesus,PB,146,68,68,1,,,,,,,78
2502300,Bom Sucesso,PB,374,214,187,27,1,,,,,,160
2502409,Bonito de Santa Fé,PB,670,20,12,5,1,1,,,,3,650
2502508,Boqueirão,PB,860,105,41,27,13,5,1,5,2,27,755
2502607,Igaracy,PB,499,16,13,3,,,,,,,483
2502706,Borborema,PB,306,102,100,,,1,,,,1,204
2502805,Brejo do Cruz,PB,371,145,68,113,2,,,,,,226
2502904,Brejo dos Santos,PB,230,101,92,9,2,,,,,,129
2503001,Caaporã,PB,535,22,9,11,1,1,,,,,513
2503100,Cabaceiras,PB,629,110,49,13,12,,1,,,51,519
2503209,Cabedelo,PB,20,3,2,1,,,,,,,17
2503308,Cachoeira dos Índios,PB,731,93,82,8,2,,,,,1,638
2503407,Cacimba de Areia,PB,338,155,91,79,,,,,,,183
2503506,Cacimba de Dentro,PB,1361,275,265,8,1,1,,1,3,,1086
2503555,Cacimbas,PB,838,119,28,12,4,2,,64,,13,719
2503605,Caiçara,PB,582,30,21,6,2,,,,,2,552
2503704,Cajazeiras,PB,1511,172,121,19,2,20,,4,,7,1339
2503753,Cajazeirinhas,PB,336,161,161,1,,,,,1,,175
2503803,Caldas Brandão,PB,205,32,22,7,1,2,,,,1,173
2503902,Camalaú,PB,686,43,30,10,2,,,,,1,643
2504009,Campina Grande,PB,2429,329,293,21,14,3,,1,2,6,2100
2504033,Capim,PB,78,9,1,6,1,,,,,4,69
2504074,Caraúbas,PB,390,91,84,7,,2,,,,,299
2504108,Carrapateira,PB,74,19,19,,,,,,,,55
2504157,Casserengue,PB,779,136,93,4,13,1,,4,2,28,643
2504207,Catingueira,PB,363,7,4,3,,,,,,,356
2504306,Catolé do Rocha,PB,727,305,271,79,,,,,,1,422
2504355,Caturité,PB,544,105,72,20,22,,,,,,439
2504405,Conceição,PB,1586,538,476,84,3,2,,,2,,1048
2504504,Condado,PB,416,111,106,2,2,,,1,,,305
2504603,Conde,PB,908,191,148,20,9,,2,,2,35,717
2504702,Congo,PB,413,65,60,4,,1,,,,,348
2504801,Coremas,PB,667,152,149,4,,,,1,,,515
2504850,Coxixola,PB,259,116,109,8,1,,,,,,143
2504900,Cruz do Espírito Santo,PB,1852,63,50,5,4,,,2,1,4,1789
2505006,Cubati,PB,526,132,116,12,2,,,3,,5,394
2505105,Cuité,PB,1736,274,178,62,11,,9,,2,73,1462
2505204,Cuitegi,PB,194,12,7,6,,,,,,,182
2505238,Cuité de Mamanguape,PB,723,12,3,9,,,1,,,,711
2505279,Curral de Cima,PB,843,44,30,7,3,,3,,1,3,799
2505303,Curral Velho,PB,265,25,15,7,3,1,,,,,240
2505352,Damião,PB,640,178,174,2,,,,1,1,2,462
2505402,Desterro,PB,510,19,9,8,,,,,,2,491
2505501,Vista Serrana,PB,209,58,58,,,,,,,,151
2505600,Diamante,PB,555,59,55,3,1,,,,,1,496
2505709,Dona Inês,PB,1018,87,69,10,3,1,1,,,4,931
2505808,Duas Estradas,PB,251,55,54,,,,,,,2,196
2505907,Emas,PB,113,38,28,11,,,,,,,75
2506004,Esperança,PB,1696,218,192,19,9,,,,,3,1478
2506103,Fagundes,PB,1094,45,39,2,1,,,,3,2,1049
2506202,Frei Martinho,PB,250,30,28,2,,,,,,,220
2506251,Gado Bravo,PB,1292,70,20,47,,2,,,,2,1222
2506301,Guarabira,PB,989,76,41,28,1,,,,,8,913
2506400,Gurinhém,PB,1237,62,36,16,3,4,1,,1,5,1175
2506509,Gurjão,PB,245,82,82,1,,,,,,4,163
2506608,Ibiara,PB,556,66,36,34,,,,,1,,490
2506707,Imaculada,PB,1099,29,25,1,1,1,,,,1,1070
2506806,Ingá,PB,944,189,170,15,2,,,1,2,3,755
2506905,Itabaiana,PB,950,440,431,5,1,,,,,4,510
2507002,Itaporanga,PB,1231,75,64,5,1,,,,1,5,1156
2507101,Itapororoca,PB,1153,99,68,14,25,2,,,,13,1054
2507200,Itatuba,PB,836,239,227,9,2,,,,,6,597
2507309,Jacaraú,PB,830,90,60,19,6,,1,2,,3,740
2507408,Jericó,PB,466,287,285,2,,,,,,,179
2507507,João Pessoa,PB,150,42,20,13,4,1,,1,,7,108
2507606,Juarez Távora,PB,226,68,57,7,1,,,,,3,158
2507705,Juazeirinho,PB,1377,167,158,4,4,,,1,,2,1210
2507804,Junco do Seridó,PB,432,96,76,6,11,,,,,5,336
2507903,Juripiranga,PB,171,11,3,7,,,,,,1,160
2508000,Juru,PB,1131,102,67,26,2,,,,,7,1029
2508109,Lagoa,PB,296,174,173,,,,1,,,,122
2508208,Lagoa de Dentro,PB,664,71,34,40,1,,,,1,,593
2508307,Lagoa Seca,PB,2022,355,255,57,9,6,3,13,7,35,1667
2508406,Lastro,PB,256,52,38,16,,,,,,,204
2508505,Livramento,PB,848,92,77,6,2,2,1,6,1,2,756
2508554,Logradouro,PB,266,21,18,2,1,,,,,,245
2508604,Lucena,PB,190,42,35,5,2,,,,,2,148
2508703,Mãe d'Água,PB,511,144,132,2,,,,8,,9,367
2508802,Malta,PB,150,26,20,7,,,,,,,124
2508901,Mamanguape,PB,1093,68,40,20,8,1,,3,,3,1025
2509008,Manaíra,PB,1278,91,84,5,,,1,,,1,1187
2509057,Marcação,PB,422,35,30,2,,,2,1,,,387
2509107,Mari,PB,726,79,47,12,17,,,,,5,647
2509156,Marizópolis,PB,218,72,53,19,,1,,,,1,146
2509206,Massaranduba,PB,1858,218,175,34,9,,,,,,1640
2509305,Mataraca,PB,73,14,13,,,,1,,,,59
2509339,Matinhas,PB,937,88,83,1,,,,3,,1,849
2509370,Mato Grosso,PB,134,69,38,40,1,,,,,,65
2509396,Maturéia,PB,420,57,56,,1,,,,,,363
2509404,Mogeiro,PB,1024,123,107,14,1,,,1,2,1,901
2509503,Montadas,PB,502,112,75,11,16,8,2,19,,,390
2509602,Monte Horebe,PB,493,84,78,3,,1,,,,4,409
2509701,Monteiro,PB,3198,420,212,72,39,8,2,1,,109,2778
2509800,Mulungu,PB,814,77,24,45,7,2,,1,8,1,737
2509909,Natuba,PB,870,220,214,9,1,,,,,,650
2510006,Nazarezinho,PB,562,295,293,3,,,,,,,267
2510105,Nova Floresta,PB,354,71,34,7,22,,,1,23,31,283
2510204,Nova Olinda,PB,417,3,1,2,1,,,,,,414
2510303,Nova Palmeira,PB,542,53,24,25,,1,,,,3,489
2510402,Olho d'Água,PB,533,59,53,6,1,,,,,2,474
2510501,Olivedos,PB,550,34,10,8,4,10,,,3,,516
2510600,Ouro Velho,PB,321,96,75,21,1,1,,,,,225
2510659,Parari,PB,358,177,169,14,,,,,,,181
2510709,Passagem,PB,99,47,31,16,,,,,,,52
2510808,Patos,PB,497,226,117,115,,,,,,2,271
2510907,Paulista,PB,813,321,292,83,,1,,,,1,492
2511004,Pedra Branca,PB,493,38,35,,,,,,,3,455
2511103,Pedra Lavrada,PB,1187,205,67,123,,,,26,,,982
2511202,Pedras de Fogo,PB,1822,181,94,27,43,,,1,,17,1641
2511301,Piancó,PB,892,73,35,38,2,,,,1,,819
2511400,Picuí,PB,1209,86,56,8,8,1,,3,,19,1123
2511509,Pilar,PB,598,112,103,8,2,1,,,,2,486
2511608,Pilões,PB,530,20,19,1,10,,,2,,,510
2511707,Pilõezinhos,PB,588,22,6,10,2,,,1,,3,566
2511806,Pirpirituba,PB,434,35,24,4,5,,,,,2,399
2511905,Pitimbu,PB,983,66,39,20,9,,2,,,1,917
2512002,Pocinhos,PB,1782,917,426,501,11,61,,,1,4,865
2512036,Poço Dantas,PB,257,30,19,11,,,,,,1,227
2512077,Poço de José de Moura,PB,465,49,46,2,,1,,,,,416
2512101,Pombal,PB,1334,471,448,23,,3,2,,11,,863
2512200,Prata,PB,334,79,66,8,,4,,,1,,255
2512309,Princesa Isabel,PB,1146,295,242,38,124,1,,1,,1,851
2512408,Puxinanã,PB,1062,77,42,32,2,,,1,,,985
2512507,Queimadas,PB,3401,371,329,26,34,2,,5,3,8,3030
2512606,Quixaba,PB,136,84,63,38,,,,,,1,52
2512705,Remígio,PB,875,165,130,14,32,,,15,1,11,710
2512721,Pedro Régis,PB,589,53,48,6,,,,,,,536
2512747,Riachão,PB,292,18,12,5,1,1,,,,1,274
2512754,Riachão do Bacamarte,PB,316,96,64,8,,,,24,,1,220
2512762,Riachão do Poço,PB,400,26,11,6,7,,1,,,1,374
2512788,Riacho de Santo Antônio,PB,49,10,4,2,4,,,,,,39
2512804,Riacho dos Cavalos,PB,596,204,116,89,1,,,,,,392
2512903,Rio Tinto,PB,1113,103,76,14,1,1,1,3,1,11,1010
2513000,Salgadinho,PB,337,143,133,14,,,,,,,194
2513109,Salgado de São Félix,PB,1337,102,85,15,3,,1,,,,1235
2513158,Santa Cecília,PB,1048,225,194,3,23,,,1,1,6,823
2513208,Santa Cruz,PB,487,193,123,53,,,,,,48,294
2513307,Santa Helena,PB,445,80,76,5,,,,,1,,365
2513356,Santa Inês,PB,403,134,54,80,,,,,1,1,269
2513406,Santa Luzia,PB,383,45,32,9,6,1,1,1,1,2,338
2513505,Santana de Mangueira,PB,687,98,18,77,2,,1,,,3,589
2513604,Santana dos Garrotes,PB,703,113,1,9,104,,,,,,590
2513653,Joca Claudino,PB,148,19,17,2,,,,,,1,129
2513703,Santa Rita,PB,610,44,19,15,2,1,,,,10,566
2513802,Santa Teresinha,PB,338,247,209,13,21,,,,,5,91
2513851,Santo André,PB,396,109,81,31,5,,,,,3,287
2513901,São Bento,PB,260,108,11,100,,,,,,,152
2513927,São Bentinho,PB,263,135,135,,,,,,,,128
2513943,São Domingos do Cariri,PB,331,68,35,1,3,,1,,,37,263
2513968,São Domingos,PB,273,136,122,4,,,,,,11,137
2513984,São Francisco,PB,292,88,88,1,,,,,,,204
2514008,São João do Cariri,PB,487,61,46,11,3,,1,1,,2,426
2514107,São João do Tigre,PB,583,29,26,,2,,,,,1,554
2514206,São José da Lagoa Tapada,PB,741,262,257,6,,,,,,,479
2514305,São José de Caiana,PB,545,8,,8,,,,,,,537
2514404,São José de Espinharas,PB,455,193,146,53,1,1,,,,3,262
2514453,São José dos Ramos,PB,481,309,286,7,22,,,,,32,172
2514503,São José de Piranhas,PB,1670,336,302,23,9,1,5,,,4,1334
2514552,São José de Princesa,PB,718,80,33,45,,,,1,,1,638
2514602,São José do Bonfim,PB,168,59,47,12,,,,,,,109
2514651,São José do Brejo do Cruz,PB,90,35,34,1,,,,,,,55
2514701,São José do Sabugi,PB,296,178,153,28,,,,2,2,,118
2514800,São José dos Cordeiros,PB,541,145,133,21,,,,,,,396
2514909,São Mamede,PB,569,117,31,83,6,1,,3,2,,452
2515005,São Miguel de Taipu,PB,674,135,125,9,,1,,,,,539
2515104,São Sebastião de Lagoa de Roça,PB,1376,225,158,2,63,2,1,,1,1,1151
2515203,São Sebastião do Umbuzeiro,PB,347,54,46,6,4,,,,1,1,293
2515302,Sapé,PB,1650,110,80,17,8,,1,,,10,1540
2515401,São Vicente do Seridó,PB,1154,232,16,204,1,,1,,1,10,922
2515500,Serra Branca,PB,951,267,211,50,1,2,,1,1,3,684
2515609,Serra da Raiz,PB,299,106,100,4,,,,,,3,193
2515708,Serra Grande,PB,430,12,1,12,,,,,,,418
2515807,Serra Redonda,PB,888,19,10,7,,,,,,2,869
2515906,Serraria,PB,579,120,117,2,,,,,,1,459
2515930,Sertãozinho,PB,336,46,39,6,,,1,,,,290
2515971,Sobrado,PB,1010,76,47,17,2,,,,,11,934
2516003,Solânea,PB,1637,347,282,15,2,3,,55,1,3,1290
2516102,Soledade,PB,960,81,26,21,5,1,1,22,4,5,879
2516151,Sossêgo,PB,353,125,122,1,1,,,,,63,228
2516201,Sousa,PB,1670,611,526,86,5,1,1,19,,2,1059
2516300,Sumé,PB,904,157,140,13,3,1,,,,2,747
2516409,Tacima,PB,515,60,36,12,,,,4,3,5,455
2516508,Taperoá,PB,1033,148,143,5,,,,,,,885
2516607,Tavares,PB,1373,316,315,2,3,,,,,,1057
2516706,Teixeira,PB,1260,158,85,24,,,,40,1,30,1102
2516755,Tenório,PB,260,46,38,8,,,,,,,214
2516805,Triunfo,PB,586,31,15,15,1,,,,,,555
2516904,Uiraúna,PB,663,149,87,50,4,,1,,6,4,514
2517001,Umbuzeiro,PB,886,228,169,30,31,,,,1,,658
2517100,Várzea,PB,227,56,54,3,2,,,,,2,171
2517209,Vieirópolis,PB,524,103,81,20,,,,,1,1,421
2517407,Zabelê,PB,266,41,36,2,4,,,,,,225
2600054,Abreu e Lima,PE,407,5,3,1,,,,,,1,402
2600104,Afogados da Ingazeira,PE,1877,89,39,11,12,4,3,15,,8,1788
2600203,Afrânio,PE,3456,132,88,39,1,,,2,,3,3324
2600302,Agrestina,PE,1059,85,35,39,,2,3,1,,8,974
2600401,Água Preta,PE,1204,557,231,22,63,1,,1,3,313,647
2600500,Águas Belas,PE,3050,235,113,29,87,,2,9,,17,2815
2600609,Alagoinha,PE,1245,58,21,4,15,1,1,11,,7,1187
2600708,Aliança,PE,795,72,38,28,4,,4,,,4,723
2600807,Altinho,PE,2846,17,7,7,1,,,,,2,2829
2600906,Amaraji,PE,1839,40,15,7,,,,,,18,1799
2601003,Angelim,PE,708,37,25,7,4,,,,,3,671
2601052,Araçoiaba,PE,57,20,19,,1,,,1,,,37
2601102,Araripina,PE,7365,393,75,186,6,2,3,109,10,31,6972
2601201,Arcoverde,PE,735,20,9,4,5,,,,,3,715
2601300,Barra de Guabiraba,PE,375,3,1,1,,,,,,1,372
2601409,Barreiros,PE,662,22,5,5,12,,,,,1,640
2601508,Belém de Maria,PE,894,4,4,,1,,,,,,890
2601607,Belém do São Francisco,PE,1546,120,50,44,1,1,2,,,26,1426
2601706,Belo Jardim,PE,1502,70,26,25,4,4,3,2,,9,1432
2601805,Betânia,PE,1772,30,23,6,1,,1,,,,1742
2601904,Bezerros,PE,1736,40,11,11,6,,3,1,,11,1696
2602001,Bodocó,PE,3566,31,14,13,2,,,2,,1,3535
2602100,Bom Conselho,PE,2698,190,58,61,49,2,1,5,1,17,2508
2602209,Bom Jardim,PE,3816,140,66,30,11,23,2,3,,8,3676
2602308,Bonito,PE,1677,78,28,33,2,15,,,,2,1599
2602407,Brejão,PE,1004,78,3,35,3,32,3,,,2,926
2602506,Brejinho,PE,837,29,20,5,2,,,,,2,808
2602605,Brejo da Madre de Deus,PE,1434,149,76,48,6,,,19,,13,1285
2602704,Buenos Aires,PE,419,18,9,8,,,,,,1,401
2602803,Buíque,PE,5647,116,19,65,2,,1,1,12,31,5531
2602902,Cabo de Santo Agostinho,PE,1872,26,16,4,4,,1,,,4,1846
2603009,Cabrobó,PE,1451,213,145,17,5,3,4,,,40,1238
2603108,Cachoeirinha,PE,864,14,8,3,,,,,,3,850
2603207,Caetés,PE,4458,222,125,47,23,,1,1,,26,4236
2603306,Calçado,PE,1908,65,22,9,6,4,2,1,,23,1843
2603405,Calumbi,PE,613,64,52,3,3,,,1,,5,549
2603454,Camaragibe,PE,12,7,2,3,1,,1,,,3,5
2603504,Camocim de São Félix,PE,322,41,8,10,3,1,,,,19,281
2603603,Camutanga,PE,230,70,68,2,,,1,,,,160
2603702,Canhotinho,PE,2172,62,13,43,1,1,,,,7,2110
2603801,Capoeiras,PE,2705,119,37,57,33,2,,1,,7,2586
2603900,Carnaíba,PE,2646,42,20,11,,,,8,,3,2604
2603926,Carnaubeira da Penha,PE,2090,5,2,2,,,,,,1,2085
2604007,Carpina,PE,380,30,10,11,2,3,2,,,5,350
2604106,Caruaru,PE,1390,209,150,26,20,1,2,1,1,10,1181
2604155,Casinhas,PE,1903,13,3,5,3,,,1,,2,1890
2604205,Catende,PE,883,179,147,1,5,24,1,,,1,704
2604304,Cedro,PE,637,29,7,4,,1,8,,,9,608
2604403,Chã de Alegria,PE,311,21,4,4,2,10,,,,2,290
2604502,Chã Grande,PE,1502,101,28,32,24,3,,,,16,1401
2604601,Condado,PE,190,6,2,2,2,,1,,,1,184
2604700,Correntes,PE,1290,55,15,28,2,7,,,,4,1235
2604809,Cortês,PE,341,19,12,5,,,,1,,1,322
2604908,Cumaru,PE,2407,184,153,34,1,,,,,1,2223
2605004,Cupira,PE,550,11,3,9,,,,,,,539
2605103,Custódia,PE,3705,13,1,8,1,,,,,4,3692
2605152,Dormentes,PE,3033,78,29,47,1,,,1,,2,2955
2605202,Escada,PE,612,153,129,15,5,,,,,5,459
2605301,Exu,PE,2594,173,85,28,11,,1,27,1,25,2421
2605400,Feira Nova,PE,767,73,53,5,11,,1,,,4,694
2605459,Fernando de Noronha,PE,11,2,1,,,,,,,1,9
2605509,Ferreiros,PE,430,13,4,6,1,,2,,1,1,417
2605608,Flores,PE,3196,35,13,19,1,,,,,2,3161
2605707,Floresta,PE,2012,179,120,28,29,4,4,,,9,1833
2605806,Frei Miguelinho,PE,1336,59,30,19,1,4,,1,,6,1277
2605905,Gameleira,PE,570,172,104,6,3,3,20,6,2,40,398
2606002,Garanhuns,PE,3054,121,24,57,6,29,2,,,9,2933
2606101,Glória do Goitá,PE,2326,199,108,35,20,10,1,18,1,14,2127
2606200,Goiana,PE,1481,44,17,14,8,1,,1,,5,1437
2606309,Granito,PE,539,117,84,17,1,,,14,3,,422
2606408,Gravatá,PE,1892,112,60,27,9,3,1,3,,11,1780
2606507,Iati,PE,1829,58,28,15,4,,,,,11,1771
2606606,Ibimirim,PE,1737,140,79,54,1,1,,,,7,1597
2606705,Ibirajuba,PE,1026,32,1,2,17,8,,6,,1,994
2606804,Igarassu,PE,558,35,25,8,4,,,,,2,523
2606903,Iguaracy,PE,1566,120,81,18,1,1,,22,,3,1446
2607000,Inajá,PE,2013,118,17,91,,2,7,2,,1,1895
2607109,Ingazeira,PE,625,122,97,22,2,,,1,,,503
2607208,Ipojuca,PE,1203,133,112,9,17,,,,1,3,1070
2607307,Ipubi,PE,1940,37,18,,10,,,2,1,6,1903
2607406,Itacuruba,PE,297,57,46,10,3,1,,,,,240
2607505,Itaíba,PE,4208,128,46,54,25,,1,1,,2,4080
2607604,Ilha de Itamaracá,PE,87,11,4,5,,,1,,,2,76
2607653,Itambé,PE,706,32,7,15,5,,7,,1,3,674
2607703,Itapetim,PE,1466,376,18,365,3,,,1,,3,1090
2607752,Itapissuma,PE,101,2,1,1,,,,,,,99
2607802,Itaquitinga,PE,746,17,3,11,,2,1,,,1,729
2607901,Jaboatão dos Guararapes,PE,604,26,8,8,1,,,,,10,578
2607950,Jaqueira,PE,495,40,38,2,,,,,,,455
2608008,Jataúba,PE,1090,10,2,6,2,,,,,,1080
2608057,Jatobá,PE,852,53,19,25,2,,3,,,15,799
2608107,João Alfredo,PE,2749,75,29,54,1,,,,,2,2674
2608206,Joaquim Nabuco,PE,363,52,47,1,5,1,,,,,311
2608255,Jucati,PE,1780,37,15,11,1,10,,,,1,1743
2608305,Jupi,PE,1470,126,57,17,32,12,1,2,,8,1344
2608404,Jurema,PE,1425,43,31,8,4,1,1,,,2,1382
2608453,Lagoa do Carro,PE,659,43,18,12,9,,2,,,4,616
2608503,Lagoa de Itaenga,PE,679,93,41,15,2,2,2,11,6,26,586
2608602,Lagoa do Ouro,PE,1595,38,7,18,5,2,1,,,6,1557
2608701,Lagoa dos Gatos,PE,2262,99,55,15,7,,,1,,22,2163
2608750,Lagoa Grande,PE,1362,337,286,14,7,,3,3,,205,1025
2608800,Lajedo,PE,1491,132,75,20,10,30,3,,,1,1359
2608909,Limoeiro,PE,1721,139,68,58,11,,,,,8,1582
2609006,Macaparana,PE,848,70,27,39,2,2,1,,,1,778
2609105,Machados,PE,575,31,25,5,,1,,,,1,544
2609154,Manari,PE,2857,64,5,42,15,,,,,2,2793
2609204,Maraial,PE,355,118,109,9,,,,,,,237
2609303,Mirandiba,PE,987,42,24,10,5,,1,,,3,945
2609402,Moreno,PE,795,49,18,21,7,2,4,1,,3,746
2609501,Nazaré da Mata,PE,389,43,23,10,2,9,1,,,,346
2609600,Olinda,PE,84,4,1,2,,,,,,1,80
2609709,Orobó,PE,2229,172,73,68,9,7,,2,,15,2057
2609808,Orocó,PE,1524,38,,21,,2,1,,,15,1486
2609907,Ouricuri,PE,5091,319,117,26,12,,1,153,1,39,4772
2610004,Palmares,PE,540,188,182,3,,1,2,,,2,352
2610103,Palmeirina,PE,736,27,13,8,2,,,,,4,709
2610202,Panelas,PE,2423,12,3,9,1,,,,,,2411
2610301,Paranatama,PE,2031,42,16,7,9,5,1,2,,3,1989
2610400,Parnamirim,PE,1886,215,183,9,2,,1,2,2,27,1671
2610509,Passira,PE,2269,46,10,27,5,1,1,,,2,2223
2610608,Paudalho,PE,870,63,35,17,2,7,2,,,2,807
2610707,Paulista,PE,165,5,1,3,,1,,,,,160
2610806,Pedra,PE,1808,114,10,32,1,,,7,,66,1694
2610905,Pesqueira,PE,2586,208,125,25,13,25,,5,5,26,2378
2611002,Petrolândia,PE,1572,157,111,38,7,,6,,1,3,1415
2611101,Petrolina,PE,7010,2150,881,988,46,111,18,2,,142,4860
2611200,Poção,PE,895,11,6,4,1,,,,,,884
2611309,Pombos,PE,2097,102,44,41,7,6,3,4,,5,1995
2611408,Primavera,PE,617,13,8,4,1,,,,,,604
2611507,Quipapá,PE,1666,5,,2,1,1,,,,1,1661
2611533,Quixaba,PE,1353,30,25,4,,,1,,,,1323
2611606,Recife,PE,242,72,42,17,,,,2,,12,170
2611705,Riacho das Almas,PE,1414,51,18,11,13,,2,4,,9,1363
2611804,Ribeirão,PE,312,47,25,15,2,,,2,,5,265
2611903,Rio Formoso,PE,879,126,83,11,1,,,45,,,753
2612000,Sairé,PE,1235,26,4,14,1,3,1,,,4,1209
2612109,Salgadinho,PE,770,1,1,,,,,,,,769
2612208,Salgueiro,PE,1911,42,29,8,3,1,1,,,1,1869
2612307,Saloá,PE,1468,106,52,12,13,1,2,2,,25,1362
2612406,Sanharó,PE,873,79,40,20,2,7,1,7,,8,794
2612455,Santa Cruz,PE,1935,8,2,3,,,1,1,,1,1927
2612471,Santa Cruz da Baixa Verde,PE,1126,210,171,7,13,,,15,,5,916
2612505,Santa Cruz do Capibaribe,PE,435,212,119,3,,,,170,10,6,223
2612554,Santa Filomena,PE,2030,68,6,19,2,,,31,6,7,1962
2612604,Santa Maria da Boa Vista,PE,4351,868,554,130,6,8,121,3,,54,3483
2612703,Santa Maria do Cambucá,PE,1738,88,63,32,,,,,,6,1650
2612802,Santa Terezinha,PE,813,10,1,7,,,1,1,,,803
2612901,São Benedito do Sul,PE,557,7,3,4,,,,,,,550
2613008,São Bento do Una,PE,4100,286,83,123,55,7,4,2,,25,3814
2613107,São Caitano,PE,1678,122,44,29,26,19,,,,5,1556
2613206,São João,PE,2733,33,6,15,4,9,,,,,2700
2613305,São Joaquim do Monte,PE,1141,82,56,16,2,,2,,,7,1059
2613404,São José da Coroa Grande,PE,324,,,,,,,,,,324
2613503,São José do Belmonte,PE,2939,496,421,39,7,6,1,,3,29,2443
2613602,São José do Egito,PE,2764,112,17,59,8,16,3,7,,7,2652
2613701,São Lourenço da Mata,PE,727,84,52,12,3,1,1,2,,16,643
2613800,São Vicente Férrer,PE,443,46,24,12,6,,,,,4,397
2613909,Serra Talhada,PE,4226,457,352,39,20,,,1,1,46,3769
2614006,Serrita,PE,2222,116,26,80,9,1,1,,,1,2106
2614105,Sertânia,PE,3578,142,77,19,30,2,1,1,1,20,3436
2614204,Sirinhaém,PE,702,44,28,10,,,1,2,,7,658
2614303,Moreilândia,PE,779,53,44,3,,,1,1,1,3,726
2614402,Solidão,PE,807,55,45,5,3,,,1,,2,752
2614501,Surubim,PE,2440,97,56,11,2,5,,,,23,2343
2614600,Tabira,PE,1722,30,10,7,8,,,2,,7,1692
2614709,Tacaimbó,PE,571,24,3,10,3,7,,,,1,547
2614808,Tacaratu,PE,2947,238,214,19,1,1,,1,,2,2709
2614857,Tamandaré,PE,571,70,10,4,56,1,,1,,1,501
2615003,Taquaritinga do Norte,PE,1561,31,16,1,12,,,1,,2,1530
2615102,Terezinha,PE,849,45,5,11,20,6,2,,,1,804
2615201,Terra Nova,PE,420,53,45,6,,,,,,2,367
2615300,Timbaúba,PE,688,41,27,9,4,,1,,,1,647
2615409,Toritama,PE,33,1,,1,,,,,,,32
2615508,Tracunhaém,PE,242,11,1,8,,2,2,,,,231
2615607,Trindade,PE,1196,57,7,3,3,,,38,3,3,1139
2615706,Triunfo,PE,1672,79,2,9,1,1,,39,,32,1593
2615805,Tupanatinga,PE,2616,178,53,12,114,1,,1,2,17,2438
2615904,Tuparetama,PE,373,30,10,9,1,2,1,3,,6,343
2616001,Venturosa,PE,1132,55,7,17,30,,,,1,2,1077
2616100,Verdejante,PE,1165,39,31,7,,,,,,1,1126
2616183,Vertente do Lério,PE,610,32,17,12,,,,,,3,578
2616209,Vertentes,PE,790,102,85,42,,,,,1,17,688
2616308,Vicência,PE,760,74,45,18,2,1,1,1,,11,686
2616407,Vitória de Santo Antão,PE,1832,67,19,38,4,5,3,,,6,1765
2616506,Xexéu,PE,119,78,45,3,1,,2,,,28,41
2700102,Água Branca,AL,2105,57,30,16,8,,1,,,4,2048
2700201,Anadia,AL,270,24,10,13,3,,,1,1,1,246
2700300,Arapiraca,AL,2919,177,75,68,20,3,3,1,4,11,2742
2700409,Atalaia,AL,439,59,15,28,20,1,1,,,1,380
2700508,Barra de Santo Antônio,AL,15,8,,8,2,,,,,,7
2700607,Barra de São Miguel,AL,13,4,1,2,,1,,,,,9
2700706,Batalha,AL,734,93,49,21,10,1,1,,,16,641
2700805,Belém,AL,230,6,2,4,,,,,,,224
2700904,Belo Monte,AL,497,28,18,6,,,,,,4,469
2701001,Boca da Mata,AL,201,29,6,20,1,1,,1,2,2,172
2701100,Branquinha,AL,543,25,13,2,,,,3,,8,518
2701209,Cacimbinhas,AL,773,32,9,20,,,2,,,1,741
2701308,Cajueiro,AL,158,36,20,18,,,,,,,122
2701357,Campestre,AL,124,3,,3,,,,,,,121
2701407,Campo Alegre,AL,336,24,5,15,,,1,1,2,5,312
2701506,Campo Grande,AL,1302,8,1,4,,1,2,,,,1294
2701605,Canapi,AL,1690,38,22,11,2,,,2,,2,1652
2701704,Capela,AL,252,27,4,20,2,,,,,1,225
2701803,Carneiros,AL,609,8,5,2,,,,1,,,601
2701902,Chã Preta,AL,415,36,12,26,,,1,,,,379
2702009,Coité do Nóia,AL,1706,70,43,21,4,1,1,,,2,1636
2702108,Colônia Leopoldina,AL,353,11,2,7,1,,,,,1,342
2702207,Coqueiro Seco,AL,41,6,1,3,,,,,,2,35
2702306,Coruripe,AL,694,308,5,40,261,2,2,2,,17,386
2702355,Craíbas,AL,2924,47,16,18,6,,3,,2,4,2877
2702405,Delmiro Gouveia,AL,968,58,38,9,8,,,1,,2,910
2702504,Dois Riachos,AL,1144,24,2,13,9,,,,,1,1120
2702553,Estrela de Alagoas,AL,2670,36,25,13,6,,,,,1,2634
2702603,Feira Grande,AL,3264,124,55,36,4,1,3,,,26,3140
2702702,Feliz Deserto,AL,260,40,5,8,11,1,1,,,18,220
2702801,Flexeiras,AL,558,76,32,29,9,,1,,,6,482
2702900,Girau do Ponciano,AL,4117,84,31,28,12,4,3,,,8,4033
2703007,Ibateguara,AL,419,13,2,3,7,,,,,1,406
2703106,Igaci,AL,2939,241,106,64,49,2,3,,5,19,2698
2703205,Igreja Nova,AL,1413,118,35,37,10,4,5,,,29,1295
2703304,Inhapi,AL,1744,37,22,10,3,1,,1,,1,1707
2703403,Jacaré dos Homens,AL,538,56,19,35,1,,,,,1,482
2703502,Jacuípe,AL,443,10,,7,,,,,,4,433
2703601,Japaratinga,AL,157,7,,7,,,,,,,150
2703700,Jaramataia,AL,401,75,48,25,,,,,2,,326
2703759,Jequiá da Praia,AL,211,10,,7,,1,,,1,2,201
2703809,Joaquim Gomes,AL,751,82,14,13,10,,,,,46,669
2703908,Jundiá,AL,215,2,,2,,,,,,,213
2704005,Junqueiro,AL,1532,156,100,30,13,6,2,,,8,1376
2704104,Lagoa da Canoa,AL,1577,64,29,20,5,3,4,1,1,3,1513
2704203,Limoeiro de Anadia,AL,1984,125,58,44,13,4,4,2,1,10,1859
2704302,Maceió,AL,43,22,,22,,,,,,,21
2704401,Major Isidoro,AL,1984,157,110,44,,,2,,4,,1827
2704500,Maragogi,AL,1179,82,48,9,11,1,,,,15,1097
2704609,Maravilha,AL,959,140,111,19,7,1,,,,8,819
2704708,Marechal Deodoro,AL,100,16,1,11,,,,,,4,84
2704807,Maribondo,AL,290,26,16,10,,,,,,1,264
2704906,Mar Vermelho,AL,341,24,2,20,2,,,,,,317
2705002,Mata Grande,AL,3260,35,16,15,1,,,,,3,3225
2705101,Matriz de Camaragibe,AL,299,12,1,7,1,2,3,,,,287
2705200,Messias,AL,256,20,6,13,,,,,,1,236
2705309,Minador do Negrão,AL,793,53,7,44,1,,,,,1,740
2705408,Monteirópolis,AL,315,12,7,5,1,,,,,,303
2705507,Murici,AL,594,62,22,29,7,1,,,,5,532
2705606,Novo Lino,AL,281,47,41,4,1,,,,,1,234
2705705,Olho d'Água das Flores,AL,1417,140,105,26,3,,1,1,,8,1277
2705804,Olho d'Água do Casado,AL,722,29,21,5,2,,,1,,,693
2705903,Olho d'Água Grande,AL,898,8,1,3,,,1,,,3,890
2706000,Olivença,AL,1512,98,92,37,1,,,,,1,1414
2706109,Ouro Branco,AL,835,85,63,9,5,4,,1,,3,750
2706208,Palestina,AL,114,60,60,,,,,,,,54
2706307,Palmeira dos Índios,AL,3491,83,29,39,14,,,,,5,3408
2706406,Pão de Açúcar,AL,1487,45,26,8,4,,,,1,8,1442
2706422,Pariconha,AL,757,,,,,,,,,,757
2706448,Paripueira,AL,84,12,1,7,1,,,,,4,72
2706505,Passo de Camaragibe,AL,99,12,4,7,1,,1,1,,1,87
2706604,Paulo Jacinto,AL,337,19,3,13,1,,,,,2,318
2706703,Penedo,AL,1445,291,22,39,222,1,2,,,14,1154
2706802,Piaçabuçu,AL,191,17,3,6,4,,3,,,2,174
2706901,Pilar,AL,145,27,2,21,2,1,,,,2,118
2707008,Pindoba,AL,325,14,2,12,,,,,,,311
2707107,Piranhas,AL,1043,125,99,12,2,1,1,17,,14,918
2707206,Poço das Trincheiras,AL,1375,229,102,107,27,,1,,1,1,1146
2707305,Porto Calvo,AL,416,36,2,19,11,,1,,,3,380
2707404,Porto de Pedras,AL,233,45,34,9,1,,,,1,1,188
2707503,Porto Real do Colégio,AL,1208,7,,3,,1,1,,,2,1201
2707602,Quebrangulo,AL,800,92,10,36,38,,2,,,7,708
2707701,Rio Largo,AL,72,15,2,14,,,,,1,,57
2707800,Roteiro,AL,72,6,,4,,1,,,,1,66
2707909,Santa Luzia do Norte,AL,19,6,,5,,,,,,1,13
2708006,Santana do Ipanema,AL,2326,267,44,196,28,4,,1,,2,2059
2708105,Santana do Mundaú,AL,1679,65,12,13,25,,1,,13,3,1614
2708204,São Brás,AL,467,8,,8,,,,1,,1,459
2708303,São José da Laje,AL,356,28,20,7,,,,,,1,328
2708402,São José da Tapera,AL,2448,186,152,26,15,,,,2,4,2262
2708501,São Luís do Quitunde,AL,881,58,48,4,2,,2,,,2,823
2708600,São Miguel dos Campos,AL,147,34,7,25,,5,,1,1,3,113
2708709,São Miguel dos Milagres,AL,95,2,1,1,1,,,,,,93
2708808,São Sebastião,AL,2624,162,68,18,21,51,2,,,10,2462
2708907,Satuba,AL,21,13,1,12,,,,,,,8
2708956,Senador Rui Palmeira,AL,1558,44,2,7,1,,,,,34,1514
2709004,Tanque d'Arca,AL,454,3,,2,,,1,,,1,451
2709103,Taquarana,AL,2155,30,13,7,2,,,,,8,2125
2709152,Teotônio Vilela,AL,529,62,21,32,1,,1,,,11,467
2709202,Traipu,AL,3126,149,114,18,25,,,,,1,2977
2709301,União dos Palmares,AL,1650,38,11,18,1,,1,2,,7,1612
2709400,Viçosa,AL,831,88,27,57,1,,1,,,4,743
2800100,Amparo do São Francisco,SE,43,9,3,7,,,,,,,34
2800209,Aquidabã,SE,1513,16,6,5,,,4,,,2,1497
2800308,Aracaju,SE,85,17,2,12,,,,1,,2,68
2800407,Arauá,SE,983,249,204,39,,1,2,,,6,734
2800506,Areia Branca,SE,873,24,12,6,,,1,,,5,849
2800605,Barra dos Coqueiros,SE,249,5,3,1,,,1,,,,244
2800670,Boquim,SE,2553,315,242,66,4,4,1,,1,4,2238
2800704,Brejo Grande,SE,459,30,1,27,,1,,,,1,429
2801009,Campo do Brito,SE,1155,61,8,51,2,,,,,1,1094
2801108,Canhoba,SE,455,72,43,21,2,,1,1,,5,383
2801207,Canindé de São Francisco,SE,1218,158,124,15,,,,,18,1,1060
2801306,Capela,SE,1511,87,65,18,,,1,,,4,1424
2801405,Carira,SE,1854,429,393,31,,,1,,1,7,1425
2801504,Carmópolis,SE,110,15,5,9,,,,,,1,95
2801603,Cedro de São João,SE,355,58,2,19,1,,,,,38,297
2801702,Cristinápolis,SE,1241,92,56,20,9,,,,,8,1149
2801900,Cumbe,SE,439,8,1,7,,,,,,,431
2802007,Divina Pastora,SE,165,14,2,12,,,,,,,151
2802106,Estância,SE,1777,102,53,42,1,2,1,,,4,1675
2802205,Feira Nova,SE,560,21,,20,,,1,,,,539
2802304,Frei Paulo,SE,819,82,39,40,,,,,1,15,737
2802403,Gararu,SE,2238,120,52,62,,1,,,,5,2118
2802502,General Maynard,SE,182,4,1,2,,,,,,1,178
2802601,Graccho Cardoso,SE,932,33,7,19,,,,,,7,899
2802700,Ilha das Flores,SE,331,120,103,4,1,,1,,,11,211
2802809,Indiaroba,SE,1794,166,94,60,7,2,3,,1,3,1628
2802908,Itabaiana,SE,3262,65,23,28,5,2,3,,,9,3197
2803005,Itabaianinha,SE,3589,458,349,69,43,3,3,,,15,3131
2803104,Itabi,SE,727,30,23,8,,,,1,,,697
2803203,Itaporanga d'Ajuda,SE,1768,119,41,58,12,5,2,,1,9,1649
2803302,Japaratuba,SE,825,51,10,27,4,,2,,,12,774
2803401,Japoatã,SE,981,39,7,24,5,,,,,4,942
2803500,Lagarto,SE,6895,661,387,163,16,68,6,,1,43,6234
2803609,Laranjeiras,SE,224,34,14,15,2,,,,,5,190
2803708,Macambira,SE,492,23,7,13,1,,,,,3,469
2803807,Malhada dos Bois,SE,171,16,9,8,,,,,,,155
2803906,Malhador,SE,1189,57,39,15,,2,2,,,,1132
2804003,Maruim,SE,93,19,11,5,,3,,,,1,74
2804102,Moita Bonita,SE,2204,71,24,22,16,,1,,,10,2133
2804201,Monte Alegre de Sergipe,SE,1162,73,45,25,2,,1,,,,1089
2804300,Muribeca,SE,326,29,8,20,,,,,,2,297
2804409,Neópolis,SE,967,166,136,25,1,4,1,,1,2,801
2804458,Nossa Senhora Aparecida,SE,2006,58,21,26,4,1,6,,,1,1948
2804508,Nossa Senhora da Glória,SE,2991,396,314,70,2,1,,,1,15,2595
2804607,Nossa Senhora das Dores,SE,1412,100,24,69,,3,1,,,4,1312
2804706,Nossa Senhora de Lourdes,SE,395,13,7,5,,,2,,,,382
2804805,Nossa Senhora do Socorro,SE,323,68,34,26,7,,,1,,2,255
2804904,Pacatuba,SE,1304,75,54,10,10,,2,1,,1,1229
2805000,Pedra Mole,SE,291,64,51,11,,,,,,2,227
2805109,Pedrinhas,SE,590,27,19,8,,,,,,,563
2805208,Pinhão,SE,478,121,104,16,,,,,,1,357
2805307,Pirambu,SE,648,11,,9,2,,,,,,637
2805406,Poço Redondo,SE,4076,638,524,117,1,1,,1,3,14,3438
2805505,Poço Verde,SE,2082,299,216,78,,4,1,,,12,1783
2805604,Porto da Folha,SE,2646,206,118,83,,1,,,6,1,2440
2805703,Propriá,SE,634,104,47,55,1,1,,1,,1,530
2805802,Riachão do Dantas,SE,3594,192,136,45,,6,2,,1,5,3402
2805901,Riachuelo,SE,256,30,22,6,2,,,,,,226
2806008,Ribeirópolis,SE,1842,91,38,45,,4,1,,,4,1751
2806107,Rosário do Catete,SE,160,22,11,10,,,,,,2,138
2806206,Salgado,SE,2074,181,142,56,6,1,1,,,,1893
2806305,Santa Luzia do Itanhy,SE,1171,201,153,49,,,,,,4,970
2806404,Santana do São Francisco,SE,60,11,3,7,,,,,,1,49
2806503,Santa Rosa de Lima,SE,465,28,20,5,1,1,,,,1,437
2806602,Santo Amaro das Brotas,SE,732,88,61,15,1,9,,,,5,644
2806701,São Cristóvão,SE,927,102,44,45,1,2,1,3,,12,825
2806800,São Domingos,SE,1506,43,14,21,5,,,,,3,1463
2806909,São Francisco,SE,165,1,,1,,,,,,,164
2807006,São Miguel do Aleixo,SE,561,65,53,10,1,,1,,1,,496
2807105,Simão Dias,SE,3490,338,229,74,8,7,4,,,28,3152
2807204,Siriri,SE,492,44,24,18,,2,,,,1,448
2807303,Telha,SE,137,22,1,21,,,,,,,115
2807402,Tobias Barreto,SE,3545,112,38,40,14,,,1,10,11,3433
2807501,Tomar do Geru,SE,1830,103,82,17,,1,,1,,5,1727
2807600,Umbaúba,SE,1090,215,177,27,3,4,1,,,6,875
2900108,Abaíra,BA,917,32,17,8,6,,1,,,1,885
2900207,Abaré,BA,1725,90,31,34,22,,1,,,3,1635
2900306,Acajutiba,BA,1337,69,4,30,21,,1,2,,11,1268
2900355,Adustina,BA,3245,697,334,145,1,2,199,3,,37,2548
2900405,Água Fria,BA,2144,220,179,28,8,1,,,,7,1924
2900504,Érico Cardoso,BA,1987,130,108,16,,1,,,,5,1857
2900603,Aiquara,BA,329,60,42,19,,,,,,,269
2900702,Alagoinhas,BA,2539,277,19,42,94,13,1,2,1,114,2262
2900801,Alcobaça,BA,1235,320,62,56,61,108,10,36,,14,915
2900900,Almadina,BA,197,22,7,15,,1,1,,,,175
2901007,Amargosa,BA,2725,99,51,39,6,1,1,1,,3,2626
2901106,Amélia Rodrigues,BA,323,48,7,30,1,5,,1,,4,275
2901155,América Dourada,BA,1284,124,50,43,15,5,1,1,,10,1160
2901205,Anagé,BA,2457,55,18,20,3,,1,2,,12,2402
2901304,Andaraí,BA,933,90,49,21,8,,,2,,15,843
2901353,Andorinha,BA,2400,360,279,50,1,,,87,13,28,2040
2901403,Angical,BA,1286,44,23,16,,2,1,,,3,1242
2901502,Anguera,BA,828,22,3,12,,,,,,7,806
2901601,Antas,BA,1614,196,102,42,1,1,,47,,4,1418
2901700,Antônio Cardoso,BA,2037,39,10,25,1,2,,,,2,1998
2901809,Antônio Gonçalves,BA,797,78,47,5,24,,1,2,,,719
2901908,Aporá,BA,2628,92,6,24,53,1,,,,8,2536
2901957,Apuarema,BA,414,34,20,8,1,,,,4,2,380
2902005,Aracatu,BA,3015,142,24,78,4,,1,5,1,31,2873
2902054,Araçás,BA,851,31,10,20,,3,1,,,,820
2902104,Araci,BA,4767,246,69,14,39,,,100,11,19,4521
2902203,Aramari,BA,771,52,,23,,,,,,29,719
2902252,Arataca,BA,767,74,26,33,11,,,,1,5,693
2902302,Aratuípe,BA,898,6,1,4,,1,,,,,892
2902401,Aurelino Leal,BA,378,58,27,31,1,1,1,,1,,320
2902500,Baianópolis,BA,2107,101,42,42,8,4,1,,,11,2006
2902609,Baixa Grande,BA,2615,229,174,30,5,,1,1,,20,2386
2902658,Banzaê,BA,1754,174,63,17,19,37,,41,,4,1580
2902708,Barra,BA,2892,68,54,12,2,,,,,1,2824
2902807,Barra da Estiva,BA,3773,614,50,136,35,250,18,,,149,3159
2902906,Barra do Choça,BA,1985,276,37,158,11,,1,6,5,78,1709
2903003,Barra do Mendes,BA,1990,127,81,18,1,2,1,22,,4,1863
2903102,Barra do Rocha,BA,460,47,30,19,,,,,,,413
2903201,Barreiras,BA,2187,225,15,183,13,10,16,,,5,1962
2903235,Barro Alto,BA,1863,20,7,6,4,,,,,3,1843
2903276,Barrocas,BA,1588,76,9,17,20,,,24,3,11,1512
2903300,Barro Preto,BA,393,57,28,22,2,3,1,,,6,336
2903409,Belmonte,BA,1380,143,56,44,17,4,2,,1,21,1237
2903508,Belo Campo,BA,1272,70,30,12,17,,1,,1,13,1202
2903607,Biritinga,BA,2552,97,38,38,10,3,,,5,3,2455
2903706,Boa Nova,BA,2070,57,41,12,1,,1,,,2,2013
2903805,Boa Vista do Tupim,BA,2536,67,5,40,14,,1,4,,3,2469
2903904,Bom Jesus da Lapa,BA,3716,396,211,154,6,9,2,2,,20,3320
2903953,Bom Jesus da Serra,BA,1570,18,8,2,2,,,,,7,1552
2904001,Boninal,BA,1113,166,64,31,18,38,10,,,13,947
2904050,Bonito,BA,1677,105,35,64,,4,,,,3,1572
2904100,Boquira,BA,2958,70,33,30,6,,,1,,1,2888
2904209,Botuporã,BA,2222,111,38,12,1,,,55,7,7,2111
2904308,Brejões,BA,1428,81,65,15,1,,,,,1,1347
2904407,Brejolândia,BA,1395,117,5,105,1,,,,1,6,1278
2904506,Brotas de Macaúbas,BA,1640,25,6,3,4,2,,1,,10,1615
2904605,Brumado,BA,4589,187,50,75,18,2,1,2,,41,4402
2904704,Buerarema,BA,571,40,28,10,3,,,,,1,531
2904753,Buritirama,BA,2207,28,22,4,,,1,,,1,2179
2904803,Caatiba,BA,679,36,10,21,2,,2,1,,1,643
2904852,Cabaceiras do Paraguaçu,BA,3109,524,54,43,12,380,6,5,2,47,2585
2904902,Cachoeira,BA,1982,182,79,28,36,4,2,55,,15,1800
2905008,Caculé,BA,2498,192,50,30,83,3,,,,37,2306
2905107,Caém,BA,1034,122,40,19,65,,,2,,3,912
2905156,Caetanos,BA,1859,98,28,19,16,1,,,24,11,1761
2905206,Caetité,BA,4554,77,12,32,23,1,1,1,2,7,4477
2905305,Cafarnaum,BA,2224,31,18,13,1,,,,,,2193
2905404,Cairu,BA,26,5,3,1,1,,,,,,21
2905503,Caldeirão Grande,BA,1591,39,9,7,17,,,,,7,1552
2905602,Camacan,BA,731,85,14,37,35,,1,,,1,646
2905701,Camaçari,BA,1170,154,62,30,10,2,2,13,2,38,1016
2905800,Camamu,BA,2687,337,210,29,48,4,2,98,11,55,2350
2905909,Campo Alegre de Lourdes,BA,5257,291,136,16,71,1,,123,4,11,4966
2906006,Campo Formoso,BA,5828,271,155,51,22,3,8,7,4,33,5557
2906105,Canápolis,BA,1601,105,98,5,,,,,,2,1496
2906204,Canarana,BA,2581,104,53,26,2,2,9,,,15,2477
2906303,Canavieiras,BA,1558,95,21,73,2,,,,1,3,1463
2906402,Candeal,BA,868,28,7,18,2,,,,,1,840
2906501,Candeias,BA,451,33,10,22,2,,,1,,,418
2906600,Candiba,BA,1912,65,6,37,,,2,,,22,1847
2906709,Cândido Sales,BA,1300,49,30,8,7,,2,,2,4,1251
2906808,Cansanção,BA,3464,347,268,10,56,3,,5,,14,3117
2906824,Canudos,BA,1741,296,143,15,141,,,15,,6,1445
2906857,Capela do Alto Alegre,BA,1235,175,155,13,27,1,,1,1,,1060
2906873,Capim Grosso,BA,1083,63,31,13,17,,,,,2,1020
2906899,Caraíbas,BA,1709,79,13,50,9,1,,,,6,1630
2906907,Caravelas,BA,1001,129,16,56,32,7,6,1,,20,872
2907004,Cardeal da Silva,BA,171,7,,6,1,,,,,,164
2907103,Carinhanha,BA,2548,57,1,45,,1,6,,,4,2491
2907202,Casa Nova,BA,7471,863,315,110,23,10,3,277,52,99,6608
2907301,Castro Alves,BA,1662,43,34,8,,2,,,,,1619
2907400,Catolândia,BA,513,23,11,10,,,2,,1,,490
2907509,Catu,BA,986,31,7,19,3,,,,,2,955
2907558,Caturama,BA,1796,45,5,36,2,,,,,4,1751
2907608,Central,BA,1994,46,22,12,9,1,,1,,2,1948
2907707,Chorrochó,BA,1089,59,24,15,3,,,2,,17,1030
2907806,Cícero Dantas,BA,4682,355,103,48,7,5,2,186,,12,4327
2907905,Cipó,BA,1158,53,45,6,1,,,1,,2,1105
2908002,Coaraci,BA,362,68,37,30,1,,,,,1,294
2908101,Cocos,BA,1654,58,19,38,3,2,2,,2,2,1596
2908200,Conceição da Feira,BA,797,181,100,29,3,21,1,4,,25,616
2908309,Conceição do Almeida,BA,1304,36,6,25,,,1,,,4,1268
2908408,Conceição do Coité,BA,5598,574,385,100,49,13,7,26,2,2,5024
2908507,Conceição do Jacuípe,BA,471,69,5,53,,6,3,,,4,402
2908606,Conde,BA,2174,117,39,55,7,9,2,3,,5,2057
2908705,Condeúba,BA,2701,563,415,20,96,,2,1,,57,2138
2908804,Contendas do Sincorá,BA,347,13,1,11,,,,,,1,334
2908903,Coração de Maria,BA,2578,254,182,27,18,19,3,1,,17,2324
2909000,Cordeiros,BA,1371,195,177,9,8,,,1,,,1176
2909109,Coribe,BA,1826,82,36,38,5,,,,,4,1744
2909208,Coronel João Sá,BA,2193,257,175,64,,2,6,4,,8,1936
2909307,Correntina,BA,3171,115,8,98,1,2,2,2,,4,3056
2909406,Cotegipe,BA,1913,124,46,73,1,,1,1,,5,1789
2909505,Cravolândia,BA,221,8,4,2,2,,,,,,213
2909604,Crisópolis,BA,4223,164,122,29,8,,,1,,8,4059
2909703,Cristópolis,BA,1272,32,6,19,2,,,,,5,1240
2909802,Cruz das Almas,BA,1431,142,40,12,3,1,1,10,29,47,1289
2909901,Curaçá,BA,4592,943,542,115,24,6,4,249,,16,3649
2910008,Dário Meira,BA,936,55,39,15,,,,,,3,881
2910057,Dias d'Ávila,BA,192,24,12,4,3,,,3,,3,168
2910107,Dom Basílio,BA,2048,97,5,48,3,1,,3,,38,1951
2910206,Dom Macedo Costa,BA,507,18,,15,2,,,1,,,489
2910305,Elísio Medrado,BA,1263,37,4,19,7,,1,4,,5,1226
2910404,Encruzilhada,BA,1857,140,17,92,4,,,1,,26,1717
2910503,Entre Rios,BA,616,70,8,51,3,,5,2,2,4,546
2910602,Esplanada,BA,2484,256,59,137,13,1,35,3,,20,2228
2910701,Euclides da Cunha,BA,5673,385,238,98,35,3,1,2,2,18,5288
2910727,Eunápolis,BA,937,251,11,64,16,7,5,108,,47,686
2910750,Fátima,BA,2469,499,379,56,4,3,7,33,,25,1970
2910776,Feira da Mata,BA,1184,22,6,15,,,,,,1,1162
2910800,Feira de Santana,BA,9165,439,98,142,32,29,5,89,9,55,8726
2910859,Filadélfia,BA,1676,59,8,36,4,,,1,4,6,1617
2910909,Firmino Alves,BA,207,15,1,13,,,,,1,1,192
2911006,Floresta Azul,BA,408,44,15,29,,,,,,2,364
2911105,Formosa do Rio Preto,BA,1349,221,17,197,6,5,7,,,1,1128
2911204,Gandu,BA,1227,194,92,19,55,18,1,8,13,6,1033
2911253,Gavião,BA,592,152,81,2,36,,,33,,,440
2911303,Gentio do Ouro,BA,867,22,14,8,1,,,,,,845
2911402,Glória,BA,1434,117,18,47,4,25,3,1,1,21,1317
2911501,Gongogi,BA,251,62,31,23,1,,,,,7,189
2911600,Governador Mangabeira,BA,2127,155,24,20,37,64,4,,,18,1972
2911659,Guajeru,BA,1866,61,49,6,4,,,,,2,1805
2911709,Guanambi,BA,4410,232,24,156,17,1,1,1,17,24,4178
2911808,Guaratinga,BA,2119,209,79,58,2,2,2,1,1,68,1910
2911857,Heliópolis,BA,2036,170,99,43,3,,1,,,24,1866
2911907,Iaçu,BA,1675,56,3,52,,,,,1,,1619
2912004,Ibiassucê,BA,1629,125,23,15,94,,,3,,3,1504
2912103,Ibicaraí,BA,264,12,6,4,,,,1,,1,252
2912202,Ibicoara,BA,1721,247,126,75,39,12,,,,8,1474
2912301,Ibicuí,BA,1053,121,41,59,4,9,1,,7,3,932
2912400,Ibipeba,BA,2207,82,26,30,13,2,2,1,,9,2125
2912509,Ibipitanga,BA,2422,145,52,9,62,27,,4,1,5,2277
2912608,Ibiquera,BA,581,32,22,7,1,,,,,2,549
2912707,Ibirapitanga,BA,2025,276,208,45,6,,,2,52,4,1749
2912806,Ibirapuã,BA,492,97,4,41,11,10,4,,2,33,395
2912905,Ibirataia,BA,941,67,29,29,8,,1,,,3,874
2913002,Ibitiara,BA,2177,3,1,2,,,,,,,2174
2913101,Ibititá,BA,2569,89,23,44,4,3,4,1,1,12,2480
2913200,Ibotirama,BA,1445,109,67,15,10,,1,,10,8,1336
2913309,Ichu,BA,485,32,12,9,6,1,,,,4,453
2913408,Igaporã,BA,1410,48,14,32,2,,,,,1,1362
2913457,Igrapiúna,BA,2245,155,41,24,34,9,7,29,2,20,2090
2913507,Iguaí,BA,2009,109,27,50,3,,2,1,23,9,1900
2913606,Ilhéus,BA,3557,393,134,119,44,5,5,1,1,111,3164
2913705,Inhambupe,BA,4136,483,59,100,303,8,3,4,,25,3653
2913804,Ipecaetá,BA,3462,15,1,9,4,,,,,1,3447
2913903,Ipiaú,BA,866,57,21,38,2,1,1,1,,1,809
2914000,Ipirá,BA,6186,315,69,57,50,3,6,12,1,121,5871
2914109,Ipupiara,BA,1066,102,81,3,24,,,2,,2,964
2914208,Irajuba,BA,442,24,10,9,2,,,,,3,418
2914307,Iramaia,BA,919,98,77,14,4,2,,1,,5,821
2914406,Iraquara,BA,2987,117,17,48,4,23,6,,,21,2870
2914505,Irará,BA,3280,141,62,33,2,12,1,1,,38,3139
2914604,Irecê,BA,800,70,14,50,1,1,,1,,3,730
2914653,Itabela,BA,657,137,2,90,35,2,,,,10,520
2914703,Itaberaba,BA,2995,171,34,87,4,1,2,,1,46,2824
2914802,Itabuna,BA,922,117,46,57,4,,,,,11,805
2914901,Itacaré,BA,2605,106,58,31,6,1,,6,3,8,2499
2915007,Itaeté,BA,1434,279,235,23,52,1,,,1,6,1155
2915106,Itagi,BA,566,32,24,7,1,,,,,,534
2915205,Itagibá,BA,953,99,25,71,,,,3,,4,854
2915304,Itagimirim,BA,172,22,,22,,,,,,,150
2915353,Itaguaçu da Bahia,BA,1397,47,15,26,3,,,,,4,1350
2915403,Itaju do Colônia,BA,307,42,10,31,1,,1,,,2,265
2915502,Itajuípe,BA,631,78,25,49,1,2,1,,,4,553
2915601,Itamaraju,BA,2197,177,28,107,9,9,12,6,4,12,2020
2915700,Itamari,BA,776,41,33,9,2,,,,,1,735
2915809,Itambé,BA,1405,118,1,91,8,,,,,20,1287
2915908,Itanagra,BA,311,9,,9,,,,,,,302
2916005,Itanhém,BA,1512,110,28,62,13,4,2,3,,3,1402
2916104,Itaparica,BA,86,2,1,,1,,,,,,84
2916203,Itapé,BA,322,42,7,33,,1,,,,2,280
2916302,Itapebi,BA,241,34,6,26,2,,,,,1,207
2916401,Itapetinga,BA,672,239,84,147,5,,,,41,10,433
2916500,Itapicuru,BA,4937,184,70,62,24,25,3,,1,11,4753
2916609,Itapitanga,BA,323,34,13,18,,,,,2,1,289
2916708,Itaquara,BA,586,30,10,12,2,1,2,,,3,556
2916807,Itarantim,BA,926,205,9,149,51,,,,,4,721
2916856,Itatim,BA,707,97,3,5,89,,,,,1,610
2916906,Itiruçu,BA,614,29,1,20,,1,,1,,6,585
2917003,Itiúba,BA,3226,489,450,21,15,,,2,2,3,2737
2917102,Itororó,BA,490,71,39,22,2,2,,,3,3,419
2917201,Ituaçu,BA,2606,186,1,94,1,40,4,,1,49,2420
2917300,Ituberá,BA,1540,177,34,32,52,37,1,,,27,1363
2917334,Iuiu,BA,1096,31,9,19,1,,,1,,1,1065
2917359,Jaborandi,BA,1320,88,7,81,,2,1,,,1,1232
2917409,Jacaraci,BA,2484,160,132,12,15,,,,,3,2324
2917508,Jacobina,BA,2283,163,86,55,16,2,,,4,4,2120
2917607,Jaguaquara,BA,2406,51,8,25,5,1,2,,,11,2355
2917706,Jaguarari,BA,1992,138,54,25,42,1,1,10,,12,1854
2917805,Jaguaripe,BA,1997,130,64,28,34,2,3,,,4,1867
2917904,Jandaíra,BA,662,44,2,25,12,3,,,,2,618
2918001,Jequié,BA,2652,151,97,47,5,,1,,,5,2501
2918100,Jeremoabo,BA,4148,342,234,85,22,,,8,,3,3806
2918209,Jiquiriçá,BA,2462,199,91,88,7,,,2,1,15,2263
2918308,Jitaúna,BA,1023,51,19,27,1,1,,,,3,972
2918357,João Dourado,BA,1228,119,14,58,5,21,9,1,,22,1109
2918407,Juazeiro,BA,7211,1850,587,396,58,24,48,555,15,212,5361
2918456,Jucuruçu,BA,1281,46,20,24,6,1,1,2,1,9,1235
2918506,Jussara,BA,1763,59,10,29,11,,3,,1,5,1704
2918555,Jussari,BA,194,35,11,14,6,,1,,,4,159
2918605,Jussiape,BA,806,73,8,33,6,10,8,,,12,733
2918704,Lafaiete Coutinho,BA,551,97,34,23,10,25,1,,,6,454
2918753,Lagoa Real,BA,2306,17,,16,1,,,,,,2289
2918803,Laje,BA,3940,250,133,61,44,3,8,3,,6,3690
2918902,Lajedão,BA,242,50,8,33,3,1,2,,1,5,192
2919009,Lajedinho,BA,494,33,18,10,4,,,,,1,461
2919058,Lajedo do Tabocal,BA,914,81,2,3,41,24,,,,12,833
2919108,Lamarão,BA,1619,27,8,11,8,,,,,,1592
2919157,Lapão,BA,2424,81,27,43,4,2,2,,,6,2343
2919207,Lauro de Freitas,BA,30,6,2,3,,,,,,2,24
2919306,Lençóis,BA,494,27,8,15,,,1,,,3,467
2919405,Licínio de Almeida,BA,1458,195,109,54,11,,,11,2,10,1263
2919504,Livramento de Nossa Senhora,BA,4636,453,8,190,42,42,18,,6,154,4183
2919553,Luís Eduardo Magalhães,BA,428,148,9,125,5,5,10,,,5,280
2919603,Macajuba,BA,857,23,7,16,,,,,,,834
2919702,Macarani,BA,344,78,,57,20,,2,,,1,266
2919801,Macaúbas,BA,7180,123,13,37,11,,,5,2,58,7057
2919900,Macururé,BA,995,93,36,1,7,,,41,,8,902
2919959,Maetinga,BA,951,36,22,4,1,1,1,5,9,,915
2920007,Maiquinique,BA,385,84,4,78,3,,,,,6,301
2920106,Mairi,BA,2258,70,25,26,3,1,,,,16,2188
2920205,Malhada,BA,1921,179,24,103,2,1,1,,2,49,1742
2920304,Malhada de Pedras,BA,1662,16,8,6,,,,,,2,1646
2920403,Manoel Vitorino,BA,1652,34,11,12,4,,1,3,1,5,1618
2920452,Mansidão,BA,1237,8,3,4,1,,,,,,1229
2920502,Maracás,BA,1458,66,20,45,,1,,,,,1392
2920601,Maragogipe,BA,4038,130,66,20,10,,1,5,,30,3908
2920700,Maraú,BA,2209,61,21,23,18,1,4,,,,2148
2920809,Marcionílio Souza,BA,803,40,22,19,,,,,,,763
2920908,Mascote,BA,567,40,5,34,2,,,,,,527
2921005,Mata de São João,BA,515,66,38,21,,1,1,1,,6,449
2921054,Matina,BA,1361,11,1,2,,,1,,,7,1350
2921104,Medeiros Neto,BA,746,113,11,93,4,2,2,1,3,3,633
2921203,Miguel Calmon,BA,2071,81,21,41,7,3,2,3,1,12,1990
2921302,Milagres,BA,266,2,,1,,,,,,1,264
2921401,Mirangaba,BA,1777,103,32,31,3,,2,1,,37,1674
2921450,Mirante,BA,1575,34,19,10,3,1,,,,2,1541
2921500,Monte Santo,BA,6417,676,546,32,119,5,,6,2,20,5741
2921609,Morpará,BA,815,23,7,5,11,,,,,1,792
2921708,Morro do Chapéu,BA,2467,156,48,82,3,2,7,1,1,12,2311
2921807,Mortugaba,BA,1886,88,39,19,28,,1,,,5,1798
2921906,Mucugê,BA,811,117,10,36,25,32,7,,,14,694
2922003,Mucuri,BA,984,85,20,50,1,2,7,,,10,899
2922052,Mulungu do Morro,BA,3110,151,118,12,2,11,2,1,,7,2959
2922102,Mundo Novo,BA,1687,106,48,50,,2,4,1,2,11,1581
2922201,Muniz Ferreira,BA,1006,22,3,13,3,,,2,,3,984
2922250,Muquém do São Francisco,BA,1459,63,14,36,3,8,,,1,5,1396
2922300,Muritiba,BA,1933,82,11,17,13,24,2,2,,18,1851
2922409,Mutuípe,BA,3781,281,223,28,14,2,,7,,17,3500
2922508,Nazaré,BA,956,41,21,14,8,2,,,,,915
2922607,Nilo Peçanha,BA,1660,78,15,14,47,2,1,,1,4,1582
2922656,Nordestina,BA,1107,259,237,11,,,,12,,,848
2922706,Nova Canaã,BA,2136,177,62,72,29,1,2,2,9,9,1959
2922730,Nova Fátima,BA,1124,237,228,4,3,,,,,2,887
2922755,Nova Ibiá,BA,872,199,170,19,15,,,1,1,1,673
2922805,Nova Itarana,BA,644,7,2,5,,1,,,,1,637
2922854,Nova Redenção,BA,1064,127,75,20,27,,,,1,9,937
2922904,Nova Soure,BA,3460,92,25,29,37,1,,1,,3,3368
2923001,Nova Viçosa,BA,552,76,4,23,5,36,8,,,1,476
2923035,Novo Horizonte,BA,876,162,123,24,1,21,,,,,714
2923050,Novo Triunfo,BA,1101,179,117,2,55,,,,1,7,922
2923100,Olindina,BA,2025,100,48,17,16,10,2,2,1,9,1925
2923209,Oliveira dos Brejinhos,BA,2852,44,11,21,,,,6,,6,2808
2923308,Ouriçangas,BA,1047,9,,9,,,,,,,1038
2923357,Ourolândia,BA,1274,50,25,12,8,,2,,,3,1224
2923407,Palmas de Monte Alto,BA,3214,45,10,31,2,1,1,1,,1,3169
2923506,Palmeiras,BA,449,12,,11,,,,,,1,437
2923605,Paramirim,BA,2991,50,15,21,2,,,1,,13,2941
2923704,Paratinga,BA,3601,302,250,11,24,,,,,18,3299
2923803,Paripiranga,BA,5080,531,182,190,5,31,32,1,,96,4549
2923902,Pau Brasil,BA,1039,10,3,5,2,2,,,,2,1029
2924009,Paulo Afonso,BA,1774,98,65,10,10,,3,3,,12,1676
2924058,Pé de Serra,BA,1662,184,139,9,,1,,26,6,5,1478
2924108,Pedrão,BA,655,11,2,8,1,,,,,,644
2924207,Pedro Alexandre,BA,1780,240,171,54,5,,1,,,9,1540
2924306,Piatã,BA,1985,68,34,20,14,1,,,1,,1917
2924405,Pilão Arcado,BA,5075,357,169,23,12,,,152,5,7,4718
2924504,Pindaí,BA,2512,135,48,65,17,,,,,5,2377
2924603,Pindobaçu,BA,967,102,58,26,16,,3,3,,10,865
2924652,Pintadas,BA,1482,250,139,36,76,8,2,2,,4,1232
2924678,Piraí do Norte,BA,2359,241,208,13,18,,,3,2,4,2118
2924702,Piripá,BA,1030,101,83,2,15,,,,,1,929
2924801,Piritiba,BA,1560,40,9,29,1,,,1,2,2,1520
2924900,Planaltino,BA,961,9,1,5,2,,1,,,,952
2925006,Planalto,BA,1571,123,36,47,21,7,1,,,11,1448
2925105,Poções,BA,2486,386,27,31,315,,,,,14,2100
2925204,Pojuca,BA,379,15,5,9,,,,,,1,364
2925253,Ponto Novo,BA,1392,199,159,18,22,2,,1,,3,1193
2925303,Porto Seguro,BA,1534,294,43,124,26,9,9,4,2,94,1240
2925402,Potiraguá,BA,299,79,4,72,4,,,,,1,220
2925501,Prado,BA,1165,289,30,84,6,16,5,,1,156,876
2925600,Presidente Dutra,BA,2288,107,41,49,9,7,,,1,11,2181
2925709,Presidente Jânio Quadros,BA,2104,104,55,15,29,,,4,,4,2000
2925758,Presidente Tancredo Neves,BA,4409,401,78,102,167,7,1,10,10,66,4008
2925808,Queimadas,BA,2310,426,265,47,24,,,84,,20,1884
2925907,Quijingue,BA,4212,196,128,12,32,,,1,2,27,4016
2925931,Quixabeira,BA,965,161,11,8,141,,,,,2,804
2925956,Rafael Jambeiro,BA,2865,175,114,24,86,1,,,,3,2690
2926004,Remanso,BA,3709,485,342,19,1,5,1,101,27,1,3224
2926103,Retirolândia,BA,1310,189,55,44,77,1,,4,,8,1121
2926202,Riachão das Neves,BA,1625,147,8,119,4,,7,,,17,1478
2926301,Riachão do Jacuípe,BA,2465,372,211,67,21,,,64,4,11,2093
2926400,Riacho de Santana,BA,3864,170,27,93,15,2,,1,,36,3694
2926509,Ribeira do Amparo,BA,2681,119,66,22,26,1,1,,1,5,2562
2926608,Ribeira do Pombal,BA,4979,223,106,87,23,,3,1,,12,4756
2926657,Ribeirão do Largo,BA,1544,112,49,56,1,1,1,,1,7,1432
2926707,Rio de Contas,BA,1357,44,1,40,,,1,,,2,1313
2926806,Rio do Antônio,BA,2454,120,17,60,41,1,,,,2,2334
2926905,Rio do Pires,BA,1402,157,151,5,,,,,,2,1245
2927002,Rio Real,BA,3432,373,17,161,86,1,27,1,2,87,3059
2927101,Rodelas,BA,995,142,7,107,,1,16,,,12,853
2927200,Ruy Barbosa,BA,1739,57,8,29,6,2,,,9,5,1682
2927309,Salinas da Margarida,BA,85,7,2,4,1,,,,,,78
2927408,Salvador,BA,48,3,,2,,,,,,1,45
2927507,Santa Bárbara,BA,1367,103,60,17,12,,1,2,,15,1264
2927606,Santa Brígida,BA,2127,264,182,27,2,,1,45,,7,1863
2927705,Santa Cruz Cabrália,BA,884,176,68,49,6,13,4,,,41,708
2927804,Santa Cruz da Vitória,BA,215,27,2,18,,,,,,8,188
2927903,Santa Inês,BA,145,25,11,7,6,,,1,,,120
2928000,Santaluz,BA,2589,455,328,64,44,,2,35,6,32,2134
2928059,Santa Luzia,BA,1142,56,26,15,11,,2,,,5,1086
2928109,Santa Maria da Vitória,BA,2711,134,72,60,,,,,,2,2577
2928208,Santana,BA,2284,203,56,70,12,,9,,,60,2081
2928307,Santanópolis,BA,1323,154,72,11,7,,1,73,,7,1169
2928406,Santa Rita de Cássia,BA,2366,75,19,55,,,1,,,,2291
2928505,Santa Terezinha,BA,616,60,21,12,28,,,,,6,556
2928604,Santo Amaro,BA,2962,1418,148,1258,1166,8,5,2,,11,1544
2928703,Santo Antônio de Jesus,BA,2710,123,45,42,27,,,4,,5,2587
2928802,Santo Estêvão,BA,4624,81,48,19,8,,3,,,5,4543
2928901,São Desidério,BA,2300,278,37,219,10,31,11,,1,16,2022
2928950,São Domingos,BA,842,285,184,28,74,,1,,3,6,557
2929008,São Félix,BA,986,18,10,2,4,,,,,2,968
2929057,São Félix do Coribe,BA,982,63,25,30,3,,,1,4,1,919
2929107,São Felipe,BA,2142,114,66,15,3,,,24,2,9,2028
2929206,São Francisco do Conde,BA,360,34,17,19,,,,,,,326
2929255,São Gabriel,BA,2029,78,43,25,3,,2,,,5,1951
2929305,São Gonçalo dos Campos,BA,2277,93,11,44,3,34,1,2,,2,2184
2929354,São José da Vitória,BA,249,36,24,16,,,,,,,213
2929370,São José do Jacuípe,BA,821,123,89,10,18,,,1,,8,698
2929404,São Miguel das Matas,BA,1979,90,46,35,3,1,1,,,5,1889
2929503,São Sebastião do Passé,BA,1166,68,32,35,1,1,1,,,2,1098
2929602,Sapeaçu,BA,1752,93,20,56,2,8,1,,,8,1659
2929701,Sátiro Dias,BA,2294,134,39,26,61,9,2,,,7,2160
2929750,Saubara,BA,94,,,,,,,,,,94
2929800,Saúde,BA,868,70,14,24,22,2,2,,,16,798
2929909,Seabra,BA,3250,63,15,17,9,3,6,3,,11,3187
2930006,Sebastião Laranjeiras,BA,1403,91,50,37,3,,,,,2,1312
2930105,Senhor do Bonfim,BA,1429,144,73,43,9,,,2,,20,1285
2930154,Serra do Ramalho,BA,2917,82,14,61,3,,1,,,4,2835
2930204,Sento Sé,BA,2106,197,126,23,22,7,,18,,7,1909
2930303,Serra Dourada,BA,2110,60,30,27,1,,3,1,1,1,2050
2930402,Serra Preta,BA,1660,114,39,20,44,,,1,,12,1546
2930501,Serrinha,BA,5834,383,106,51,180,10,,16,,30,5451
2930600,Serrolândia,BA,919,58,29,12,18,,,,,,861
2930709,Simões Filho,BA,355,27,20,6,,,,,,1,328
2930758,Sítio do Mato,BA,1370,138,95,40,,,,,,3,1232
2930766,Sítio do Quinto,BA,2838,152,88,48,4,6,5,,,3,2686
2930774,Sobradinho,BA,547,114,54,17,,18,6,1,,18,433
2930808,Souto Soares,BA,2452,49,22,11,3,2,4,,,10,2403
2930907,Tabocas do Brejo Velho,BA,1655,12,,10,1,,,,,1,1643
2931004,Tanhaçu,BA,2707,84,7,54,,3,,,,21,2623
2931053,Tanque Novo,BA,2611,55,25,23,1,,,,,8,2556
2931103,Tanquinho,BA,519,11,,11,,,,,,,508
2931202,Taperoá,BA,1678,173,33,20,111,2,,1,,14,1505
2931301,Tapiramutá,BA,805,26,1,19,1,1,,,,5,779
2931350,Teixeira de Freitas,BA,962,294,19,110,7,19,4,1,1,140,668
2931400,Teodoro Sampaio,BA,192,37,10,27,,,,,,,155
2931509,Teofilândia,BA,1957,52,19,18,3,4,,,,11,1905
2931608,Teolândia,BA,1931,113,73,28,7,2,,6,,2,1818
2931707,Terra Nova,BA,154,18,3,15,,,,,,,136
2931806,Tremedal,BA,2542,43,15,11,17,,,,,,2499
2931905,Tucano,BA,4988,236,109,53,54,3,1,1,,30,4752
2932002,Uauá,BA,3196,632,390,26,456,1,1,,,10,2564
2932101,Ubaíra,BA,3042,68,41,20,2,,,,,6,2974
2932200,Ubaitaba,BA,272,58,37,21,6,2,,,,1,214
2932309,Ubatã,BA,606,37,21,13,2,,,,,2,569
2932408,Uibaí,BA,1835,61,17,28,6,,1,4,,7,1774
2932457,Umburanas,BA,1365,29,14,8,3,,2,,,2,1336
2932507,Una,BA,1869,83,29,29,13,7,,,,8,1786
2932606,Urandi,BA,2075,72,33,39,,,,,,1,2003
2932705,Uruçuca,BA,1376,168,43,90,1,4,11,3,4,19,1208
2932804,Utinga,BA,1049,53,3,32,1,16,,,,4,996
2932903,Valença,BA,5864,567,286,78,133,4,8,55,11,61,5297
2933000,Valente,BA,1511,323,106,35,69,,1,102,2,21,1188
2933059,Várzea da Roça,BA,2237,137,93,26,7,,1,1,,11,2100
2933109,Várzea do Poço,BA,585,43,29,3,7,,,,1,4,542
2933158,Várzea Nova,BA,1538,110,94,8,5,1,,,,3,1428
2933174,Varzedo,BA,1345,40,4,15,,,1,,,21,1305
2933208,Vera Cruz,BA,229,9,4,,3,,1,1,,,220
2933257,Vereda,BA,284,30,,28,,,,1,,1,254
2933307,Vitória da Conquista,BA,6525,467,192,224,11,7,3,3,1,39,6058
2933406,Wagner,BA,724,84,13,14,54,,,2,,1,640
2933455,Wanderley,BA,1660,106,16,50,15,1,3,,22,2,1554
2933505,Wenceslau Guimarães,BA,3446,198,111,44,24,2,2,1,2,21,3248
2933604,Xique-Xique,BA,2370,101,54,34,1,5,1,,,10,2269
3100104,Abadia dos Dourados,MG,1056,121,8,64,48,6,3,,1,4,935
3100203,Abaeté,MG,973,261,14,140,140,7,1,,7,7,712
3100302,Abre Campo,MG,1630,181,97,60,9,1,3,,,17,1449
3100401,Acaiaca,MG,290,91,84,6,3,,,,,1,199
3100500,Açucena,MG,750,20,,17,3,,,,,,730
3100609,Água Boa,MG,1726,291,160,100,5,5,20,,,17,1435
3100708,Água Comprida,MG,105,73,10,53,12,4,,,1,6,32
3100807,Aguanil,MG,326,149,85,48,31,4,,,,,177
3100906,Águas Formosas,MG,1402,44,18,24,2,1,,,,1,1358
3101003,Águas Vermelhas,MG,613,33,3,24,1,1,1,,,6,580
3101102,Aimorés,MG,1394,145,49,65,32,1,1,,,4,1249
3101201,Aiuruoca,MG,554,135,38,84,1,1,,,13,9,419
3101300,Alagoa,MG,306,126,119,12,,,1,,,,180
3101409,Albertina,MG,206,77,4,50,25,1,1,,,1,129
3101508,Além Paraíba,MG,365,121,26,91,7,2,,,,,244
3101607,Alfenas,MG,959,592,276,211,195,42,29,29,10,14,367
3101631,Alfredo Vasconcelos,MG,377,89,34,17,27,1,,,,11,288
3101706,Almenara,MG,1642,128,62,63,,,1,1,1,8,1514
3101805,Alpercata,MG,189,19,5,8,8,,1,,,,170
3101904,Alpinópolis,MG,1130,777,31,363,423,82,4,,,10,353
3102001,Alterosa,MG,1382,529,138,80,337,11,7,,2,10,853
3102050,Alto Caparaó,MG,376,20,1,3,2,2,,9,3,,356
3102100,Alto Rio Doce,MG,1450,86,34,37,12,5,1,,,3,1364
3102209,Alvarenga,MG,468,126,114,1,5,,,3,1,52,342
3102308,Alvinópolis,MG,758,200,15,144,22,26,3,1,,6,558
3102407,Alvorada de Minas,MG,201,47,14,27,22,,,,5,1,154
3102506,Amparo do Serra,MG,462,152,141,13,1,3,2,,,,310
3102605,Andradas,MG,1719,340,42,129,155,14,8,1,,18,1379
3102704,Cachoeira de Pajeú,MG,750,387,375,11,,,,,,6,363
3102803,Andrelândia,MG,612,106,34,44,36,1,2,,,7,506
3102852,Angelândia,MG,789,151,79,66,4,3,1,,,,638
3102902,Antônio Carlos,MG,444,116,36,68,1,9,,1,,7,328
3103009,Antônio Dias,MG,548,152,104,25,9,7,1,,,9,396
3103108,Antônio Prado de Minas,MG,215,25,24,1,,,,,,,190
3103207,Araçaí,MG,101,67,11,48,12,2,,,,4,34
3103306,Aracitaba,MG,140,73,71,5,,,,,,,67
3103405,Araçuaí,MG,2585,207,126,70,1,,1,3,,10,2378
3103504,Araguari,MG,2094,720,22,314,134,29,10,,3,245,1374
3103603,Arantina,MG,121,35,19,16,1,,,,,,86
3103702,Araponga,MG,1438,151,71,34,14,6,2,5,15,21,1287
3103751,Araporã,MG,106,15,5,7,2,,2,,,,91
3103801,Arapuá,MG,408,189,98,13,113,,,,,,219
3103900,Araújos,MG,360,35,2,31,2,,,,,,325
3104007,Araxá,MG,469,261,16,199,32,24,9,,3,18,208
3104106,Arceburgo,MG,201,78,24,30,30,6,1,,,,123
3104205,Arcos,MG,918,291,5,72,38,2,1,3,5,178,627
3104304,Areado,MG,764,332,91,55,195,4,5,,,25,432
3104403,Argirita,MG,307,206,145,103,4,,1,,,2,101
3104452,Aricanduva,MG,825,125,100,28,,,,,,4,700
3104502,Arinos,MG,1772,383,284,71,38,1,,,1,4,1389
3104601,Astolfo Dutra,MG,468,418,404,22,3,,,,,,50
3104700,Ataléia,MG,1534,267,174,90,3,2,2,,,11,1267
3104809,Augusto de Lima,MG,258,124,18,21,2,1,1,1,3,83,134
3104908,Baependi,MG,768,87,32,45,8,,,,,3,681
3105004,Baldim,MG,354,148,43,86,10,13,1,,,7,206
3105103,Bambuí,MG,1522,358,48,287,38,3,7,1,,20,1164
3105202,Bandeira,MG,460,24,15,4,1,,,,,4,436
3105301,Bandeira do Sul,MG,159,36,2,13,22,,,,,1,123
3105400,Barão de Cocais,MG,250,67,54,9,,,,1,4,2,183
3105509,Barão do Monte Alto,MG,335,108,102,18,,,,,,,227
3105608,Barbacena,MG,1448,310,36,120,14,46,93,,,11,1138
3105707,Barra Longa,MG,498,107,69,26,2,12,,1,,2,391
3105905,Barroso,MG,136,63,21,40,3,4,,,,2,73
3106002,Bela Vista de Minas,MG,46,6,1,4,,,,,,1,40
3106101,Belmiro Braga,MG,206,47,23,24,1,,,1,,1,159
3106200,Belo Horizonte,MG,48,33,27,6,2,1,,,,,15
3106309,Belo Oriente,MG,469,36,19,15,1,,,,,3,433
3106408,Belo Vale,MG,711,226,103,117,17,1,,,,1,485
3106507,Berilo,MG,1489,124,84,16,31,,1,1,1,3,1365
3106606,Bertópolis,MG,375,141,136,2,1,,,,,2,234
3106655,Berizal,MG,266,154,147,7,,,,,,,112
3106705,Betim,MG,232,105,65,30,11,,,,,11,127
3106804,Bias Fortes,MG,415,65,34,29,,,,,4,4,350
3106903,Bicas,MG,124,46,7,38,1,,,,,,78
3107000,Biquinhas,MG,484,169,149,13,12,,,,1,5,315
3107109,Boa Esperança,MG,1509,1155,8,241,901,40,13,,,38,354
3107208,Bocaina de Minas,MG,389,24,3,18,3,,,,,1,365
3107307,Bocaiúva,MG,2502,887,784,142,14,3,3,,3,1,1615
3107406,Bom Despacho,MG,1121,461,88,387,70,8,,1,1,3,660
3107505,Bom Jardim de Minas,MG,242,24,16,8,,1,,,1,,218
3107604,Bom Jesus da Penha,MG,464,291,19,58,222,13,1,,2,9,173
3107703,Bom Jesus do Amparo,MG,287,40,13,22,3,,,,,4,247
3107802,Bom Jesus do Galho,MG,1137,70,22,20,26,2,,,,,1067
3107901,Bom Repouso,MG,1521,1037,8,656,3,339,42,,,48,484
3108008,Bom Sucesso,MG,532,286,33,214,49,1,,,,4,246
3108107,Bonfim,MG,553,145,108,17,17,4,,1,,2,408
3108206,Bonfinópolis de Minas,MG,685,118,45,42,15,1,21,1,1,2,567
3108255,Bonito de Minas,MG,1263,26,11,10,1,,,,,5,1237
3108305,Borda da Mata,MG,910,263,4,186,4,1,2,,,75,647
3108404,Botelhos,MG,899,441,40,77,357,,3,,,7,458
3108503,Botumirim,MG,817,157,148,7,,1,1,,,3,660
3108552,Brasilândia de Minas,MG,537,74,18,43,13,,1,,,1,463
3108602,Brasília de Minas,MG,2463,199,167,31,1,1,1,,,2,2264
3108701,Brás Pires,MG,260,40,23,10,4,,,,,3,220
3108800,Braúnas,MG,533,153,22,48,86,1,1,,,3,380
3108909,Brazópolis,MG,785,88,49,41,2,1,2,,,3,697
3109006,Brumadinho,MG,440,290,232,71,16,4,5,5,2,2,150
3109105,Bueno Brandão,MG,1675,421,57,269,4,56,19,,,34,1254
3109204,Buenópolis,MG,338,99,25,12,6,,,,,58,239
3109253,Bugre,MG,188,24,20,3,6,,,,,,164
3109303,Buritis,MG,1756,361,187,144,20,4,13,,,10,1395
3109402,Buritizeiro,MG,758,159,94,56,,1,1,,,7,599
3109451,Cabeceira Grande,MG,342,47,2,22,24,1,5,,,1,295
3109501,Cabo Verde,MG,1249,654,172,93,476,20,7,1,2,9,595
3109600,Cachoeira da Prata,MG,35,16,9,10,2,,,,1,,19
3109709,Cachoeira de Minas,MG,1148,322,187,78,43,28,2,1,,3,826
3109808,Cachoeira Dourada,MG,74,59,5,26,5,1,,,,32,15
3109907,Caetanópolis,MG,181,52,11,26,16,1,3,,,1,129
3110004,Caeté,MG,766,54,18,36,2,1,3,,1,3,712
3110103,Caiana,MG,555,194,138,44,5,35,,,,14,361
3110202,Cajuri,MG,434,72,12,51,,38,,,,,362
3110301,Caldas,MG,1640,847,219,692,47,13,2,,,11,793
3110400,Camacho,MG,362,113,30,50,2,1,36,,,1,249
3110509,Camanducaia,MG,1037,44,3,28,1,,,,,12,993
3110608,Cambuí,MG,981,281,81,201,1,,,,2,16,700
3110707,Cambuquira,MG,453,234,19,103,106,5,,1,1,15,219
3110806,Campanário,MG,168,50,30,17,7,1,,,,,118
3110905,Campanha,MG,875,611,7,403,222,11,,1,,3,264
3111002,Campestre,MG,2074,792,43,172,530,30,5,2,1,37,1282
3111101,Campina Verde,MG,2195,1257,111,903,326,132,2,,3,10,938
3111150,Campo Azul,MG,445,53,46,5,,,,,,2,392
3111200,Campo Belo,MG,781,375,295,67,8,1,15,,,9,406
3111309,Campo do Meio,MG,884,467,3,43,349,77,4,6,,41,417
3111408,Campo Florido,MG,559,282,155,90,82,10,1,,,8,277
3111507,Campos Altos,MG,411,236,24,143,70,14,7,,1,16,175
3111606,Campos Gerais,MG,3008,2131,50,218,1756,66,43,3,1,207,877
3111705,Canaã,MG,666,139,88,32,6,19,1,,,5,527
3111804,Canápolis,MG,296,184,9,132,19,31,1,,,17,112
3111903,Cana Verde,MG,387,122,6,7,6,,,,,108,265
3112000,Candeias,MG,1297,560,33,112,40,121,7,,,269,737
3112059,Cantagalo,MG,218,43,13,33,2,2,,,,,175
3112109,Caparaó,MG,561,180,114,47,27,21,,,,,381
3112208,Capela Nova,MG,437,37,12,26,,,,,,,400
3112307,Capelinha,MG,2076,333,148,150,2,7,3,,1,32,1743
3112406,Capetinga,MG,375,198,47,77,113,3,2,,,5,177
3112505,Capim Branco,MG,76,41,13,30,7,,,,,1,35
3112604,Capinópolis,MG,326,212,17,104,3,48,1,1,,62,114
3112653,Capitão Andrade,MG,299,61,46,4,15,,,,,,238
3112703,Capitão Enéas,MG,485,141,95,39,4,2,,,,10,344
3112802,Capitólio,MG,597,272,84,106,203,6,6,,,7,325
3112901,Caputira,MG,759,137,53,64,10,1,2,,,10,622
3113008,Caraí,MG,2307,80,47,36,7,,1,3,,3,2227
3113107,Caranaíba,MG,222,55,39,14,1,,,,,3,167
3113206,Carandaí,MG,694,125,56,57,2,9,,,,6,569
3113305,Carangola,MG,1297,113,66,46,6,2,5,,,4,1184
3113404,Caratinga,MG,2667,272,65,152,43,7,7,1,,8,2395
3113503,Carbonita,MG,660,23,8,13,,,1,1,1,2,637
3113602,Careaçu,MG,382,164,107,61,58,,,,,,218
3113701,Carlos Chagas,MG,951,289,30,231,34,1,2,,1,4,662
3113800,Carmésia,MG,193,37,30,3,5,1,,,,,156
3113909,Carmo da Cachoeira,MG,516,397,183,55,245,14,1,1,,36,119
3114006,Carmo da Mata,MG,402,116,49,56,10,1,,,,8,286
3114105,Carmo de Minas,MG,348,167,17,99,65,,1,,,6,181
3114204,Carmo do Cajuru,MG,1032,207,45,156,14,6,1,,,,825
3114303,Carmo do Paranaíba,MG,1537,494,4,94,415,135,10,,,11,1043
3114402,Carmo do Rio Claro,MG,1618,938,16,202,674,72,3,1,2,34,680
3114501,Carmópolis de Minas,MG,837,227,8,176,10,41,3,,,4,610
3114550,Carneirinho,MG,682,364,78,298,10,1,6,,4,7,318
3114600,Carrancas,MG,226,38,2,25,4,3,3,,,2,188
3114709,Carvalhópolis,MG,414,195,143,10,55,2,2,,,4,219
3114808,Carvalhos,MG,465,45,32,14,,,,1,,,420
3114907,Casa Grande,MG,274,49,,2,1,,,,,46,225
3115003,Cascalho Rico,MG,306,87,38,40,4,11,2,,,2,219
3115102,Cássia,MG,640,446,85,263,147,6,,,1,4,194
3115201,Conceição da Barra de Minas,MG,302,119,105,11,5,,,,,3,183
3115300,Cataguases,MG,698,234,44,202,10,27,,,,7,464
3115359,Catas Altas,MG,124,78,53,23,5,,2,,,2,46
3115409,Catas Altas da Noruega,MG,290,21,14,4,6,,,1,,,269
3115458,Catuji,MG,352,56,50,5,,,1,1,,,296
3115474,Catuti,MG,563,12,4,1,5,1,,,,1,551
3115508,Caxambu,MG,98,32,2,27,2,1,,,,1,66
3115607,Cedro do Abaeté,MG,124,19,7,8,5,,,,,,105
3115706,Central de Minas,MG,329,14,8,2,3,,2,,,1,315
3115805,Centralina,MG,165,108,13,94,9,9,2,,,2,57
3115904,Chácara,MG,173,87,30,32,30,,,,,1,86
3116001,Chalé,MG,741,212,16,7,201,,,,,2,529
3116100,Chapada do Norte,MG,2253,248,197,7,5,,4,73,,3,2005
3116159,Chapada Gaúcha,MG,954,106,17,15,77,1,1,,1,4,848
3116209,Chiador,MG,224,90,9,81,2,1,,,,,134
3116308,Cipotânea,MG,755,12,10,,,,,,,2,743
3116407,Claraval,MG,606,353,44,106,225,5,3,,,1,253
3116506,Claro dos Poções,MG,831,219,181,27,,1,,2,6,19,612
3116605,Cláudio,MG,1254,113,39,61,14,3,,,,4,1141
3116704,Coimbra,MG,431,187,120,33,20,23,,1,2,13,244
3116803,Coluna,MG,595,45,1,19,25,,1,,,,550
3116902,Comendador Gomes,MG,496,330,2,309,63,11,2,,1,3,166
3117009,Comercinho,MG,1219,83,61,19,,1,1,,,4,1136
3117108,Conceição da Aparecida,MG,1355,796,17,111,653,18,1,,2,15,559
3117207,Conceição das Pedras,MG,318,58,36,9,36,,,,,2,260
3117306,Conceição das Alagoas,MG,465,323,12,224,110,25,4,,1,9,142
3117405,Conceição de Ipanema,MG,795,198,8,38,144,2,,,4,33,597
3117504,Conceição do Mato Dentro,MG,1397,103,78,18,4,1,2,2,,2,1294
3117603,Conceição do Pará,MG,447,102,2,61,43,11,2,,,4,345
3117702,Conceição do Rio Verde,MG,371,133,21,25,89,5,,,,3,238
3117801,Conceição dos Ouros,MG,367,67,60,7,,,,,,1,300
3117836,Cônego Marinho,MG,837,37,20,10,1,,,,4,2,800
3117876,Confins,MG,8,4,,4,,,,,,,4
3117900,Congonhal,MG,866,426,26,230,,,,,,186,440
3118007,Congonhas,MG,107,48,20,27,2,,,,,1,59
3118106,Congonhas do Norte,MG,350,7,3,3,1,,,,,,343
3118205,Conquista,MG,233,134,80,48,31,5,,,1,6,99
3118304,Conselheiro Lafaiete,MG,375,139,22,77,8,1,2,,1,34,236
3118403,Conselheiro Pena,MG,1385,158,43,53,63,2,5,1,,4,1227
3118502,Consolação,MG,312,63,39,28,,,,,,4,249
3118601,Contagem,MG,94,20,6,13,2,,,,,,74
3118700,Coqueiral,MG,904,606,42,138,446,26,21,,,34,298
3118809,Coração de Jesus,MG,2674,227,168,35,5,8,7,1,2,13,2447
3118908,Cordisburgo,MG,510,150,89,52,12,10,1,,,1,360
3119005,Cordislândia,MG,147,106,47,33,45,6,,,,,41
3119104,Corinto,MG,582,86,44,50,,1,,,,3,496
3119203,Coroaci,MG,669,123,103,19,17,3,,2,,2,546
3119302,Coromandel,MG,2005,606,8,391,264,81,6,,1,2,1399
3119401,Coronel Fabriciano,MG,180,22,13,9,,1,3,,,,158
3119500,Coronel Murta,MG,831,129,112,17,,,,,,4,702
3119609,Coronel Pacheco,MG,133,64,32,32,1,,,,3,1,69
3119708,Coronel Xavier Chaves,MG,182,87,22,54,47,2,1,,,2,95
3119807,Córrego Danta,MG,658,266,95,144,24,30,1,,,13,392
3119906,Córrego do Bom Jesus,MG,297,48,10,27,3,1,,1,,9,249
3119955,Córrego Fundo,MG,153,55,46,9,4,,,,,1,98
3120003,Córrego Novo,MG,303,8,,8,,,,,,,295
3120102,Couto de Magalhães de Minas,MG,155,30,29,,,,1,,,,125
3120151,Crisólita,MG,584,71,1,66,1,,,,,3,513
3120201,Cristais,MG,909,471,220,65,274,28,3,,1,58,438
3120300,Cristália,MG,739,121,117,6,,,,,,,618
3120409,Cristiano Otoni,MG,141,54,7,37,6,,,,,6,87
3120508,Cristina,MG,671,337,129,231,113,6,3,,,6,334
3120607,Crucilândia,MG,561,188,137,44,91,4,1,,,,373
3120706,Cruzeiro da Fortaleza,MG,221,113,23,66,37,15,1,,,1,108
3120805,Cruzília,MG,549,209,27,173,15,,3,,,5,340
3120839,Cuparaque,MG,277,52,31,15,13,,,,,,225
3120870,Curral de Dentro,MG,440,149,123,26,,,,,,,291
3120904,Curvelo,MG,1093,344,36,275,72,9,,,,7,749
3121001,Datas,MG,217,43,33,10,,1,,,,1,174
3121100,Delfim Moreira,MG,506,142,37,100,1,1,2,,1,2,364
3121209,Delfinópolis,MG,536,337,119,227,26,,1,,,,199
3121258,Delta,MG,70,24,,23,7,1,,,,1,46
3121308,Descoberto,MG,306,53,44,7,3,,,,,,253
3121407,Desterro de Entre Rios,MG,1123,110,12,83,18,1,,,,,1013
3121506,Desterro do Melo,MG,391,77,74,3,,,,,,,314
3121605,Diamantina,MG,892,162,139,20,3,,2,1,,7,730
3121704,Diogo de Vasconcelos,MG,627,8,1,7,,,,,,,619
3121803,Dionísio,MG,468,112,105,7,,,,,1,,356
3121902,Divinésia,MG,237,70,48,20,,,,,,2,167
3122009,Divino,MG,2284,130,29,81,2,17,5,,,1,2154
3122108,Divino das Laranjeiras,MG,276,20,3,16,1,,1,,,,256
3122207,Divinolândia de Minas,MG,229,23,6,6,11,1,,1,,,206
3122306,Divinópolis,MG,1627,440,36,379,31,6,1,,4,11,1187
3122355,Divisa Alegre,MG,96,4,1,1,2,,,,,,92
3122405,Divisa Nova,MG,420,261,113,159,81,22,2,1,,28,159
3122454,Divisópolis,MG,539,57,30,34,,,,,,,482
3122470,Dom Bosco,MG,374,142,26,88,38,,,,,2,232
3122504,Dom Cavati,MG,155,26,12,14,,,,,,,129
3122603,Dom Joaquim,MG,241,55,43,7,3,,2,,,,186
3122702,Dom Silvério,MG,319,83,53,31,6,3,,,1,,236
3122801,Dom Viçoso,MG,239,34,17,10,10,,,,,1,205
3122900,Dona Euzébia,MG,231,153,129,13,,,,,,49,78
3123007,Dores de Campos,MG,156,15,2,13,,1,,,,2,141
3123106,Dores de Guanhães,MG,384,75,52,25,4,,,,,,309
3123205,Dores do Indaiá,MG,642,112,7,39,68,,3,,,1,530
3123304,Dores do Turvo,MG,382,97,80,15,,,,,,8,285
3123403,Doresópolis,MG,151,24,2,14,9,1,,,,1,127
3123502,Douradoquara,MG,231,55,22,24,8,2,1,,,2,176
3123528,Durandé,MG,653,349,39,17,291,1,8,,,18,304
3123601,Elói Mendes,MG,1059,741,359,204,211,4,3,1,3,101,318
3123700,Engenheiro Caldas,MG,252,69,10,49,10,,,1,,1,183
3123809,Engenheiro Navarro,MG,459,171,105,22,3,,,2,31,31,288
3123858,Entre Folhas,MG,332,4,1,1,,,,,,2,328
3123908,Entre Rios de Minas,MG,894,206,85,110,16,2,,,,5,688
3124005,Ervália,MG,1936,286,90,62,3,18,9,,,116,1650
3124104,Esmeraldas,MG,961,428,115,219,178,6,1,,,8,533
3124203,Espera Feliz,MG,1549,756,551,174,84,63,3,5,5,45,793
3124302,Espinosa,MG,2988,176,122,32,13,,1,,,12,2812
3124401,Espírito Santo do Dourado,MG,695,414,25,320,15,26,110,,,36,281
3124500,Estiva,MG,1572,457,92,321,4,3,,,1,86,1115
3124609,Estrela Dalva,MG,123,78,10,50,24,,,,,1,45
3124708,Estrela do Indaiá,MG,402,126,1,102,33,1,,,,1,276
3124807,Estrela do Sul,MG,577,127,26,78,37,4,2,,3,10,450
3124906,Eugenópolis,MG,938,166,101,70,5,,,,,2,772
3125002,Ewbank da Câmara,MG,52,23,4,19,,,,,,1,29
3125101,Extrema,MG,526,168,37,106,30,,,1,,11,358
3125200,Fama,MG,173,137,43,41,83,4,5,1,3,5,36
3125309,Faria Lemos,MG,235,30,14,9,,8,,,,,205
3125408,Felício dos Santos,MG,827,67,48,13,4,,,,,2,760
3125507,São Gonçalo do Rio Preto,MG,243,26,23,3,1,,,,,,217
3125606,Felisburgo,MG,377,84,78,8,,,,,,,293
3125705,Felixlândia,MG,602,157,88,73,4,,,,,,445
3125804,Fernandes Tourinho,MG,158,28,2,19,12,,1,,1,,130
3125903,Ferros,MG,1041,153,24,89,64,1,,,,3,888
3125952,Fervedouro,MG,1258,338,184,147,9,3,,,,4,920
3126000,Florestal,MG,247,83,20,52,6,6,,,,3,164
3126109,Formiga,MG,1613,243,51,137,17,11,21,1,3,31,1370
3126208,Formoso,MG,716,114,37,32,52,1,1,,3,6,602
3126307,Fortaleza de Minas,MG,387,184,79,66,65,1,3,1,,3,203
3126406,Fortuna de Minas,MG,191,91,57,33,6,2,2,,,1,100
3126505,Francisco Badaró,MG,1381,111,91,3,4,,,,,14,1270
3126604,Francisco Dumont,MG,334,105,79,23,,,1,,3,1,229
3126703,Francisco Sá,MG,2354,1331,1145,147,90,,1,3,3,6,1023
3126752,Franciscópolis,MG,643,126,97,23,7,,,1,,9,517
3126802,Frei Gaspar,MG,443,60,29,29,5,,1,,,1,383
3126901,Frei Inocêncio,MG,283,102,24,69,12,2,,,,2,181
3126950,Frei Lagonegro,MG,401,56,41,13,1,,1,,,3,345
3127008,Fronteira,MG,314,26,1,14,12,,1,,,,288
3127057,Fronteira dos Vales,MG,318,247,6,241,1,,,,,,71
3127073,Fruta de Leite,MG,722,13,5,7,,,,,,2,709
3127107,Frutal,MG,1917,597,26,434,137,52,4,,,16,1320
3127206,Funilândia,MG,129,57,6,31,18,8,,,2,,72
3127305,Galiléia,MG,485,81,26,35,3,,10,,,9,404
3127339,Gameleiras,MG,943,68,52,9,2,3,,,,3,875
3127354,Glaucilândia,MG,411,257,231,37,1,,,,,1,154
3127370,Goiabeira,MG,183,16,10,6,,,,,,1,167
3127388,Goianá,MG,192,122,111,9,112,,,,,3,70
3127404,Gonçalves,MG,529,158,35,136,2,,1,,,,371
3127503,Gonzaga,MG,415,21,17,3,1,,,,,,394
3127602,Gouveia,MG,466,167,91,15,5,84,3,,3,11,299
3127701,Governador Valadares,MG,1710,300,20,126,163,2,3,2,,8,1410
3127800,Grão Mogol,MG,1948,168,130,30,4,,3,2,1,1,1780
3127909,Grupiara,MG,82,48,31,12,1,1,,,,9,34
3128006,Guanhães,MG,973,190,84,86,42,1,3,1,,3,783
3128105,Guapé,MG,1588,701,164,379,417,25,7,2,3,11,887
3128204,Guaraciaba,MG,1205,67,35,31,2,,1,,2,3,1138
3128253,Guaraciama,MG,567,205,185,22,,,,,,1,362
3128303,Guaranésia,MG,562,287,52,98,162,1,,,,4,275
3128402,Guarani,MG,485,169,93,85,,5,,,7,,316
3128501,Guarará,MG,119,65,39,28,,,,,,,54
3128600,Guarda-Mor,MG,784,182,9,94,30,78,1,,,6,602
3128709,Guaxupé,MG,422,274,84,82,162,6,1,,3,10,148
3128808,Guidoval,MG,392,82,41,18,1,16,,,,6,310
3128907,Guimarânia,MG,539,185,10,120,24,28,13,2,,,354
3129004,Guiricema,MG,1248,236,142,40,12,6,,,,84,1012
3129103,Gurinhatã,MG,1048,266,47,173,34,10,11,,,20,782
3129202,Heliodora,MG,561,393,385,7,3,,,,,,168
3129301,Iapu,MG,891,123,93,55,6,,,,,1,768
3129400,Ibertioga,MG,239,130,3,122,1,3,6,,,7,109
3129509,Ibiá,MG,818,357,39,214,80,80,12,1,2,11,461
3129608,Ibiaí,MG,348,81,52,27,4,1,,,,3,267
3129657,Ibiracatu,MG,485,50,46,3,1,,,,,1,435
3129707,Ibiraci,MG,948,782,70,271,454,18,53,,2,90,166
3129806,Ibirité,MG,75,16,10,3,1,,,,,3,59
3129905,Ibitiúra de Minas,MG,380,38,3,17,19,,,,,2,342
3130002,Ibituruna,MG,171,90,48,49,2,,,,,3,81
3130051,Icaraí de Minas,MG,1140,116,86,15,61,1,1,,6,6,1024
3130101,Igarapé,MG,173,43,26,15,,,,,,2,130
3130200,Igaratinga,MG,448,89,7,52,20,13,,,,,359
3130309,Iguatama,MG,459,107,8,65,26,5,1,,1,6,352
3130408,Ijaci,MG,122,63,31,22,8,,1,,,4,59
3130507,Ilicínea,MG,1038,781,124,121,625,36,31,,,4,257
3130556,Imbé de Minas,MG,1064,166,133,23,7,8,,,,1,898
3130606,Inconfidentes,MG,870,341,297,24,18,6,,,,3,529
3130655,Indaiabira,MG,1263,285,110,31,146,,,,,1,978
3130705,Indianópolis,MG,432,231,21,127,70,22,6,,2,45,201
3130804,Ingaí,MG,236,135,54,91,9,,2,,,1,101
3130903,Inhapim,MG,2509,174,30,109,21,4,1,1,2,12,2335
3131000,Inhaúma,MG,183,95,42,54,19,,,,1,,88
3131109,Inimutaba,MG,254,180,152,27,1,,,3,,,74
3131158,Ipaba,MG,138,5,1,4,,,,,,,133
3131208,Ipanema,MG,939,66,14,21,37,1,2,,,4,873
3131307,Ipatinga,MG,111,40,21,16,2,3,,,,,71
3131406,Ipiaçu,MG,150,65,2,54,7,3,3,,,5,85
3131505,Ipuiúna,MG,461,155,14,106,4,,,,,45,306
3131604,Iraí de Minas,MG,507,189,34,86,122,1,1,,2,2,318
3131703,Itabira,MG,1662,236,109,118,15,4,2,2,2,10,1426
3131802,Itabirinha,MG,608,39,12,21,6,1,,,1,1,569
3131901,Itabirito,MG,242,154,138,23,,,,,,2,88
3132008,Itacambira,MG,653,203,194,6,1,4,,,1,1,450
3132107,Itacarambi,MG,558,38,20,18,,,,,,1,520
3132206,Itaguara,MG,911,203,81,99,40,8,4,,,8,708
3132305,Itaipé,MG,1180,45,18,26,1,,,,,1,1135
3132404,Itajubá,MG,784,166,58,94,6,,1,2,,12,618
3132503,Itamarandiba,MG,2356,183,52,106,10,2,2,3,4,8,2173
3132602,Itamarati de Minas,MG,445,442,442,19,,,,,,,3
3132701,Itambacuri,MG,1491,233,130,82,35,2,2,2,,4,1258
3132800,Itambé do Mato Dentro,MG,443,27,11,16,1,,,,,,416
3132909,Itamogi,MG,793,617,2,79,255,333,1,,,10,176
3133006,Itamonte,MG,555,164,25,46,4,,,,88,7,391
3133105,Itanhandu,MG,264,87,27,61,,1,,,,,177
3133204,Itanhomi,MG,594,33,6,24,5,,,,,2,561
3133303,Itaobim,MG,897,51,30,23,1,,1,,,1,846
3133402,Itapagipe,MG,1351,1082,15,1028,40,82,10,,,4,269
3133501,Itapecerica,MG,1201,208,20,128,12,42,7,,,9,993
3133600,Itapeva,MG,498,39,3,29,,5,,,,2,459
3133709,Itatiaiuçu,MG,236,59,33,19,14,2,1,,2,1,177
3133758,Itaú de Minas,MG,147,48,7,18,26,1,,,,1,99
3133808,Itaúna,MG,618,142,28,103,22,7,,,3,,476
3133907,Itaverava,MG,339,62,43,16,1,,2,,,2,277
3134004,Itinga,MG,1145,208,157,39,5,1,1,4,,6,937
3134103,Itueta,MG,757,63,2,47,10,,,,,6,694
3134202,Ituiutaba,MG,1464,555,69,387,47,74,9,2,3,22,909
3134301,Itumirim,MG,348,104,57,33,9,10,,,,2,244
3134400,Iturama,MG,558,174,31,137,11,,1,,1,,384
3134509,Itutinga,MG,284,87,34,39,13,2,4,,,4,197
3134608,Jaboticatubas,MG,735,378,107,329,4,3,,2,,3,357
3134707,Jacinto,MG,749,36,24,13,,,,,,4,713
3134806,Jacuí,MG,1075,427,6,33,373,33,,,,1,648
3134905,Jacutinga,MG,953,113,9,12,84,4,1,1,,10,840
3135001,Jaguaraçu,MG,114,19,4,10,6,,,,,1,95
3135050,Jaíba,MG,2620,1524,1211,336,1,36,,,,7,1096
3135076,Jampruca,MG,472,100,68,23,9,,,,2,4,372
3135100,Janaúba,MG,1582,333,168,145,2,13,3,,,10,1249
3135209,Januária,MG,3415,187,66,102,20,,2,3,3,7,3228
3135308,Japaraíba,MG,181,82,11,25,35,8,,,1,22,99
3135357,Japonvar,MG,1026,77,41,30,6,,,,1,3,949
3135407,Jeceaba,MG,429,56,27,26,5,,,,,,373
3135456,Jenipapo de Minas,MG,695,251,247,3,1,,,1,,,444
3135506,Jequeri,MG,1253,102,37,74,1,2,3,,,1,1151
3135605,Jequitaí,MG,415,220,202,18,1,,,,,,195
3135704,Jequitibá,MG,419,141,44,60,24,27,,,,3,278
3135803,Jequitinhonha,MG,1731,134,58,63,7,,1,,2,9,1597
3135902,Jesuânia,MG,380,217,119,38,99,,1,,,,163
3136009,Joaíma,MG,895,37,4,22,1,1,3,,,8,858
3136108,Joanésia,MG,609,12,4,6,,1,2,,,,597
3136207,João Monlevade,MG,78,29,13,17,,,,,,2,49
3136306,João Pinheiro,MG,2634,296,14,259,31,4,4,,,3,2338
3136405,Joaquim Felício,MG,279,71,44,9,,,,,,20,208
3136504,Jordânia,MG,583,60,25,28,1,1,,,,6,523
3136520,José Gonçalves de Minas,MG,600,56,51,4,,1,2,,,,544
3136553,José Raydan,MG,319,60,35,26,1,2,,,,,259
3136579,Josenópolis,MG,669,160,147,12,3,,,,,1,509
3136603,Nova União,MG,489,28,27,2,,,,,,,461
3136652,Juatuba,MG,42,13,6,9,,,,,,,29
3136702,Juiz de Fora,MG,1049,422,189,227,17,4,1,2,1,3,627
3136801,Juramento,MG,319,123,101,22,11,3,,,,1,196
3136900,Juruaia,MG,1177,402,69,26,351,6,,,,5,775
3136959,Juvenília,MG,445,92,73,16,2,,,,,1,353
3137007,Ladainha,MG,2181,82,63,18,3,,,,,2,2099
3137106,Lagamar,MG,917,198,2,183,75,3,6,,,3,719
3137205,Lagoa da Prata,MG,360,183,,74,118,3,,,1,4,177
3137304,Lagoa dos Patos,MG,481,389,381,11,2,,,,,,92
3137403,Lagoa Dourada,MG,713,63,8,40,3,5,3,,,6,650
3137502,Lagoa Formosa,MG,1463,304,10,165,20,112,1,,1,21,1159
3137536,Lagoa Grande,MG,696,370,2,309,181,13,4,,4,6,326
3137601,Lagoa Santa,MG,116,61,8,55,,,,,,,55
3137700,Lajinha,MG,1867,928,50,60,834,2,2,,,36,939
3137809,Lambari,MG,1298,655,463,27,214,2,,23,,3,643
3137908,Lamim,MG,351,179,173,16,,,,,,,172
3138005,Laranjal,MG,694,124,22,103,,,,,,2,570
3138104,Lassance,MG,646,175,121,45,6,2,1,2,,5,471
3138203,Lavras,MG,802,268,72,138,43,13,9,5,,26,534
3138302,Leandro Ferreira,MG,265,35,3,28,1,2,,,,1,230
3138351,Leme do Prado,MG,322,71,61,11,,,1,2,2,1,251
3138401,Leopoldina,MG,1319,616,25,496,134,7,,,1,12,703
3138500,Liberdade,MG,472,154,19,129,26,,,,,,318
3138609,Lima Duarte,MG,683,182,44,141,2,2,1,,,3,501
3138625,Limeira do Oeste,MG,714,192,126,66,8,6,4,,1,,522
3138658,Lontra,MG,567,36,17,17,,,,,,7,531
3138674,Luisburgo,MG,1113,272,92,198,14,1,,,1,28,841
3138682,Luislândia,MG,443,36,3,33,,,,,,1,407
3138708,Luminárias,MG,276,107,35,51,23,4,3,,,3,169
3138807,Luz,MG,816,375,63,287,49,1,2,,,,441
3138906,Machacalis,MG,346,14,,14,,,1,,,,332
3139003,Machado,MG,1623,927,223,433,549,138,35,4,3,61,696
3139102,Madre de Deus de Minas,MG,226,81,7,51,11,2,10,,,16,145
3139201,Malacacheta,MG,1270,92,47,40,2,1,2,,5,4,1178
3139250,Mamonas,MG,1131,54,50,4,,,,,,1,1077
3139300,Manga,MG,1006,198,156,30,13,,2,,,6,808
3139409,Manhuaçu,MG,2822,1106,675,680,99,7,4,11,,17,1716
3139508,Manhumirim,MG,701,346,242,149,90,1,,1,,5,355
3139607,Mantena,MG,1165,90,51,35,3,,1,,,4,1075
3139706,Maravilhas,MG,278,73,13,54,7,,,,,3,205
3139805,Mar de Espanha,MG,428,110,71,40,4,,,,,2,318
3139904,Maria da Fé,MG,622,164,68,90,7,4,1,,,8,458
3140001,Mariana,MG,558,132,76,31,4,28,1,,6,1,426
3140100,Marilac,MG,142,51,,21,33,,,,,1,91
3140159,Mário Campos,MG,140,30,25,5,,,,,,,110
3140209,Maripá de Minas,MG,188,66,50,14,,1,,,,3,122
3140308,Marliéria,MG,199,25,4,17,3,1,,,,1,174
3140407,Marmelópolis,MG,279,87,82,3,,,,,,2,192
3140506,Martinho Campos,MG,528,164,6,108,44,3,,,1,15,364
3140530,Martins Soares,MG,639,273,105,44,152,,2,,17,9,366
3140555,Mata Verde,MG,377,69,64,3,1,,,,,2,308
3140605,Materlândia,MG,385,99,46,65,3,,,,,,286
3140704,Mateus Leme,MG,452,201,163,36,11,4,,,1,1,251
3140803,Matias Barbosa,MG,70,48,33,14,,,1,,,,22
3140852,Matias Cardoso,MG,696,413,282,100,1,6,1,,,79,283
3140902,Matipó,MG,1041,153,23,118,2,4,,,,9,888
3141009,Mato Verde,MG,1107,40,33,6,,,,,,1,1067
3141108,Matozinhos,MG,84,58,2,53,6,,,,,1,26
3141207,Matutina,MG,404,66,26,39,2,4,,,,,338
3141306,Medeiros,MG,599,266,2,255,10,2,2,,,1,333
3141405,Medina,MG,1654,61,29,31,,,3,,1,,1593
3141504,Mendes Pimentel,MG,562,90,45,28,2,,,7,,15,472
3141603,Mercês,MG,710,152,49,42,3,68,1,,,3,558
3141702,Mesquita,MG,636,45,34,4,1,4,2,,,,591
3141801,Minas Novas,MG,3208,127,61,41,9,,1,22,,2,3081
3141900,Minduri,MG,95,51,34,18,1,,1,,,3,44
3142007,Mirabela,MG,917,65,51,15,1,,,1,,1,852
3142106,Miradouro,MG,1016,234,154,43,25,,,,,46,782
3142205,Miraí,MG,747,148,128,16,2,5,,,,,599
3142254,Miravânia,MG,545,34,22,11,,1,,1,,1,511
3142304,Moeda,MG,130,32,12,19,5,,,,1,,98
3142403,Moema,MG,310,194,1,184,32,1,,,,14,116
3142502,Monjolos,MG,144,44,36,11,,,,,,,100
3142601,Monsenhor Paulo,MG,367,209,21,93,114,4,,,,7,158
3142700,Montalvânia,MG,1211,332,312,22,1,2,1,,,2,879
3142809,Monte Alegre de Minas,MG,1773,982,39,869,78,55,16,1,1,16,791
3142908,Monte Azul,MG,2386,165,147,9,,1,,,,9,2221
3143005,Monte Belo,MG,1444,419,165,91,129,11,3,4,,69,1025
3143104,Monte Carmelo,MG,1218,527,57,251,272,21,7,,8,40,691
3143153,Monte Formoso,MG,396,36,25,6,,,,9,,1,360
3143203,Monte Santo de Minas,MG,986,700,10,157,598,5,,,,8,286
3143302,Montes Claros,MG,3556,785,471,221,24,2,1,1,50,77,2771
3143401,Monte Sião,MG,929,142,78,42,17,6,2,,,8,787
3143450,Montezuma,MG,1142,38,27,7,,,,2,1,2,1104
3143500,Morada Nova de Minas,MG,482,140,33,84,26,2,,,2,5,342
3143609,Morro da Garça,MG,160,39,11,29,,,,,,1,121
3143708,Morro do Pilar,MG,231,22,7,12,1,,,,,2,209
3143807,Munhoz,MG,550,183,70,130,,,,,,1,367
3143906,Muriaé,MG,1894,682,286,405,3,,1,1,3,8,1212
3144003,Mutum,MG,3048,853,54,133,706,,,1,1,23,2195
3144102,Muzambinho,MG,1185,524,220,206,107,27,5,,,17,661
3144201,Nacip Raydan,MG,195,33,,12,21,,,,,2,162
3144300,Nanuque,MG,595,196,8,183,14,3,4,,,,399
3144359,Naque,MG,99,15,,10,5,,1,,,1,84
3144375,Natalândia,MG,202,90,38,32,26,,1,,,,112
3144409,Natércia,MG,721,384,34,160,144,26,4,33,10,13,337
3144508,Nazareno,MG,523,181,84,65,41,,,,,16,342
3144607,Nepomuceno,MG,1530,763,36,101,646,3,,1,,5,767
3144656,Ninheira,MG,1004,88,80,7,1,,,,,,916
3144672,Nova Belém,MG,654,83,44,39,,,,,,3,571
3144706,Nova Era,MG,197,107,56,58,3,,,,,1,90
3144805,Nova Lima,MG,53,24,16,9,,,1,,,,29
3144904,Nova Módica,MG,293,70,11,53,9,,,,,,223
3145000,Nova Ponte,MG,363,191,4,142,11,27,3,,,26,172
3145059,Nova Porteirinha,MG,500,322,226,93,,12,1,,1,,178
3145109,Nova Resende,MG,2718,1463,22,40,1350,13,,,,74,1255
3145208,Nova Serrana,MG,292,101,65,46,7,1,1,,,,191
3145307,Novo Cruzeiro,MG,2976,121,58,46,7,3,,,,8,2855
3145356,Novo Oriente de Minas,MG,550,19,6,10,1,,,,,2,531
3145372,Novorizonte,MG,377,115,105,7,1,,,,,3,262
3145406,Olaria,MG,231,76,52,26,,,,,,,155
3145455,Olhos-d'Água,MG,880,255,199,117,2,,,,,3,625
3145505,Olímpio Noronha,MG,93,23,14,10,12,,,,,,70
3145604,Oliveira,MG,1202,263,17,183,55,5,1,1,1,16,939
3145703,Oliveira Fortes,MG,178,12,9,5,,,,,,,166
3145802,Onça de Pitangui,MG,283,100,13,44,24,5,22,,,4,183
3145851,Oratórios,MG,199,22,7,15,1,,,,,,177
3145877,Orizânia,MG,952,235,154,49,2,6,43,,,,717
3145901,Ouro Branco,MG,269,103,93,12,,,,,,,166
3146008,Ouro Fino,MG,1924,389,71,248,46,17,7,1,,29,1535
3146107,Ouro Preto,MG,726,128,85,32,12,2,1,1,,5,598
3146206,Ouro Verde de Minas,MG,544,35,23,10,1,,,,1,1,509
3146255,Padre Carvalho,MG,385,202,198,1,,,,,,3,183
3146305,Padre Paraíso,MG,776,51,38,9,2,,,,,2,725
3146404,Paineiras,MG,465,239,106,189,55,,,,,5,226
3146503,Pains,MG,320,49,12,29,1,3,4,,,2,271
3146552,Pai Pedro,MG,1198,104,57,45,1,,1,,,6,1094
3146602,Paiva,MG,138,75,73,3,,,,,,,63
3146701,Palma,MG,635,285,27,262,3,,,,,1,350
3146750,Palmópolis,MG,647,19,10,11,,,,,,,628
3146909,Papagaios,MG,307,60,17,37,7,1,1,,1,,247
3147006,Paracatu,MG,2217,591,32,290,224,42,40,,1,35,1626
3147105,Pará de Minas,MG,795,308,36,169,67,42,4,,2,15,487
3147204,Paraguaçu,MG,1345,889,79,27,685,12,2,7,4,105,456
3147303,Paraisópolis,MG,1100,72,12,52,1,1,,,,7,1028
3147402,Paraopeba,MG,396,162,27,101,44,7,2,,,5,234
3147501,Passabém,MG,155,19,9,3,13,,1,,,,136
3147600,Passa Quatro,MG,349,75,28,33,4,,,,2,13,274
3147709,Passa Tempo,MG,553,144,36,90,3,8,1,,,14,409
3147808,Passa Vinte,MG,216,114,81,38,3,1,,,,1,102
3147907,Passos,MG,1527,957,100,557,302,133,26,1,1,22,570
3147956,Patis,MG,389,14,5,7,1,,,,,1,375
3148004,Patos de Minas,MG,3777,983,85,554,192,150,18,,4,89,2794
3148103,Patrocínio,MG,2810,1378,46,774,411,159,13,3,19,93,1432
3148202,Patrocínio do Muriaé,MG,697,52,45,4,1,,1,,,2,645
3148301,Paula Cândido,MG,884,184,118,56,2,14,,,,8,700
3148400,Paulistas,MG,268,41,5,29,5,,,,,4,227
3148509,Pavão,MG,538,39,4,31,4,,,,,2,499
3148608,Peçanha,MG,1261,108,32,41,9,,28,,,2,1153
3148707,Pedra Azul,MG,660,64,14,43,,,7,,,3,596
3148756,Pedra Bonita,MG,1353,83,,80,,1,,,,3,1270
3148806,Pedra do Anta,MG,448,79,57,17,1,5,,,,2,369
3148905,Pedra do Indaiá,MG,566,86,10,53,6,19,1,,,2,480
3149002,Pedra Dourada,MG,259,195,193,3,,1,,,,,64
3149101,Pedralva,MG,870,231,146,79,11,2,3,,,7,639
3149150,Pedras de Maria da Cruz,MG,1024,77,37,39,,1,2,,,1,947
3149200,Pedrinópolis,MG,172,104,54,54,6,12,2,,1,3,68
3149309,Pedro Leopoldo,MG,183,125,17,111,3,1,1,,,,58
3149408,Pedro Teixeira,MG,165,78,75,3,,,,,,1,87
3149507,Pequeri,MG,107,102,102,7,,,,,,,5
3149606,Pequi,MG,244,88,10,43,37,1,,,,3,156
3149705,Perdigão,MG,407,50,25,25,4,2,1,,,4,357
3149804,Perdizes,MG,1319,413,18,268,118,80,19,,1,2,906
3149903,Perdões,MG,700,402,82,129,39,194,5,8,,14,298
3149952,Periquito,MG,159,27,,14,12,,,1,,2,132
3150000,Pescador,MG,167,44,32,9,3,,,,,2,123
3150109,Piau,MG,280,151,124,42,2,,,,,1,129
3150158,Piedade de Caratinga,MG,533,197,135,48,18,,,,,,336
3150208,Piedade de Ponte Nova,MG,111,46,3,39,1,2,2,,,1,65
3150307,Piedade do Rio Grande,MG,204,69,5,54,6,1,1,,,5,135
3150406,Piedade dos Gerais,MG,682,108,61,41,24,1,,1,,14,574
3150505,Pimenta,MG,629,388,6,115,23,7,3,,,265,241
3150539,Pingo-d'Água,MG,105,5,,5,,,,,,,100
3150570,Pintópolis,MG,1144,34,13,22,1,,1,,,1,1110
3150604,Piracema,MG,479,93,14,43,33,10,1,,,3,386
3150703,Pirajuba,MG,79,52,7,29,15,14,1,,,1,27
3150802,Piranga,MG,2323,206,90,119,3,2,2,,,1,2117
3150901,Piranguçu,MG,551,54,32,12,9,,3,,,2,497
3151008,Piranguinho,MG,425,180,65,103,28,1,,,,1,245
3151107,Pirapetinga,MG,211,46,1,16,30,,,1,,1,165
3151206,Pirapora,MG,269,125,97,34,,,,,,,144
3151305,Piraúba,MG,423,128,96,24,5,4,,,,,295
3151404,Pitangui,MG,494,158,2,140,13,6,1,,,2,336
3151503,Piumhi,MG,928,391,20,186,57,43,41,,1,94,537
3151602,Planura,MG,107,45,6,14,6,16,1,,,4,62
3151701,Poço Fundo,MG,1972,692,159,251,341,8,3,3,5,30,1280
3151800,Poços de Caldas,MG,296,183,75,80,55,8,,,,2,113
3151909,Pocrane,MG,990,122,47,40,41,,,1,,4,868
3152006,Pompéu,MG,815,393,57,141,211,21,19,2,,5,422
3152105,Ponte Nova,MG,1006,239,129,110,1,2,,,,7,767
3152131,Ponto Chique,MG,248,18,11,8,,,,,,,230
3152170,Ponto dos Volantes,MG,1026,148,129,19,,,,,,1,878
3152204,Porteirinha,MG,3230,177,99,62,4,,1,1,66,8,3053
3152303,Porto Firme,MG,1118,415,335,92,3,11,,,,3,703
3152402,Poté,MG,1054,61,37,24,,,,,,1,993
3152501,Pouso Alegre,MG,1951,1051,36,335,106,125,8,,,494,900
3152600,Pouso Alto,MG,545,253,29,224,3,,,,1,1,292
3152709,Prados,MG,344,66,34,15,6,13,,,,3,278
3152808,Prata,MG,1780,763,51,313,460,17,6,,1,17,1017
3152907,Pratápolis,MG,451,185,70,86,40,11,1,1,,2,266
3153004,Pratinha,MG,471,199,13,108,53,42,,,,4,272
3153103,Presidente Bernardes,MG,874,202,182,23,,,,,,16,672
3153202,Presidente Juscelino,MG,167,70,35,36,2,,,,,,97
3153301,Presidente Kubitschek,MG,107,37,35,4,,,,,,,70
3153400,Presidente Olegário,MG,2406,183,8,137,43,4,2,,,8,2223
3153509,Alto Jequitibá,MG,679,328,180,159,61,6,8,,6,17,351
3153608,Prudente de Morais,MG,58,29,6,24,2,,,,,1,29
3153707,Quartel Geral,MG,365,60,9,38,25,,,,,1,305
3153806,Queluzito,MG,193,128,20,114,9,,,,,7,65
3153905,Raposos,MG,18,5,4,1,,,,,,,13
3154002,Raul Soares,MG,2330,349,33,272,50,3,2,1,,1,1981
3154101,Recreio,MG,253,104,12,91,2,,1,,,,149
3154150,Reduto,MG,393,155,67,48,22,3,,3,1,16,238
3154200,Resende Costa,MG,935,89,3,73,15,,1,,,3,846
3154309,Resplendor,MG,944,189,42,79,15,2,45,1,,8,755
3154408,Ressaquinha,MG,361,128,79,30,7,6,,,,8,233
3154457,Riachinho,MG,980,88,54,23,13,3,,,,2,892
3154507,Riacho dos Machados,MG,1230,58,31,21,1,,2,1,4,2,1172
3154606,Ribeirão das Neves,MG,142,45,25,18,1,,1,,,1,97
3154705,Ribeirão Vermelho,MG,94,36,3,26,1,1,,,,6,58
3154804,Rio Acima,MG,92,38,26,14,1,,,,2,,54
3154903,Rio Casca,MG,422,94,2,83,1,3,4,,,2,328
3155009,Rio Doce,MG,194,63,31,34,1,,,,,,131
3155108,Rio do Prado,MG,275,11,6,6,,,,,,,264
3155207,Rio Espera,MG,1128,57,17,37,7,,,,,,1071
3155306,Rio Manso,MG,388,139,45,69,36,1,,,,1,249
3155405,Rio Novo,MG,220,100,51,48,49,1,,,1,3,120
3155504,Rio Paranaíba,MG,1080,480,17,198,263,58,3,,2,17,600
3155603,Rio Pardo de Minas,MG,3426,291,133,49,12,1,1,89,2,16,3135
3155702,Rio Piracicaba,MG,405,96,47,46,1,2,1,,,2,309
3155801,Rio Pomba,MG,531,128,87,45,,1,1,,,,403
3155900,Rio Preto,MG,296,62,29,30,3,2,,,,1,234
3156007,Rio Vermelho,MG,1083,81,4,34,37,,1,,,6,1002
3156106,Ritápolis,MG,367,92,15,62,19,2,,1,,3,275
3156205,Rochedo de Minas,MG,71,12,9,3,,,,,,,59
3156304,Rodeiro,MG,123,44,41,1,,,,,,5,79
3156403,Romaria,MG,196,139,15,45,79,9,7,,2,2,57
3156452,Rosário da Limeira,MG,399,89,83,7,1,,,,,,310
3156502,Rubelita,MG,1218,71,45,23,,,,,,5,1147
3156601,Rubim,MG,696,88,66,19,4,,1,,,1,608
3156700,Sabará,MG,228,70,53,16,2,,,,,6,158
3156809,Sabinópolis,MG,1286,247,121,80,20,36,3,2,,6,1039
3156908,Sacramento,MG,1309,423,63,248,90,71,5,,,31,886
3157005,Salinas,MG,1937,123,61,45,11,8,1,2,5,1,1814
3157104,Salto da Divisa,MG,324,73,2,72,,,,,,,251
3157203,Santa Bárbara,MG,284,101,74,29,2,3,,2,5,2,183
3157252,Santa Bárbara do Leste,MG,973,228,111,109,13,4,2,,6,2,745
3157278,Santa Bárbara do Monte Verde,MG,291,59,25,37,2,,,,1,1,232
3157302,Santa Bárbara do Tugúrio,MG,526,36,29,10,1,,,,,1,490
3157336,Santa Cruz de Minas,MG,1,1,,1,,,,,,,
3157377,Santa Cruz de Salinas,MG,876,86,82,4,,,,,,,790
3157401,Santa Cruz do Escalvado,MG,401,65,30,32,2,,1,,,2,336
3157500,Santa Efigênia de Minas,MG,201,8,4,1,3,,,,,,193
3157609,Santa Fé de Minas,MG,500,47,14,34,1,,,,,,453
3157658,Santa Helena de Minas,MG,292,4,1,3,,,,,,,288
3157708,Santa Juliana,MG,367,67,4,56,3,13,3,,,2,300
3157807,Santa Luzia,MG,219,56,6,44,6,,1,,,1,163
3157906,Santa Margarida,MG,2068,346,103,180,12,24,3,1,,32,1722
3158003,Santa Maria de Itabira,MG,601,175,88,91,15,4,2,,,6,426
3158102,Santa Maria do Salto,MG,339,9,4,4,1,,,,,,330
3158201,Santa Maria do Suaçuí,MG,691,137,116,18,4,,,,,2,554
3158300,Santana da Vargem,MG,363,300,53,95,154,1,63,,,,63
3158409,Santana de Cataguases,MG,450,67,60,10,,,,,,,383
3158508,Santana de Pirapama,MG,1121,131,33,61,12,29,,,1,2,990
3158607,Santana do Deserto,MG,69,22,1,22,,,,,,1,47
3158706,Santana do Garambéu,MG,155,28,5,21,,,1,,,2,127
3158805,Santana do Jacaré,MG,129,43,30,5,3,3,2,,,4,86
3158904,Santana do Manhuaçu,MG,1215,120,33,26,23,25,2,,,15,1095
3158953,Santana do Paraíso,MG,210,35,23,11,,,1,,,1,175
3159001,Santana do Riacho,MG,240,53,9,34,4,3,1,,,4,187
3159100,Santana dos Montes,MG,452,12,4,2,2,,,2,,2,440
3159209,Santa Rita de Caldas,MG,1115,297,57,228,10,,8,,20,4,818
3159308,Santa Rita de Jacutinga,MG,483,171,119,66,,,,,,1,312
3159357,Santa Rita de Minas,MG,263,82,4,52,12,1,,,,15,181
3159407,Santa Rita de Ibitipoca,MG,388,91,47,43,,1,,,,1,297
3159506,Santa Rita do Itueto,MG,731,81,30,20,32,,1,,,2,650
3159605,Santa Rita do Sapucaí,MG,898,350,38,133,194,1,1,,1,30,548
3159704,Santa Rosa da Serra,MG,426,247,129,15,161,1,,,,1,179
3159803,Santa Vitória,MG,972,449,34,393,23,12,8,1,3,12,523
3159902,Santo Antônio do Amparo,MG,528,255,144,88,32,3,1,,9,33,273
3160009,Santo Antônio do Aventureiro,MG,314,41,2,35,2,,1,,,1,273
3160108,Santo Antônio do Grama,MG,239,34,3,24,2,3,1,,,4,205
3160207,Santo Antônio do Itambé,MG,192,31,11,15,11,1,,,4,,161
3160306,Santo Antônio do Jacinto,MG,1098,87,76,10,2,,,,,1,1011
3160405,Santo Antônio do Monte,MG,1336,193,13,137,36,6,1,,,7,1143
3160454,Santo Antônio do Retiro,MG,866,3,1,2,,,,,,,863
3160504,Santo Antônio do Rio Abaixo,MG,156,24,15,1,8,,,,,,132
3160603,Santo Hipólito,MG,153,45,27,13,1,,,,,13,108
3160702,Santos Dumont,MG,541,103,50,48,7,2,,,,3,438
3160801,São Bento Abade,MG,72,48,38,10,7,1,,,,,24
3160900,São Brás do Suaçuí,MG,134,15,5,9,,,,,,1,119
3160959,São Domingos das Dores,MG,624,235,36,43,81,,,,,113,389
3161007,São Domingos do Prata,MG,1159,320,202,102,22,,1,,,4,839
3161056,São Félix de Minas,MG,302,79,74,4,,,1,,,2,223
3161106,São Francisco,MG,4205,85,16,55,5,1,3,,4,5,4120
3161205,São Francisco de Paula,MG,460,148,6,32,104,,1,,11,9,312
3161304,São Francisco de Sales,MG,456,52,7,44,7,10,1,,,,404
3161403,São Francisco do Glória,MG,408,37,25,11,,,,,,1,371
3161502,São Geraldo,MG,460,69,25,31,1,7,1,,,7,391
3161601,São Geraldo da Piedade,MG,300,29,4,2,23,,,,,,271
3161650,São Geraldo do Baixio,MG,290,32,6,20,2,1,,,,4,258
3161700,São Gonçalo do Abaeté,MG,396,92,37,49,7,1,1,,,2,304
3161809,São Gonçalo do Pará,MG,390,55,2,41,3,7,,,,2,335
3161908,São Gonçalo do Rio Abaixo,MG,431,237,201,42,1,,1,,,1,194
3162005,São Gonçalo do Sapucaí,MG,576,472,32,161,244,20,1,,119,49,104
3162104,São Gotardo,MG,998,366,62,213,56,80,6,,,3,632
3162203,São João Batista do Glória,MG,354,153,7,68,15,81,2,,,,201
3162252,São João da Lagoa,MG,769,129,94,28,3,,1,,,9,640
3162302,São João da Mata,MG,307,158,27,116,32,34,1,,,1,149
3162401,São João da Ponte,MG,3311,231,152,75,10,2,3,,2,13,3080
3162450,São João das Missões,MG,1205,44,31,11,2,,,,,2,1161
3162500,São João del Rei,MG,938,333,25,196,17,7,9,1,,119,605
3162559,São João do Manhuaçu,MG,914,186,94,60,37,,,,7,7,728
3162575,São João do Manteninha,MG,236,14,2,10,2,,,,,,222
3162609,São João do Oriente,MG,315,45,11,9,,,,,,26,270
3162658,São João do Pacuí,MG,458,70,59,4,3,1,2,,1,3,388
3162708,São João do Paraíso,MG,2694,346,310,36,2,1,,,1,7,2348
3162807,São João Evangelista,MG,658,49,3,37,2,,,,,8,609
3162906,São João Nepomuceno,MG,612,477,175,294,136,,,,,4,135
3162922,São Joaquim de Bicas,MG,120,70,68,2,1,,,,,,50
3162948,São José da Barra,MG,447,259,66,137,127,92,17,2,,1,188
3162955,São José da Lapa,MG,31,14,,12,1,1,,,,,17
3163003,São José da Safira,MG,81,19,5,3,12,,,,,,62
3163102,São José da Varginha,MG,258,77,17,42,18,8,,,,4,181
3163201,São José do Alegre,MG,237,131,122,16,3,,,,,,106
3163300,São José do Divino,MG,336,73,61,16,,,1,,,1,263
3163409,São José do Goiabal,MG,437,11,1,10,,,,,1,,426
3163508,São José do Jacuri,MG,629,79,39,34,3,,,,,4,550
3163607,São José do Mantimento,MG,296,68,50,5,22,,,,,,228
3163706,São Lourenço,MG,76,37,6,31,3,,,,,,39
3163805,São Miguel do Anta,MG,846,189,108,38,3,57,2,,,3,657
3163904,São Pedro da União,MG,1048,494,208,51,331,13,4,1,,14,554
3164001,São Pedro dos Ferros,MG,368,88,22,62,7,,4,,1,3,280
3164100,São Pedro do Suaçuí,MG,375,99,75,23,,1,,,,,276
3164209,São Romão,MG,725,41,21,10,,,2,,,10,684
3164308,São Roque de Minas,MG,1055,279,11,123,175,21,,,,15,776
3164407,São Sebastião da Bela Vista,MG,275,107,46,31,25,7,,,11,10,168
3164431,São Sebastião da Vargem Alegre,MG,516,217,134,71,21,7,,,,35,299
3164472,São Sebastião do Anta,MG,599,59,2,7,45,,,,1,7,540
3164506,São Sebastião do Maranhão,MG,1126,56,20,28,,7,,,,2,1070
3164605,São Sebastião do Oeste,MG,796,138,9,45,3,86,,,2,,658
3164704,São Sebastião do Paraíso,MG,1114,679,49,502,136,20,3,,7,44,435
3164803,São Sebastião do Rio Preto,MG,260,10,6,3,2,,,,,,250
3164902,São Sebastião do Rio Verde,MG,280,54,25,31,,1,,,1,,226
3165008,São Tiago,MG,908,298,36,221,92,2,,2,,11,610
3165107,São Tomás de Aquino,MG,444,378,46,254,105,15,4,,,3,66
3165206,São Tomé das Letras,MG,432,143,85,18,43,,,,,2,289
3165305,São Vicente de Minas,MG,226,179,7,84,104,1,,,,1,47
3165404,Sapucaí-Mirim,MG,289,27,2,21,3,,,,1,,262
3165503,Sardoá,MG,313,16,12,3,4,,,,,,297
3165537,Sarzedo,MG,71,59,56,5,,,,,,2,12
3165552,Setubinha,MG,1279,60,27,27,1,1,1,,,5,1219
3165560,Sem-Peixe,MG,421,95,15,62,20,,,,,,326
3165578,Senador Amaral,MG,578,229,13,26,2,1,190,1,,2,349
3165602,Senador Cortes,MG,115,64,60,,9,,,,,32,51
3165701,Senador Firmino,MG,226,21,10,8,3,1,,,,,205
3165800,Senador José Bento,MG,272,33,2,8,,,1,,2,21,239
3165909,Senador Modestino Gonçalves,MG,771,37,30,5,,,1,,,3,734
3166006,Senhora de Oliveira,MG,307,63,47,10,,,,1,,5,244
3166105,Senhora do Porto,MG,286,13,3,4,7,,,,,,273
3166204,Senhora dos Remédios,MG,1098,158,118,40,3,,,,,4,940
3166303,Sericita,MG,766,91,60,43,,,,,,,675
3166402,Seritinga,MG,106,22,18,3,2,,,,,,84
3166501,Serra Azul de Minas,MG,354,11,,7,4,,,,,,343
3166600,Serra da Saudade,MG,155,43,4,19,23,1,,,,,112
3166709,Serra dos Aimorés,MG,100,26,5,16,6,,1,,,,74
3166808,Serra do Salitre,MG,918,552,7,310,249,48,3,,,4,366
3166907,Serrania,MG,227,146,79,52,60,1,1,,,2,81
3166956,Serranópolis de Minas,MG,698,172,152,18,2,,1,,,4,526
3167004,Serranos,MG,169,61,45,14,3,1,,,,2,108
3167103,Serro,MG,1683,63,9,23,32,,,1,2,5,1620
3167202,Sete Lagoas,MG,648,331,237,75,25,6,1,,,16,317
3167301,Silveirânia,MG,236,131,108,40,,,,,,5,105
3167400,Silvianópolis,MG,1052,117,6,100,18,,,,,3,935
3167509,Simão Pereira,MG,64,29,24,7,1,,1,,,,35
3167608,Simonésia,MG,2431,299,115,127,35,3,15,2,1,19,2132
3167707,Sobrália,MG,417,79,25,32,20,,1,,,1,338
3167806,Soledade de Minas,MG,496,175,135,45,4,,,,,1,321
3167905,Tabuleiro,MG,272,39,27,21,1,,,,,,233
3168002,Taiobeiras,MG,1158,341,269,58,3,2,4,2,,8,817
3168051,Taparuba,MG,333,20,,10,13,,,,,,313
3168101,Tapira,MG,446,204,52,115,19,18,,,,14,242
3168200,Tapiraí,MG,328,97,60,46,4,5,,,1,3,231
3168309,Taquaraçu de Minas,MG,202,52,23,24,2,,1,,,7,150
3168408,Tarumirim,MG,955,182,89,60,31,,1,2,,8,773
3168507,Teixeiras,MG,722,161,125,34,1,15,4,,2,5,561
3168606,Teófilo Otoni,MG,2717,319,70,230,17,4,,10,,28,2398
3168705,Timóteo,MG,69,7,,7,,,,,,,62
3168804,Tiradentes,MG,103,14,8,6,,1,,,,,89
3168903,Tiros,MG,1109,302,80,216,55,3,2,,,2,807
3169000,Tocantins,MG,569,214,172,46,2,2,1,,8,3,355
3169059,Tocos do Moji,MG,617,230,154,69,,3,,1,,13,387
3169109,Toledo,MG,523,40,4,36,,,,,,,483
3169208,Tombos,MG,586,155,107,43,5,3,1,,,3,431
3169307,Três Corações,MG,856,456,76,217,118,79,3,,,18,400
3169356,Três Marias,MG,348,108,63,41,4,1,2,,,3,240
3169406,Três Pontas,MG,1090,811,30,264,484,119,14,,2,32,279
3169505,Tumiritinga,MG,461,59,22,24,20,,,,,,402
3169604,Tupaciguara,MG,642,234,17,169,14,10,5,,,31,408
3169703,Turmalina,MG,1240,136,48,43,10,2,3,40,3,4,1104
3169802,Turvolândia,MG,559,357,144,91,147,29,,,,2,202
3169901,Ubá,MG,541,220,61,129,41,4,1,,,13,321
3170008,Ubaí,MG,996,42,32,8,1,,,1,,,954
3170057,Ubaporanga,MG,1018,160,52,79,11,19,1,,,4,858
3170107,Uberaba,MG,2061,1160,270,744,314,64,18,3,3,58,901
3170206,Uberlândia,MG,2706,1122,175,763,96,73,22,1,1,91,1584
3170305,Umburatiba,MG,167,21,9,11,,1,1,,,,146
3170404,Unaí,MG,3702,1008,219,196,612,48,4,16,,22,2694
3170438,União de Minas,MG,511,300,103,200,5,2,1,,1,2,211
3170479,Uruana de Minas,MG,479,131,125,6,5,,,,,,348
3170503,Urucânia,MG,232,70,36,34,5,,3,,,,162
3170529,Urucuia,MG,1328,554,523,51,12,2,1,2,,2,774
3170578,Vargem Alegre,MG,269,12,1,9,,,,,,2,257
3170602,Vargem Bonita,MG,181,51,5,22,28,1,4,,,1,130
3170651,Vargem Grande do Rio Pardo,MG,517,52,41,11,1,,1,,,,465
3170701,Varginha,MG,462,367,95,160,172,4,1,,,52,95
3170750,Varjão de Minas,MG,323,22,4,12,3,2,,,,1,301
3170800,Várzea da Palma,MG,766,474,358,48,5,61,4,,,13,292
3170909,Varzelândia,MG,1139,253,225,23,3,5,,,,2,886
3171006,Vazante,MG,990,75,8,58,11,1,,,,,915
3171030,Verdelândia,MG,744,369,307,65,,3,1,,1,2,375
3171071,Veredinha,MG,674,173,75,10,3,1,,125,1,4,501
3171105,Veríssimo,MG,514,216,48,100,88,8,2,,1,1,298
3171154,Vermelho Novo,MG,732,160,131,30,2,,,,,1,572
3171204,Vespasiano,MG,37,10,3,7,1,,,,,1,27
3171303,Viçosa,MG,908,294,189,104,,15,2,,,8,614
3171402,Vieiras,MG,595,148,105,42,1,,,,,2,447
3171501,Mathias Lobato,MG,84,18,,8,10,,,,,,66
3171600,Virgem da Lapa,MG,1099,209,165,22,,16,,,7,5,890
3171709,Virgínia,MG,1143,221,7,206,2,1,1,,,8,922
3171808,Virginópolis,MG,528,154,37,33,90,3,2,,,2,374
3171907,Virgolândia,MG,365,35,5,13,16,,,,,4,330
3172004,Visconde do Rio Branco,MG,799,134,26,40,2,17,,1,7,55,665
3172103,Volta Grande,MG,131,88,7,39,49,,,,,1,43
3172202,Wenceslau Braz,MG,172,66,29,18,,7,4,,,12,106
3200102,Afonso Cláudio,ES,3136,670,244,116,282,53,2,,,25,2466
3200136,Águia Branca,ES,1537,390,118,107,62,32,2,1,,104,1147
3200169,Água Doce do Norte,ES,1347,109,34,69,9,,,,1,4,1238
3200201,Alegre,ES,2316,506,142,294,58,27,3,4,8,28,1810
3200300,Alfredo Chaves,ES,1799,91,64,15,11,,,,,7,1708
3200359,Alto Rio Novo,ES,853,269,153,68,75,2,,,,1,584
3200409,Anchieta,ES,902,219,107,75,53,3,,,,1,683
3200508,Apiacá,ES,656,141,82,57,4,,,,2,2,515
3200607,Aracruz,ES,1023,324,46,116,25,64,18,6,,61,699
3200706,Atílio Vivácqua,ES,499,90,32,17,43,1,2,,2,2,409
3200805,Baixo Guandu,ES,1215,446,294,87,98,2,2,,21,9,769
3200904,Barra de São Francisco,ES,2746,252,84,114,29,3,4,1,2,25,2494
3201001,Boa Esperança,ES,1039,483,129,64,203,68,50,,14,14,556
3201100,Bom Jesus do Norte,ES,190,72,34,28,5,,,,11,,118
3201159,Brejetuba,ES,859,204,153,19,58,2,2,,,8,655
3201209,Cachoeiro de Itapemirim,ES,1968,347,172,84,63,7,4,1,27,15,1621
3201308,Cariacica,ES,465,70,40,20,5,3,,,,6,395
3201407,Castelo,ES,2460,647,282,152,92,67,14,,51,53,1813
3201506,Colatina,ES,2408,486,147,263,25,5,11,2,10,48,1922
3201605,Conceição da Barra,ES,645,157,105,30,4,8,9,,,2,488
3201704,Conceição do Castelo,ES,1046,412,325,80,12,8,1,,1,14,634
3201803,Divino de São Lourenço,ES,654,128,109,19,4,1,,,3,1,526
3201902,Domingos Martins,ES,4505,731,412,153,99,25,6,1,,82,3774
3202009,Dores do Rio Preto,ES,659,237,170,46,19,10,3,1,,6,422
3202108,Ecoporanga,ES,2006,364,73,225,65,13,2,1,1,11,1642
3202207,Fundão,ES,452,91,27,36,25,2,,,2,6,361
3202256,Governador Lindenberg,ES,1127,188,22,87,55,12,10,1,1,6,939
3202306,Guaçuí,ES,1492,322,150,149,20,1,2,1,3,19,1170
3202405,Guarapari,ES,770,148,73,66,16,,,,,,622
3202454,Ibatiba,ES,1803,151,32,30,86,1,3,,,,1652
3202504,Ibiraçu,ES,382,97,51,16,30,,,,,12,285
3202553,Ibitirama,ES,1026,249,140,49,67,,3,,,3,777
3202603,Iconha,ES,1022,106,65,15,26,2,,,,3,916
3202652,Irupi,ES,1057,417,109,66,233,,11,1,,28,640
3202702,Itaguaçu,ES,1626,570,321,60,236,91,1,1,31,9,1056
3202801,Itapemirim,ES,995,165,57,64,57,2,,1,18,3,830
3202900,Itarana,ES,1220,342,46,15,273,6,1,,,25,878
3203007,Iúna,ES,1905,739,219,211,486,1,16,,,15,1166
3203056,Jaguaré,ES,1516,530,31,374,50,60,3,,,22,986
3203106,Jerônimo Monteiro,ES,796,273,205,42,19,,20,1,,7,523
3203130,João Neiva,ES,376,75,38,23,8,,1,,6,7,301
3203163,Laranja da Terra,ES,1934,350,184,75,87,7,5,1,,11,1584
3203205,Linhares,ES,2341,697,94,330,22,39,3,1,23,220,1644
3203304,Mantenópolis,ES,1390,103,36,38,28,3,,,9,2,1287
3203320,Marataízes,ES,1399,43,6,6,23,,,,,8,1356
3203346,Marechal Floriano,ES,916,187,75,79,2,18,10,,,10,729
3203353,Marilândia,ES,804,186,96,71,2,,3,2,3,19,618
3203403,Mimoso do Sul,ES,3200,468,240,125,93,5,4,2,10,39,2732
3203502,Montanha,ES,1014,305,46,156,21,63,10,3,3,17,709
3203601,Mucurici,ES,567,99,54,43,12,2,1,,1,,468
3203700,Muniz Freire,ES,2374,824,427,275,175,6,4,,6,33,1550
3203809,Muqui,ES,1248,311,176,60,99,1,1,,7,,937
3203908,Nova Venécia,ES,3090,972,77,331,583,2,2,,4,17,2118
3204005,Pancas,ES,1998,378,83,248,33,7,9,3,10,6,1620
3204054,Pedro Canário,ES,434,167,118,41,4,5,,,,,267
3204104,Pinheiros,ES,1006,250,37,146,53,10,7,,,13,756
3204203,Piúma,ES,160,41,30,8,7,,,,2,3,119
3204252,Ponto Belo,ES,388,50,16,30,4,4,6,,,1,338
3204302,Presidente Kennedy,ES,692,224,193,20,37,,,,2,2,468
3204351,Rio Bananal,ES,1932,340,63,84,19,95,25,,,89,1592
3204401,Rio Novo do Sul,ES,673,65,51,6,13,,,,1,,608
3204500,Santa Leopoldina,ES,2296,427,235,38,173,18,,1,,6,1869
3204559,Santa Maria de Jetibá,ES,5181,1709,202,162,1297,195,54,4,15,51,3472
3204609,Santa Teresa,ES,2010,537,122,84,369,8,10,,9,17,1473
3204658,São Domingos do Norte,ES,1128,230,68,58,53,6,1,,,68,898
3204708,São Gabriel da Palha,ES,1729,684,204,220,250,81,4,,6,24,1045
3204807,São José do Calçado,ES,783,274,86,200,34,,,1,,5,509
3204906,São Mateus,ES,4189,978,150,492,227,33,13,1,9,102,3211
3204955,São Roque do Canaã,ES,1025,235,86,85,55,3,3,,5,12,790
3205002,Serra,ES,268,70,27,34,7,2,1,,,5,198
3205010,Sooretama,ES,656,156,16,104,6,4,1,,1,28,500
3205036,Vargem Alta,ES,1255,204,80,70,48,2,2,1,3,13,1051
3205069,Venda Nova do Imigrante,ES,715,223,97,84,14,34,4,,,16,492
3205101,Viana,ES,623,108,74,17,6,,3,,3,12,515
3205150,Vila Pavão,ES,1447,315,66,60,99,2,2,,,93,1132
3205176,Vila Valério,ES,1796,666,111,282,213,74,8,,5,57,1130
3205200,Vila Velha,ES,211,64,14,47,3,1,,,,1,147
3205309,Vitória,ES,16,5,5,,,,,,,,11
3300100,Angra dos Reis,RJ,419,78,61,16,6,,,,,2,341
3300159,Aperibé,RJ,284,38,6,4,24,2,,,,10,246
3300209,Araruama,RJ,830,175,80,97,2,,2,,,1,655
3300225,Areal,RJ,84,46,26,23,,,1,,1,2,38
3300233,Armação dos Búzios,RJ,20,5,3,3,,,,,,,15
3300258,Arraial do Cabo,RJ,7,1,1,,,,,,,,6
3300308,Barra do Piraí,RJ,348,242,39,194,7,,,,,7,106
3300407,Barra Mansa,RJ,758,221,54,144,54,1,1,,,11,537
3300456,Belford Roxo,RJ,17,1,,1,,,,,,,16
3300506,Bom Jardim,RJ,1005,216,70,72,8,7,3,,,89,789
3300605,Bom Jesus do Itabapoana,RJ,1110,246,63,126,41,,1,,,21,864
3300704,Cabo Frio,RJ,349,65,31,30,3,,,,1,6,284
3300803,Cachoeiras de Macacu,RJ,2152,395,157,229,5,13,,,,1,1757
3300902,Cambuci,RJ,1149,219,85,81,31,2,,,,48,930
3300936,Carapebus,RJ,549,249,184,70,3,,,,,,300
3300951,Comendador Levy Gasparian,RJ,86,13,10,5,,,,,,,73
3301009,Campos dos Goytacazes,RJ,7787,881,305,467,84,3,2,5,3,40,6906
3301108,Cantagalo,RJ,939,290,81,172,83,,,,,4,649
3301157,Cardoso Moreira,RJ,587,77,50,27,,,1,,1,2,510
3301207,Carmo,RJ,476,98,23,50,21,,2,,,6,378
3301306,Casimiro de Abreu,RJ,289,123,86,38,,,,1,,1,166
3301405,Conceição de Macabu,RJ,334,133,59,92,4,,,,,1,201
3301504,Cordeiro,RJ,184,88,27,53,21,,,,,4,96
3301603,Duas Barras,RJ,570,213,141,30,39,,,,,53,357
3301702,Duque de Caxias,RJ,388,98,37,46,9,5,,5,,9,290
3301801,Engenheiro Paulo de Frontin,RJ,67,15,3,12,,,,,,,52
3301850,Guapimirim,RJ,241,88,62,29,3,1,1,8,6,6,153
3301876,Iguaba Grande,RJ,66,18,14,4,,,,,,,48
3301900,Itaboraí,RJ,448,100,26,71,2,,,1,,5,348
3302007,Itaguaí,RJ,434,90,57,27,,,4,,,3,344
3302056,Italva,RJ,409,108,81,28,,,,,,3,301
3302106,Itaocara,RJ,1493,326,38,72,140,5,2,1,,114,1167
3302205,Itaperuna,RJ,1596,254,58,181,14,,2,,,5,1342
3302254,Itatiaia,RJ,71,25,7,17,3,,,,,,46
3302270,Japeri,RJ,284,55,50,1,3,,,,,1,229
3302304,Laje do Muriaé,RJ,349,125,19,103,1,,,,,3,224
3302403,Macaé,RJ,886,239,130,103,11,,1,,,3,647
3302452,Macuco,RJ,73,51,7,27,26,,,,,,22
3302502,Magé,RJ,1035,295,272,24,6,,,2,,8,740
3302601,Mangaratiba,RJ,280,54,46,10,,,,,,,226
3302700,Maricá,RJ,294,85,54,30,2,,,,,,209
3302809,Mendes,RJ,40,19,1,18,,,,,,,21
3302858,Mesquita,RJ,56,19,18,1,,,,,,,37
3302908,Miguel Pereira,RJ,203,130,6,121,1,,,2,,3,73
3303005,Miracema,RJ,385,216,45,182,5,2,2,,,3,169
3303104,Natividade,RJ,703,215,60,158,10,,,,2,1,488
3303302,Niterói,RJ,22,11,2,9,,,,,,,11
3303401,Nova Friburgo,RJ,2056,787,217,452,18,24,79,2,3,110,1269
3303500,Nova Iguaçu,RJ,576,51,28,15,3,,1,,,6,525
3303609,Paracambi,RJ,374,102,83,15,16,,,1,,5,272
3303708,Paraíba do Sul,RJ,314,118,66,50,3,1,2,,,6,196
3303807,Paraty,RJ,601,116,96,18,4,,,,,1,485
3303856,Paty do Alferes,RJ,727,369,73,105,186,8,16,,,8,358
3303906,Petrópolis,RJ,768,311,214,89,1,,3,,3,8,457
3303955,Pinheiral,RJ,111,46,42,10,5,,,,1,2,65
3304003,Piraí,RJ,595,370,341,59,6,1,,,2,16,225
3304102,Porciúncula,RJ,1091,222,157,69,2,2,3,,,3,869
3304110,Porto Real,RJ,52,23,9,9,8,,,,,,29
3304128,Quatis,RJ,391,150,38,91,32,2,,2,,3,241
3304144,Queimados,RJ,138,27,24,1,2,,,,,1,111
3304151,Quissamã,RJ,303,127,74,58,,,,,,1,176
3304201,Resende,RJ,513,197,95,70,20,,8,,,8,316
3304300,Rio Bonito,RJ,637,100,28,73,1,,,,,1,537
3304409,Rio Claro,RJ,662,247,183,48,15,,,1,,14,415
3304508,Rio das Flores,RJ,228,200,10,190,6,,1,,,3,28
3304524,Rio das Ostras,RJ,208,113,81,32,,,,,,1,95
3304557,Rio de Janeiro,RJ,1090,283,143,124,1,,,2,,39,807
3304607,Santa Maria Madalena,RJ,950,174,107,59,14,,,,,12,776
3304706,Santo Antônio de Pádua,RJ,1082,328,31,290,7,,,,,8,754
3304755,São Francisco de Itabapoana,RJ,3693,116,37,56,1,2,3,,,20,3577
3304805,São Fidélis,RJ,1750,198,78,80,38,4,1,,1,5,1552
3304904,São Gonçalo,RJ,288,91,79,7,1,1,,2,,3,197
3305000,São João da Barra,RJ,692,46,28,13,1,1,1,,,3,646
3305109,São João de Meriti,RJ,1,1,1,,,,,,,,
3305133,São José de Ubá,RJ,533,279,32,261,5,,1,,,,254
3305158,São José do Vale do Rio Preto,RJ,688,267,230,36,4,1,4,,,9,421
3305208,São Pedro da Aldeia,RJ,288,73,35,37,1,,,,,4,215
3305307,São Sebastião do Alto,RJ,776,206,87,53,64,,3,,2,25,570
3305406,Sapucaia,RJ,681,146,88,38,6,7,4,3,,8,535
3305505,Saquarema,RJ,454,101,77,25,,,,,,3,353
3305554,Seropédica,RJ,444,84,55,30,2,,2,,,5,360
3305604,Silva Jardim,RJ,686,160,72,90,1,,,,2,4,526
3305703,Sumidouro,RJ,2674,837,369,291,3,45,7,,6,262,1837
3305752,Tanguá,RJ,441,103,72,33,1,1,1,1,,,338
3305802,Teresópolis,RJ,3485,835,227,67,15,1,7,,1,545,2650
3305901,Trajano de Moraes,RJ,1097,190,107,37,29,3,36,,,3,907
3306008,Três Rios,RJ,305,117,56,78,2,,1,,,,188
3306107,Valença,RJ,1143,543,42,468,72,23,,1,,8,600
3306156,Varre-Sai,RJ,670,174,114,56,5,11,2,1,,12,496
3306206,Vassouras,RJ,434,227,20,209,1,,1,,,,207
3306305,Volta Redonda,RJ,245,51,13,33,13,1,1,,1,2,194
3500105,Adamantina,SP,528,120,21,44,53,1,2,,1,12,408
3500204,Adolfo,SP,72,36,21,11,1,,,,,3,36
3500303,Aguaí,SP,507,207,2,189,22,2,1,1,1,1,300
3500402,Águas da Prata,SP,113,36,4,26,7,2,,,,1,77
3500501,Águas de Lindóia,SP,69,34,8,26,3,,,,,1,35
3500550,Águas de Santa Bárbara,SP,206,140,69,64,6,,3,1,,5,66
3500709,Agudos,SP,300,115,20,55,12,1,3,2,32,4,185
3500758,Alambari,SP,168,55,2,42,2,6,2,,,4,113
3500808,Alfredo Marcondes,SP,235,114,95,13,9,,,,,1,121
3500907,Altair,SP,103,44,,28,17,1,2,,,1,59
3501004,Altinópolis,SP,282,171,,87,69,3,4,,1,20,111
3501103,Alto Alegre,SP,468,96,8,47,38,10,1,,,5,372
3501152,Alumínio,SP,7,6,,5,1,1,,,,,1
3501202,Álvares Florence,SP,508,112,28,65,6,10,3,1,,5,396
3501301,Álvares Machado,SP,660,192,36,92,62,1,1,,,17,468
3501400,Álvaro de Carvalho,SP,93,65,22,48,6,,,,,,28
3501509,Alvinlândia,SP,102,70,31,50,5,4,,,,,32
3501608,Americana,SP,42,10,1,7,1,1,,1,,,32
3501707,Américo Brasiliense,SP,17,7,,6,1,1,1,,,,10
3501806,Américo de Campos,SP,374,141,22,113,23,,,,,,233
3501905,Amparo,SP,525,225,20,150,10,46,6,,,9,300
3502002,Analândia,SP,116,57,6,45,8,2,2,,1,4,59
3502101,Andradina,SP,836,241,118,105,30,2,3,1,2,8,595
3502200,Angatuba,SP,922,162,26,78,19,37,2,,8,19,760
3502309,Anhembi,SP,184,84,11,56,14,6,2,,,7,100
3502408,Anhumas,SP,220,67,16,47,13,,2,,,4,153
3502507,Aparecida,SP,83,39,3,15,22,,1,,,2,44
3502606,Aparecida d'Oeste,SP,395,95,27,65,6,1,2,,,5,300
3502705,Apiaí,SP,530,108,23,48,18,3,9,2,,11,422
3502754,Araçariguama,SP,10,1,,1,,,,,,,9
3502804,Araçatuba,SP,1016,281,77,133,62,10,8,,2,34,735
3502903,Araçoiaba da Serra,SP,314,134,14,82,14,9,7,,,13,180
3503000,Aramina,SP,82,29,1,18,16,3,2,,1,1,53
3503109,Arandu,SP,185,118,35,78,5,,1,,,4,67
3503158,Arapeí,SP,83,5,1,3,2,,,,,,78
3503208,Araraquara,SP,711,343,199,121,33,11,,1,4,13,368
3503307,Araras,SP,344,245,90,68,93,4,2,1,1,23,99
3503356,Arco-Íris,SP,191,73,,46,29,,1,,,2,118
3503406,Arealva,SP,645,307,15,279,15,8,2,,,4,338
3503505,Areias,SP,82,21,6,11,1,,,,,3,61
3503604,Areiópolis,SP,21,11,1,7,4,2,1,,,1,10
3503703,Ariranha,SP,100,70,3,24,22,1,5,,,26,30
3503802,Artur Nogueira,SP,567,130,9,59,44,29,1,,,4,437
3503901,Arujá,SP,127,30,,10,7,2,2,,1,13,97
3503950,Aspásia,SP,142,93,19,36,1,2,,,,44,49
3504008,Assis,SP,389,160,19,69,58,10,12,9,,7,229
3504107,Atibaia,SP,597,223,20,114,44,31,2,6,1,27,374
3504206,Auriflama,SP,349,208,25,174,6,3,1,,,8,141
3504305,Avaí,SP,374,83,43,41,1,,,,,,291
3504404,Avanhandava,SP,169,76,7,35,38,2,1,,,4,93
3504503,Avaré,SP,663,357,78,274,11,4,4,,,4,306
3504602,Bady Bassitt,SP,153,80,10,62,1,,2,1,,5,73
3504701,Balbinos,SP,64,57,41,20,3,1,,,,1,7
3504800,Bálsamo,SP,252,62,12,30,5,20,1,,,,190
3504909,Bananal,SP,235,28,3,19,7,,,,,,207
3505005,Barão de Antonina,SP,219,36,15,8,7,3,,,,4,183
3505104,Barbosa,SP,108,60,16,36,12,2,1,,,4,48
3505203,Bariri,SP,367,231,6,89,90,26,22,,,28,136
3505302,Barra Bonita,SP,55,38,3,12,19,3,,,,20,17
3505351,Barra do Chapéu,SP,438,33,2,18,1,10,1,,,2,405
3505401,Barra do Turvo,SP,547,167,133,11,21,1,,1,,7,380
3505500,Barretos,SP,969,336,6,196,147,8,7,1,2,18,633
3505609,Barrinha,SP,22,17,1,11,15,,2,,1,,5
3505807,Bastos,SP,382,172,6,130,20,4,1,,,18,210
3505906,Batatais,SP,376,221,21,106,61,13,24,,2,22,155
3506003,Bauru,SP,394,115,22,83,12,,3,1,1,4,279
3506102,Bebedouro,SP,595,402,57,176,228,9,8,1,1,18,193
3506201,Bento de Abreu,SP,55,18,,11,10,2,,,,1,37
3506300,Bernardino de Campos,SP,210,126,5,53,36,43,1,,,3,84
3506359,Bertioga,SP,1,1,,1,,,,,,,
3506409,Bilac,SP,263,86,16,39,12,2,25,,,2,177
3506508,Birigui,SP,649,264,43,126,73,6,41,1,,11,385
3506607,Biritiba Mirim,SP,433,175,5,24,3,79,53,,1,32,258
3506706,Boa Esperança do Sul,SP,166,97,16,60,34,8,1,,,1,69
3506805,Bocaina,SP,121,75,1,45,27,5,6,2,,13,46
3506904,Bofete,SP,227,109,41,44,3,22,,,1,5,118
3507001,Boituva,SP,189,68,4,39,17,10,3,,,3,121
3507100,Bom Jesus dos Perdões,SP,65,27,8,17,1,,,,,1,38
3507159,Bom Sucesso de Itararé,SP,56,31,9,8,,18,,,,,25
3507209,Borá,SP,38,16,1,15,3,,1,,,,22
3507308,Boracéia,SP,72,37,,21,14,4,3,,,6,35
3507407,Borborema,SP,410,237,3,75,98,72,5,,1,55,173
3507456,Borebi,SP,67,45,32,18,,,,,,,22
3507506,Botucatu,SP,358,181,24,126,16,16,5,3,3,13,177
3507605,Bragança Paulista,SP,582,175,11,127,17,15,4,,2,10,407
3507704,Braúna,SP,156,75,42,35,7,4,2,,,2,81
3507753,Brejo Alegre,SP,91,52,38,11,11,3,1,,,,39
3507803,Brodowski,SP,153,86,20,43,34,1,5,,2,3,67
3507902,Brotas,SP,393,156,3,100,49,7,4,,1,11,237
3508009,Buri,SP,529,118,6,83,17,10,2,,,5,411
3508108,Buritama,SP,396,139,30,102,8,4,5,,,7,257
3508207,Buritizal,SP,153,64,2,38,23,4,2,,1,1,89
3508306,Cabrália Paulista,SP,94,52,1,49,2,3,1,,,,42
3508405,Cabreúva,SP,101,55,4,25,8,18,,,,1,46
3508504,Caçapava,SP,119,65,17,43,7,,1,,2,2,54
3508603,Cachoeira Paulista,SP,254,103,16,78,17,1,1,,,3,151
3508702,Caconde,SP,1262,632,10,226,340,31,5,,2,101,630
3508801,Cafelândia,SP,252,141,15,118,16,4,,,,3,111
3508900,Caiabu,SP,188,39,16,16,8,,,,,,149
3509007,Caieiras,SP,18,8,1,7,1,,,,1,1,10
3509106,Caiuá,SP,658,369,311,64,3,,,,1,4,289
3509205,Cajamar,SP,72,33,15,9,17,,1,19,25,4,39
3509254,Cajati,SP,519,75,13,45,6,1,2,3,,8,444
3509304,Cajobi,SP,179,87,3,37,51,,2,1,1,1,92
3509403,Cajuru,SP,736,97,,67,25,1,3,,1,2,639
3509452,Campina do Monte Alegre,SP,135,38,3,26,4,7,1,,,8,97
3509502,Campinas,SP,581,151,9,128,4,2,,,1,13,430
3509601,Campo Limpo Paulista,SP,15,6,2,4,,,,,,,9
3509700,Campos do Jordão,SP,34,23,4,19,,,,,,,11
3509809,Campos Novos Paulista,SP,191,122,6,25,94,3,,,,3,69
3509908,Cananéia,SP,105,21,6,13,1,,,,,3,84
3509957,Canas,SP,41,18,4,10,5,,,,,2,23
3510005,Cândido Mota,SP,351,304,4,58,221,41,6,1,1,65,47
3510104,Cândido Rodrigues,SP,130,107,3,12,38,40,26,,1,1,23
3510153,Canitar,SP,21,6,1,5,1,,,,,,15
3510203,Capão Bonito,SP,755,270,35,105,50,22,47,,1,35,485
3510302,Capela do Alto,SP,157,54,6,28,6,14,,,,1,103
3510401,Capivari,SP,133,77,7,21,50,12,1,,,1,56
3510500,Caraguatatuba,SP,87,44,28,14,5,,2,,2,1,43
3510708,Cardoso,SP,262,97,21,76,8,3,4,,,1,165
3510807,Casa Branca,SP,500,281,16,161,115,28,5,,,7,219
3510906,Cássia dos Coqueiros,SP,320,155,,113,42,1,2,,1,,165
3511003,Castilho,SP,1199,416,263,162,21,3,6,,1,5,783
3511102,Catanduva,SP,157,90,2,46,39,4,6,,2,15,67
3511201,Catiguá,SP,48,27,1,17,10,2,2,,,2,21
3511300,Cedral,SP,298,191,10,176,4,1,2,,,1,107
3511409,Cerqueira César,SP,394,209,51,112,26,3,5,3,,23,185
3511508,Cerquilho,SP,180,96,4,49,32,21,1,,,1,84
3511607,Cesário Lange,SP,197,89,1,50,7,33,4,,,1,108
3511706,Charqueada,SP,107,60,12,18,28,5,1,,,5,47
3511904,Clementina,SP,127,66,38,23,7,,,,,3,61
3512001,Colina,SP,199,148,8,69,71,10,3,,3,11,51
3512100,Colômbia,SP,218,99,40,50,14,1,1,,1,2,119
3512209,Conchal,SP,345,68,18,42,7,2,2,,1,1,277
3512308,Conchas,SP,509,289,64,107,87,80,1,,,58,220
3512407,Cordeirópolis,SP,119,79,22,19,34,5,2,2,,15,40
3512506,Coroados,SP,332,111,6,53,45,8,2,2,,14,221
3512605,Coronel Macedo,SP,284,94,11,49,32,2,4,,,3,190
3512704,Corumbataí,SP,354,170,45,119,12,20,1,,1,,184
3512803,Cosmópolis,SP,177,43,1,4,40,29,,,,1,134
3512902,Cosmorama,SP,598,267,160,78,2,34,2,,,6,331
3513009,Cotia,SP,183,41,5,33,,,,,,3,142
3513108,Cravinhos,SP,112,58,2,33,34,,7,,3,1,54
3513207,Cristais Paulista,SP,444,361,17,206,128,6,6,,2,64,83
3513306,Cruzália,SP,97,92,1,10,76,15,8,,,,5
3513405,Cruzeiro,SP,192,44,5,36,4,,,,,2,148
3513504,Cubatão,SP,3,,,,,,,,,,3
3513603,Cunha,SP,2287,785,30,361,378,5,3,8,7,29,1502
3513702,Descalvado,SP,392,147,8,77,57,11,5,,1,12,245
3513801,Diadema,SP,16,1,1,,,,,,,,15
3513850,Dirce Reis,SP,131,5,,3,,1,,,,1,126
3513900,Divinolândia,SP,633,181,3,72,78,32,1,,,5,452
3514007,Dobrada,SP,29,21,,12,9,1,1,,,2,8
3514106,Dois Córregos,SP,366,208,12,71,113,14,2,,,25,158
3514205,Dolcinópolis,SP,107,35,15,18,1,3,1,,,,72
3514304,Dourado,SP,63,48,1,40,8,2,,,,2,15
3514403,Dracena,SP,570,177,44,104,30,1,2,,1,10,393
3514502,Duartina,SP,248,67,9,50,7,2,5,,1,4,181
3514601,Dumont,SP,178,171,1,20,160,2,1,,,4,7
3514700,Echaporã,SP,263,97,13,45,36,1,2,1,,7,166
3514809,Eldorado,SP,844,178,44,96,8,1,1,5,,29,666
3514908,Elias Fausto,SP,295,148,1,24,69,56,1,,,6,147
3514924,Elisiário,SP,49,22,6,11,7,3,2,,,,27
3514957,Embaúba,SP,63,46,2,9,18,,1,,1,20,17
3515004,Embu das Artes,SP,27,9,,7,,2,,,,,18
3515103,Embu-Guaçu,SP,105,39,8,14,8,2,,,,13,66
3515129,Emilianópolis,SP,194,177,114,77,5,,,,,6,17
3515152,Engenheiro Coelho,SP,316,64,1,33,21,20,1,,,5,252
3515186,Espírito Santo do Pinhal,SP,481,245,6,155,86,8,,,,8,236
3515194,Espírito Santo do Turvo,SP,97,68,24,40,12,2,3,,,5,29
3515202,Estrela d'Oeste,SP,268,154,40,72,33,5,4,,1,4,114
3515301,Estrela do Norte,SP,136,57,28,32,1,,1,,,,79
3515350,Euclides da Cunha Paulista,SP,751,426,402,25,6,2,,,1,1,325
3515400,Fartura,SP,475,236,93,105,31,36,3,,1,6,239
3515509,Fernandópolis,SP,584,221,20,185,5,5,2,,,10,363
3515608,Fernando Prestes,SP,313,200,10,54,85,18,14,,2,73,113
3515657,Fernão,SP,205,150,88,74,5,6,,1,1,1,55
3515707,Ferraz de Vasconcelos,SP,16,1,,,,,,,1,,15
3515806,Flora Rica,SP,109,47,10,29,10,,,,,2,62
3515905,Floreal,SP,230,137,111,22,4,11,,,,,93
3516002,Flórida Paulista,SP,511,95,24,37,41,4,1,,,4,416
3516101,Florínea,SP,46,39,2,11,32,1,3,,,3,7
3516200,Franca,SP,540,262,2,109,132,25,6,,3,22,278
3516309,Francisco Morato,SP,26,10,2,6,1,,1,1,,,16
3516408,Franco da Rocha,SP,137,54,43,9,,,,3,31,,83
3516507,Gabriel Monteiro,SP,178,101,78,24,10,,,,,1,77
3516606,Gália,SP,316,174,44,113,29,1,2,2,,17,142
3516705,Garça,SP,578,365,30,202,112,9,14,,,60,213
3516804,Gastão Vidigal,SP,209,98,70,24,,4,4,,,3,111
3516853,Gavião Peixoto,SP,56,48,13,27,20,1,,,,2,8
3516903,General Salgado,SP,354,109,27,42,41,1,2,,,6,245
3517000,Getulina,SP,218,97,21,68,11,5,,,,3,121
3517109,Glicério,SP,248,76,21,19,32,1,1,,,6,172
3517208,Guaiçara,SP,123,50,7,38,8,2,2,1,,,73
3517307,Guaimbê,SP,86,23,,19,3,1,,,,1,63
3517406,Guaíra,SP,310,197,6,115,64,61,5,,1,7,113
3517505,Guapiaçu,SP,509,98,25,35,19,19,3,,,6,411
3517604,Guapiara,SP,806,110,35,37,18,14,7,,,2,696
3517703,Guará,SP,146,58,2,30,12,2,4,,1,17,88
3517802,Guaraçaí,SP,401,151,42,87,42,3,4,,1,3,250
3517901,Guaraci,SP,189,85,19,42,24,6,2,,,2,104
3518008,Guarani d'Oeste,SP,93,39,23,20,,2,,1,,,54
3518107,Guarantã,SP,298,164,41,121,10,1,2,,,1,134
3518206,Guararapes,SP,361,141,13,103,32,8,8,1,,4,220
3518305,Guararema,SP,221,58,15,25,4,18,2,,,1,163
3518404,Guaratinguetá,SP,371,187,37,66,81,3,1,1,3,17,184
3518503,Guareí,SP,764,167,37,43,11,68,3,,,12,597
3518602,Guariba,SP,82,31,,10,26,2,,,,3,51
3518701,Guarujá,SP,9,5,4,1,1,1,,,,,4
3518800,Guarulhos,SP,82,12,,8,2,1,,,,3,70
3518859,Guatapará,SP,169,134,66,48,33,,2,,1,1,35
3518909,Guzolândia,SP,165,72,26,45,6,,2,,,2,93
3519006,Herculândia,SP,428,202,38,116,47,3,2,,1,10,226
3519055,Holambra,SP,218,127,1,69,68,2,3,1,,5,91
3519071,Hortolândia,SP,19,7,,3,,,,,,4,12
3519105,Iacanga,SP,170,105,17,78,18,5,1,,,6,65
3519204,Iacri,SP,241,75,2,39,29,1,,,1,7,166
3519253,Iaras,SP,431,148,104,42,1,,,,,2,283
3519303,Ibaté,SP,57,31,1,21,5,5,1,,,2,26
3519402,Ibirá,SP,243,146,31,100,12,7,6,,,9,97
3519501,Ibirarema,SP,139,110,4,31,67,19,1,1,,5,29
3519600,Ibitinga,SP,398,223,6,64,97,12,3,1,4,100,175
3519709,Ibiúna,SP,1240,467,2,82,22,174,8,1,1,190,773
3519808,Icém,SP,85,57,2,26,10,,2,,,23,28
3519907,Iepê,SP,266,154,45,71,83,1,2,,,1,112
3520004,Igaraçu do Tietê,SP,42,25,1,7,9,2,1,,,14,17
3520103,Igarapava,SP,207,93,6,56,34,1,4,1,1,10,114
3520202,Igaratá,SP,120,52,27,31,2,,,,,1,68
3520301,Iguape,SP,476,97,40,47,4,1,1,,3,7,379
3520400,Ilhabela,SP,13,5,3,2,1,,,,,1,8
3520426,Ilha Comprida,SP,5,,,,,,,,,,5
3520442,Ilha Solteira,SP,341,110,58,48,8,1,2,1,,2,231
3520509,Indaiatuba,SP,330,186,3,74,13,75,,,2,29,144
3520608,Indiana,SP,215,55,10,31,15,,,1,1,1,160
3520707,Indiaporã,SP,201,113,92,33,1,4,,,,3,88
3520806,Inúbia Paulista,SP,114,62,19,26,35,1,1,,,,52
3520905,Ipaussu,SP,42,18,2,7,8,4,,,,2,24
3521002,Iperó,SP,160,46,16,17,9,4,,,,1,114
3521101,Ipeúna,SP,219,75,9,18,44,6,1,,,3,144
3521150,Ipiguá,SP,151,58,5,48,1,2,,,,4,93
3521200,Iporanga,SP,361,82,63,11,1,4,1,2,,5,279
3521309,Ipuã,SP,105,73,1,63,8,4,1,,1,7,32
3521408,Iracemápolis,SP,28,17,,8,4,6,1,,,1,11
3521507,Irapuã,SP,207,115,4,45,14,6,37,,,18,92
3521606,Irapuru,SP,379,100,11,40,50,,2,,,5,279
3521705,Itaberá,SP,942,492,201,116,54,202,8,,1,6,450
3521804,Itaí,SP,610,278,54,134,53,40,8,,,25,332
3521903,Itajobi,SP,594,182,27,62,32,5,5,,,75,412
3522000,Itaju,SP,205,157,16,101,26,22,6,,1,8,48
3522109,Itanhaém,SP,57,23,12,9,,,,,,3,34
3522158,Itaoca,SP,127,80,71,13,,,,,,,47
3522208,Itapecerica da Serra,SP,87,9,,7,,,,,,2,78
3522307,Itapetininga,SP,1268,319,61,150,29,54,3,1,,49,949
3522406,Itapeva,SP,1227,503,57,217,89,29,124,,,34,724
3522505,Itapevi,SP,5,2,,,,1,,,,2,3
3522604,Itapira,SP,495,193,34,132,15,17,1,,,12,302
3522653,Itapirapuã Paulista,SP,309,28,16,10,,,,,,2,281
3522703,Itápolis,SP,777,457,12,213,171,25,47,,3,62,320
3522802,Itaporanga,SP,923,141,43,53,38,3,1,1,,7,782
3522901,Itapuí,SP,80,34,1,12,14,4,,,,9,46
3523008,Itapura,SP,261,59,43,12,1,3,2,,,,202
3523107,Itaquaquecetuba,SP,48,13,,6,,,,1,,7,35
3523206,Itararé,SP,682,301,45,78,179,8,8,1,,5,381
3523305,Itariri,SP,214,52,15,15,1,11,1,,,9,162
3523404,Itatiba,SP,330,132,33,78,6,12,,,,11,198
3523503,Itatinga,SP,210,119,36,79,4,4,5,,,1,91
3523602,Itirapina,SP,226,56,5,42,7,2,2,,,4,170
3523701,Itirapuã,SP,205,125,1,15,67,12,,,,37,80
3523800,Itobi,SP,123,60,2,44,12,3,6,,,,63
3523909,Itu,SP,247,142,2,112,28,8,,,1,5,105
3524006,Itupeva,SP,116,54,10,30,5,4,4,1,,5,62
3524105,Ituverava,SP,247,128,3,91,37,20,8,,3,7,119
3524204,Jaborandi,SP,136,98,3,40,68,2,4,,1,,38
3524303,Jaboticabal,SP,301,250,34,66,185,12,4,,1,10,51
3524402,Jacareí,SP,396,179,44,134,8,,1,3,,11,217
3524501,Jaci,SP,152,40,18,19,3,2,,,,1,112
3524600,Jacupiranga,SP,505,59,16,38,2,,1,,,3,446
3524709,Jaguariúna,SP,67,48,9,33,9,,,,,2,19
3524808,Jales,SP,1001,188,22,119,17,18,5,,8,21,813
3524907,Jambeiro,SP,105,71,24,43,12,,,,4,3,34
3525102,Jardinópolis,SP,231,153,36,91,72,2,7,,2,4,78
3525201,Jarinu,SP,188,94,24,26,6,1,1,,,46,94
3525300,Jaú,SP,330,196,8,77,102,11,4,,,51,134
3525409,Jeriquara,SP,80,71,3,36,37,5,2,,1,3,9
3525508,Joanópolis,SP,210,69,4,44,3,10,4,,10,4,141
3525607,João Ramalho,SP,281,186,88,95,109,20,2,,,1,95
3525706,José Bonifácio,SP,647,392,103,258,11,27,5,,,27,255
3525805,Júlio Mesquita,SP,58,38,8,23,8,1,1,,,4,20
3525854,Jumirim,SP,113,37,6,19,13,4,1,,,,76
3525904,Jundiaí,SP,398,157,55,71,6,15,2,2,,18,241
3526001,Junqueirópolis,SP,536,152,59,46,56,1,2,,1,2,384
3526100,Juquiá,SP,342,80,38,34,4,1,1,,,7,262
3526209,Juquitiba,SP,122,42,10,11,20,1,,1,1,2,80
3526308,Lagoinha,SP,257,121,14,65,52,,,,2,5,136
3526407,Laranjal Paulista,SP,461,118,3,46,43,25,1,,1,27,343
3526506,Lavínia,SP,274,60,8,48,15,1,2,,,1,214
3526605,Lavrinhas,SP,61,28,2,19,9,,1,,,,33
3526704,Leme,SP,263,104,12,45,39,2,1,,1,22,159
3526803,Lençóis Paulista,SP,273,85,10,49,34,3,5,,3,7,188
3526902,Limeira,SP,934,338,16,187,123,15,1,2,,40,596
3527009,Lindóia,SP,63,20,5,11,1,,,,,4,43
3527108,Lins,SP,137,63,8,49,8,2,1,1,,2,74
3527207,Lorena,SP,188,102,4,53,46,1,2,,2,12,86
3527256,Lourdes,SP,111,27,9,15,4,2,3,,,1,84
3527306,Louveira,SP,136,72,39,13,1,2,,,,18,64
3527405,Lucélia,SP,443,142,20,94,27,,1,,1,7,301
3527504,Lucianópolis,SP,129,21,1,15,5,,2,,,,108
3527603,Luís Antônio,SP,51,34,7,22,9,1,1,,,1,17
3527702,Luiziânia,SP,182,58,11,22,20,2,2,,,5,124
3527801,Lupércio,SP,192,91,9,53,30,,,,,8,101
3527900,Lutécia,SP,159,85,11,54,17,,2,,,4,74
3528007,Macatuba,SP,79,44,14,16,18,2,2,1,,8,35
3528106,Macaubal,SP,451,239,203,12,3,7,1,,,20,212
3528205,Macedônia,SP,327,124,29,82,1,14,3,,,1,203
3528304,Magda,SP,172,78,54,23,5,1,1,,,3,94
3528403,Mairinque,SP,115,44,,34,,9,,1,,2,71
3528502,Mairiporã,SP,72,15,,14,1,,,,,2,57
3528601,Manduri,SP,191,30,2,21,7,2,,,,,161
3528700,Marabá Paulista,SP,484,241,148,50,9,1,,,,35,243
3528809,Maracaí,SP,217,122,6,37,76,25,1,,,2,95
3528858,Marapoama,SP,148,90,3,39,18,2,2,,,28,58
3528908,Mariápolis,SP,387,47,3,16,24,2,1,,,5,340
3529005,Marília,SP,880,490,41,237,265,7,3,,3,14,390
3529104,Marinópolis,SP,155,16,2,11,,,,,,3,139
3529203,Martinópolis,SP,553,283,9,138,152,1,3,,,1,270
3529302,Matão,SP,170,124,7,76,54,1,1,,,5,46
3529401,Mauá,SP,34,3,,3,,,,,,,31
3529500,Mendonça,SP,283,114,51,54,1,4,2,,,9,169
3529609,Meridiano,SP,205,100,63,29,1,8,,,,4,105
3529658,Mesópolis,SP,195,121,78,31,16,4,7,,,1,74
3529708,Miguelópolis,SP,195,92,1,73,13,7,7,,2,1,103
3529807,Mineiros do Tietê,SP,93,46,,23,22,2,,,,12,47
3529906,Miracatu,SP,675,142,37,46,37,2,2,1,,27,533
3530003,Mira Estrela,SP,221,144,99,33,2,23,,,,,77
3530102,Mirandópolis,SP,1013,226,112,103,23,2,3,,2,4,787
3530201,Mirante do Paranapanema,SP,2095,1269,1103,119,39,24,9,6,33,23,826
3530300,Mirassol,SP,359,153,24,114,8,12,4,,,5,206
3530409,Mirassolândia,SP,193,73,19,32,5,5,1,,,13,120
3530508,Mococa,SP,454,207,4,135,53,36,5,,,3,247
3530607,Mogi das Cruzes,SP,1379,392,120,129,33,47,7,11,23,139,987
3530706,Mogi Guaçu,SP,509,266,8,177,49,27,4,,2,28,243
3530805,Mogi Mirim,SP,713,402,63,186,108,15,3,,,55,311
3530904,Mombuca,SP,54,50,7,12,38,8,1,,,4,4
3531001,Monções,SP,112,36,,31,3,2,1,,,2,76
3531100,Mongaguá,SP,43,4,2,2,,,,,,,39
3531209,Monte Alegre do Sul,SP,148,84,34,35,8,18,,1,1,4,64
3531308,Monte Alto,SP,497,331,9,82,159,18,7,,2,102,166
3531407,Monte Aprazível,SP,825,171,12,83,75,3,5,,,5,654
3531506,Monte Azul Paulista,SP,219,151,2,90,77,9,3,,1,8,68
3531605,Monte Castelo,SP,265,122,52,54,22,1,2,,1,2,143
3531704,Monteiro Lobato,SP,139,56,4,48,4,,,,1,2,83
3531803,Monte Mor,SP,226,109,,68,17,18,,,,11,117
3531902,Morro Agudo,SP,207,123,3,88,54,3,2,,2,11,84
3532009,Morungaba,SP,145,63,2,32,4,26,,,,1,82
3532058,Motuca,SP,184,166,162,4,2,,,,,,18
3532108,Murutinga do Sul,SP,489,250,159,51,46,16,2,,1,9,239
3532157,Nantes,SP,55,32,4,21,12,1,1,,,,23
3532207,Narandiba,SP,138,69,39,34,,,1,,,,69
3532306,Natividade da Serra,SP,546,257,170,80,24,,,1,3,2,289
3532405,Nazaré Paulista,SP,297,41,8,15,7,4,1,1,,5,256
3532504,Neves Paulista,SP,274,86,1,63,17,8,2,,,,188
3532603,Nhandeara,SP,673,106,42,31,15,3,1,,,19,567
3532702,Nipoã,SP,136,20,6,9,6,2,1,,,,116
3532801,Nova Aliança,SP,197,89,31,53,6,3,2,,,1,108
3532827,Nova Campina,SP,153,25,2,17,4,1,,,,1,128
3532843,Nova Canaã Paulista,SP,342,122,74,27,11,19,1,,,7,220
3532868,Nova Castilho,SP,106,22,13,8,4,,1,,,1,84
3532900,Nova Europa,SP,75,61,1,47,28,1,1,,,1,14
3533007,Nova Granada,SP,430,185,8,101,26,8,4,,,54,245
3533106,Nova Guataporanga,SP,89,33,19,14,1,,1,,1,,56
3533205,Nova Independência,SP,127,83,62,24,4,,1,,1,,44
3533254,Novais,SP,90,56,1,27,31,1,4,1,,2,34
3533304,Nova Luzitânia,SP,98,47,38,10,,,2,,,,51
3533403,Nova Odessa,SP,36,9,1,6,1,,,,,1,27
3533502,Novo Horizonte,SP,665,312,5,114,144,37,8,,,35,353
3533601,Nuporanga,SP,197,104,1,47,26,39,9,,1,,93
3533700,Ocauçu,SP,340,173,12,70,110,,1,,,6,167
3533809,Óleo,SP,326,113,10,56,22,27,3,,,3,213
3533908,Olímpia,SP,602,278,9,115,147,30,9,,1,24,324
3534005,Onda Verde,SP,73,49,16,25,5,2,1,,,1,24
3534104,Oriente,SP,97,76,2,67,24,,1,,,1,21
3534203,Orindiúva,SP,110,66,14,23,27,17,1,,,3,44
3534302,Orlândia,SP,89,43,2,23,11,11,2,,2,4,46
3534401,Osasco,SP,16,12,11,1,,,,,,,4
3534500,Oscar Bressane,SP,187,47,1,40,5,,,1,,2,140
3534609,Osvaldo Cruz,SP,658,217,18,109,97,,1,,,1,441
3534708,Ourinhos,SP,173,32,2,13,9,4,6,,,4,141
3534757,Ouroeste,SP,230,96,50,46,3,7,1,,,5,134
3534807,Ouro Verde,SP,159,54,11,31,14,1,2,,1,1,105
3534906,Pacaembu,SP,538,48,2,20,26,1,,1,,4,490
3535002,Palestina,SP,637,185,9,95,42,53,2,,,3,452
3535101,Palmares Paulista,SP,31,22,,13,13,,1,,1,3,9
3535200,Palmeira d'Oeste,SP,784,142,4,88,8,29,13,,,5,642
3535309,Palmital,SP,398,328,3,28,305,8,1,,,9,70
3535408,Panorama,SP,131,63,21,35,16,,1,,1,1,68
3535507,Paraguaçu Paulista,SP,613,109,9,76,20,3,5,1,,6,504
3535606,Paraibuna,SP,366,190,21,136,36,2,1,1,,8,176
3535705,Paraíso,SP,76,52,3,20,15,1,3,,1,14,24
3535804,Paranapanema,SP,574,267,21,214,19,12,9,,,3,307
3535903,Paranapuã,SP,156,93,23,48,1,7,8,,,15,63
3536000,Parapuã,SP,505,291,3,132,185,4,,,,8,214
3536109,Pardinho,SP,99,59,11,40,7,6,1,,,1,40
3536208,Pariquera-Açu,SP,320,77,22,53,1,2,,1,,2,243
3536257,Parisi,SP,193,30,3,25,1,,1,2,,1,163
3536307,Patrocínio Paulista,SP,375,189,7,134,57,14,2,,,7,186
3536406,Paulicéia,SP,245,43,17,19,4,1,2,1,1,,202
3536505,Paulínia,SP,42,22,,13,5,,,,,5,20
3536570,Paulistânia,SP,168,27,7,17,2,2,,,,1,141
3536604,Paulo de Faria,SP,182,103,7,76,17,6,1,,1,8,79
3536703,Pederneiras,SP,613,210,57,51,92,11,6,2,,7,403
3536802,Pedra Bela,SP,266,34,5,25,,2,,,,2,232
3536901,Pedranópolis,SP,355,101,6,88,1,6,,,,1,254
3537008,Pedregulho,SP,429,294,32,157,116,2,3,,1,20,135
3537107,Pedreira,SP,64,36,,33,,3,,,,,28
3537156,Pedrinhas Paulista,SP,116,111,1,18,99,1,2,,,,5
3537206,Pedro de Toledo,SP,183,57,31,14,9,4,,,,3,126
3537305,Penápolis,SP,645,230,15,93,131,12,2,1,1,8,415
3537404,Pereira Barreto,SP,445,158,69,78,12,4,2,,,11,287
3537503,Pereiras,SP,269,215,94,35,88,57,9,,,28,54
3537602,Peruíbe,SP,104,20,10,7,2,,,,,2,84
3537701,Piacatu,SP,228,108,66,43,14,1,1,,,1,120
3537800,Piedade,SP,1722,221,11,104,4,22,1,1,2,87,1501
3537909,Pilar do Sul,SP,688,141,4,70,30,47,4,,,9,547
3538006,Pindamonhangaba,SP,301,234,52,141,68,1,1,,1,5,67
3538105,Pindorama,SP,180,117,2,46,25,,9,,1,49,63
3538204,Pinhalzinho,SP,307,115,3,94,2,7,2,,,7,192
3538303,Piquerobi,SP,329,173,94,74,15,,1,1,,2,156
3538501,Piquete,SP,87,49,,33,14,,,,,4,38
3538600,Piracaia,SP,302,81,17,56,6,,2,1,5,10,221
3538709,Piracicaba,SP,679,390,26,162,208,23,3,1,,13,289
3538808,Piraju,SP,420,156,2,132,13,4,7,,,7,264
3538907,Pirajuí,SP,331,221,13,192,20,4,4,,,8,110
3539004,Pirangi,SP,309,158,1,75,67,8,1,,,23,151
3539103,Pirapora do Bom Jesus,SP,10,4,,4,,,,,,,6
3539202,Pirapozinho,SP,254,95,44,46,14,3,2,,,3,159
3539301,Pirassununga,SP,572,299,8,139,150,5,12,,2,28,273
3539400,Piratininga,SP,337,109,33,68,7,3,1,,,4,228
3539509,Pitangueiras,SP,222,152,38,34,93,3,4,,2,2,70
3539608,Planalto,SP,118,73,36,34,3,3,4,1,,4,45
3539707,Platina,SP,219,138,10,24,109,5,42,,,3,81
3539806,Poá,SP,7,3,1,2,,,,,,,4
3539905,Poloni,SP,203,36,6,17,13,3,1,,,1,167
3540002,Pompéia,SP,296,162,3,121,64,4,4,,2,7,134
3540101,Pongaí,SP,137,64,26,47,5,2,,,,,73
3540200,Pontal,SP,50,41,3,12,36,,1,,1,,9
3540259,Pontalinda,SP,233,106,34,25,44,,3,1,,11,127
3540309,Pontes Gestal,SP,116,22,7,13,2,,1,,1,1,94
3540408,Populina,SP,225,169,121,43,5,10,,,,6,56
3540507,Porangaba,SP,390,121,4,86,6,31,,,,,269
3540606,Porto Feliz,SP,442,263,41,88,130,8,1,,,31,179
3540705,Porto Ferreira,SP,138,70,2,31,37,1,2,,,10,68
3540754,Potim,SP,34,22,3,9,13,,,,1,3,12
3540804,Potirendaba,SP,726,215,136,72,16,,2,,,6,511
3540853,Pracinha,SP,94,58,20,40,2,,,,,1,36
3540903,Pradópolis,SP,219,171,163,5,7,,,,1,1,48
3541059,Pratânia,SP,88,46,3,27,9,6,3,,1,3,42
3541109,Presidente Alves,SP,182,106,21,85,3,1,2,,,1,76
3541208,Presidente Bernardes,SP,972,556,278,277,37,1,2,,,13,416
3541307,Presidente Epitácio,SP,722,261,175,81,4,,1,,1,1,461
3541406,Presidente Prudente,SP,532,191,20,114,68,1,,,2,3,341
3541505,Presidente Venceslau,SP,612,260,173,62,28,2,1,,1,2,352
3541604,Promissão,SP,1057,685,523,141,78,9,1,,,8,372
3541653,Quadra,SP,203,82,7,41,19,13,6,1,1,,121
3541703,Quatá,SP,246,67,6,54,12,,3,,,1,179
3541802,Queiroz,SP,66,25,4,11,10,,,,,3,41
3541901,Queluz,SP,50,23,4,17,5,,,,,,27
3542008,Quintana,SP,133,55,14,32,15,6,3,,,4,78
3542107,Rafard,SP,69,55,6,18,31,12,1,,,2,14
3542206,Rancharia,SP,800,600,218,435,203,131,9,,,7,200
3542305,Redenção da Serra,SP,260,137,84,36,26,1,1,,2,3,123
3542404,Regente Feijó,SP,285,117,22,82,20,,2,,2,7,168
3542503,Reginópolis,SP,124,41,1,41,1,,,,,,83
3542602,Registro,SP,620,155,42,81,7,4,5,,,26,465
3542701,Restinga,SP,227,132,22,45,72,,3,,1,2,95
3542800,Ribeira,SP,207,60,39,48,,,,,,1,147
3542909,Ribeirão Bonito,SP,233,148,4,80,89,13,1,,,8,85
3543006,Ribeirão Branco,SP,954,92,32,39,7,2,2,,,11,862
3543105,Ribeirão Corrente,SP,198,145,4,51,58,2,7,,2,34,53
3543204,Ribeirão do Sul,SP,253,88,8,14,27,10,,,1,33,165
3543238,Ribeirão dos Índios,SP,125,26,9,12,4,,1,,,1,99
3543253,Ribeirão Grande,SP,329,73,44,15,15,,2,1,,3,256
3543303,Ribeirão Pires,SP,12,2,,1,,,,,,1,10
3543402,Ribeirão Preto,SP,649,268,44,61,181,1,7,,2,8,381
3543501,Riversul,SP,422,109,28,33,51,1,3,2,,1,313
3543600,Rifaina,SP,40,25,5,14,7,1,1,,1,3,15
3543709,Rincão,SP,75,32,,23,9,2,1,,,2,43
3543808,Rinópolis,SP,370,185,7,118,77,4,2,,,7,185
3543907,Rio Claro,SP,776,265,16,182,63,17,4,,2,8,511
3544004,Rio das Pedras,SP,75,53,,15,40,1,,1,,4,22
3544103,Rio Grande da Serra,SP,5,,,,,,,,,,5
3544202,Riolândia,SP,180,62,5,51,5,2,3,,,2,118
3544251,Rosana,SP,792,439,405,29,4,,1,1,,4,353
3544301,Roseira,SP,56,27,7,10,14,,,,,,29
3544400,Rubiácea,SP,86,43,4,31,6,4,2,,,4,43
3544509,Rubinéia,SP,154,30,10,18,2,2,1,,,,124
3544608,Sabino,SP,98,45,4,34,6,2,1,,,3,53
3544707,Sagres,SP,216,36,18,8,9,,,,,1,180
3544806,Sales,SP,185,89,23,28,17,23,3,,1,4,96
3544905,Sales Oliveira,SP,103,72,1,56,14,10,2,,3,2,31
3545001,Salesópolis,SP,332,60,8,25,3,11,14,,,8,272
3545100,Salmourão,SP,173,91,12,62,28,,,,,,82
3545159,Saltinho,SP,89,52,2,12,35,4,1,,,1,37
3545209,Salto,SP,73,31,,23,6,3,,,,2,42
3545308,Salto de Pirapora,SP,217,80,4,49,8,3,1,,,18,137
3545407,Salto Grande,SP,158,117,2,31,18,5,1,,1,78,41
3545506,Sandovalina,SP,261,142,114,30,4,1,2,,,1,119
3545605,Santa Adélia,SP,178,115,3,48,28,22,22,1,1,5,63
3545704,Santa Albertina,SP,393,122,53,57,22,7,,,,3,271
3545803,Santa Bárbara d'Oeste,SP,75,27,2,8,18,1,1,,,2,48
3546009,Santa Branca,SP,91,35,7,23,,2,,,,4,56
3546108,Santa Clara d'Oeste,SP,210,83,55,18,16,4,,,,11,127
3546207,Santa Cruz da Conceição,SP,144,62,16,27,23,5,1,,1,3,82
3546256,Santa Cruz da Esperança,SP,63,14,1,4,8,,1,,1,1,49
3546306,Santa Cruz das Palmeiras,SP,108,67,2,33,32,1,1,,,3,41
3546405,Santa Cruz do Rio Pardo,SP,653,233,5,111,49,7,10,,1,83,420
3546504,Santa Ernestina,SP,58,36,4,14,20,4,,,,5,22
3546603,Santa Fé do Sul,SP,457,146,58,49,25,28,2,,1,9,311
3546702,Santa Gertrudes,SP,35,20,1,14,4,,,,,1,15
3546801,Santa Isabel,SP,302,87,8,61,16,,1,,,5,215
3546900,Santa Lúcia,SP,33,20,,12,13,1,1,,,1,13
3547007,Santa Maria da Serra,SP,124,63,8,47,8,2,,,,6,61
3547106,Santa Mercedes,SP,107,37,13,16,9,,1,,1,,70
3547205,Santana da Ponte Pensa,SP,318,117,57,56,19,4,,,,4,201
3547304,Santana de Parnaíba,SP,21,14,,13,,,,,,1,7
3547403,Santa Rita d'Oeste,SP,410,128,76,34,12,11,2,,,16,282
3547502,Santa Rita do Passa Quatro,SP,545,267,4,129,183,5,4,,,2,278
3547601,Santa Rosa de Viterbo,SP,271,164,117,75,48,2,3,2,1,2,107
3547650,Santa Salete,SP,219,44,10,18,5,18,2,,,1,175
3547700,Santo Anastácio,SP,495,200,1,174,23,1,,2,,3,295
3547809,Santo André,SP,55,5,2,1,,,,1,,1,50
3547908,Santo Antônio da Alegria,SP,502,225,21,166,37,,4,,2,5,277
3548005,Santo Antônio de Posse,SP,205,108,14,61,21,4,1,,,12,97
3548054,Santo Antônio do Aracanguá,SP,419,144,38,84,24,3,4,,,9,275
3548104,Santo Antônio do Jardim,SP,268,84,6,18,60,1,,,,8,184
3548203,Santo Antônio do Pinhal,SP,166,98,27,68,2,,,,,3,68
3548302,Santo Expedito,SP,172,100,80,19,5,,,,,2,72
3548401,Santópolis do Aguapeí,SP,87,44,16,31,6,1,,,,1,43
3548500,Santos,SP,1,,,,,,,,,,1
3548609,São Bento do Sapucaí,SP,576,192,75,131,,,3,,,3,384
3548708,São Bernardo do Campo,SP,62,3,,2,,,1,,,,59
3548807,São Caetano do Sul,SP,5,,,,,,,,,,5
3548906,São Carlos,SP,506,149,8,111,10,10,6,1,,14,357
3549003,São Francisco,SP,255,21,4,12,4,2,,,,,234
3549102,São João da Boa Vista,SP,582,200,7,126,30,19,6,1,,22,382
3549201,São João das Duas Pontes,SP,84,27,9,11,3,,1,,,4,57
3549250,São João de Iracema,SP,120,96,85,10,6,1,2,,,2,24
3549300,São João do Pau d'Alho,SP,182,135,124,12,4,,2,,1,,47
3549409,São Joaquim da Barra,SP,143,52,3,35,14,4,4,,1,2,91
3549508,São José da Bela Vista,SP,193,94,2,10,43,29,2,,1,29,99
3549607,São José do Barreiro,SP,222,72,46,19,6,2,4,1,,7,150
3549706,São José do Rio Pardo,SP,490,243,12,125,80,33,1,,,13,247
3549805,São José do Rio Preto,SP,501,178,11,137,12,1,8,2,,10,323
3549904,São José dos Campos,SP,544,220,18,170,45,2,1,,30,7,324
3549953,São Lourenço da Serra,SP,86,24,5,10,2,,,,,7,62
3550001,São Luiz do Paraitinga,SP,510,335,49,268,31,3,1,3,,7,175
3550100,São Manuel,SP,133,62,4,45,12,4,3,,,4,71
3550209,São Miguel Arcanjo,SP,1914,621,50,155,102,133,10,,54,181,1293
3550308,São Paulo,SP,549,142,54,50,33,2,3,8,1,20,407
3550407,São Pedro,SP,423,287,1,36,241,18,,1,,6,136
3550506,São Pedro do Turvo,SP,538,292,3,131,40,16,5,,,109,246
3550605,São Roque,SP,142,50,3,31,4,10,1,,,6,92
3550704,São Sebastião,SP,25,11,9,1,,,,,,1,14
3550803,São Sebastião da Grama,SP,271,114,12,39,66,,,,1,4,157
3550902,São Simão,SP,250,85,24,43,29,,2,,1,1,165
3551009,São Vicente,SP,7,1,,,,,,,,1,6
3551108,Sarapuí,SP,345,78,7,47,9,7,4,,2,4,267
3551207,Sarutaiá,SP,125,75,27,48,13,1,2,,,2,50
3551306,Sebastianópolis do Sul,SP,216,92,62,8,9,14,2,,,,124
3551405,Serra Azul,SP,136,48,20,17,12,3,2,,1,2,88
3551504,Serrana,SP,19,7,,3,3,,2,1,2,1,12
3551603,Serra Negra,SP,492,144,25,108,7,1,1,1,1,7,348
3551702,Sertãozinho,SP,139,111,3,22,100,,3,,1,3,28
3551801,Sete Barras,SP,814,137,34,84,16,1,1,,,2,677
3551900,Severínia,SP,97,55,,21,35,4,1,,,4,42
3552007,Silveiras,SP,338,116,70,55,6,,,1,,2,222
3552106,Socorro,SP,1749,458,53,373,9,11,1,1,,24,1291
3552205,Sorocaba,SP,186,78,2,55,6,1,,,,16,108
3552304,Sud Mennucci,SP,200,85,36,38,11,5,2,,,9,115
3552403,Sumaré,SP,170,75,44,23,7,1,,,,5,95
3552502,Suzano,SP,348,128,20,30,1,32,3,,4,47,220
3552551,Suzanápolis,SP,282,116,89,19,6,3,2,,,1,166
3552601,Tabapuã,SP,229,123,13,30,60,60,6,,,3,106
3552700,Tabatinga,SP,429,145,11,96,37,11,,,,1,284
3552809,Taboão da Serra,SP,2,1,,1,,,,,,,1
3552908,Taciba,SP,191,90,47,35,17,4,1,,1,2,101
3553005,Taguaí,SP,165,103,71,14,29,1,2,,,5,62
3553104,Taiaçu,SP,187,138,,49,33,6,53,,1,8,49
3553203,Taiúva,SP,164,85,7,37,38,4,9,1,2,9,79
3553302,Tambaú,SP,249,123,1,98,43,6,4,,2,,126
3553401,Tanabi,SP,1062,257,25,127,29,73,3,,,14,805
3553500,Tapiraí,SP,141,11,,7,,,,,,4,130
3553609,Tapiratiba,SP,93,46,5,29,16,1,,,,,47
3553658,Taquaral,SP,42,33,1,13,21,,3,,1,4,9
3553708,Taquaritinga,SP,559,407,8,131,226,61,15,,3,67,152
3553807,Taquarituba,SP,591,245,23,88,116,33,7,1,,2,346
3553856,Taquarivaí,SP,116,63,8,26,20,11,,,,,53
3553906,Tarabai,SP,126,88,38,60,3,,1,,,,38
3553955,Tarumã,SP,80,54,1,10,30,9,4,1,,13,26
3554003,Tatuí,SP,342,123,4,67,25,33,,,,2,219
3554102,Taubaté,SP,350,189,31,103,80,3,1,,1,9,161
3554201,Tejupá,SP,309,132,8,73,26,10,,,,18,177
3554300,Teodoro Sampaio,SP,975,575,519,49,7,1,2,,,6,400
3554409,Terra Roxa,SP,140,79,6,32,62,2,2,,1,5,61
3554508,Tietê,SP,417,188,54,54,109,38,2,,,6,229
3554607,Timburi,SP,139,39,5,23,1,1,6,,,3,100
3554656,Torre de Pedra,SP,175,34,3,30,,2,,,,,141
3554706,Torrinha,SP,418,119,22,76,13,15,4,,8,8,299
3554755,Trabiju,SP,23,12,5,3,5,1,,,,3,11
3554805,Tremembé,SP,162,59,23,34,6,1,1,,,3,103
3554904,Três Fronteiras,SP,310,94,28,41,14,5,,,,9,216
3554953,Tuiuti,SP,456,95,6,77,4,6,,,,3,361
3555000,Tupã,SP,719,247,27,154,63,3,6,,3,9,472
3555109,Tupi Paulista,SP,515,206,56,128,34,1,2,,1,7,309
3555208,Turiúba,SP,227,56,22,13,21,2,1,,,1,171
3555307,Turmalina,SP,259,126,72,46,2,16,1,,,2,133
3555356,Ubarana,SP,57,29,7,22,2,2,,,,,28
3555406,Ubatuba,SP,130,24,18,,1,,3,1,1,4,106
3555505,Ubirajara,SP,317,87,20,55,12,,2,,,2,230
3555604,Uchoa,SP,351,318,11,309,9,26,3,,,,33
3555703,União Paulista,SP,78,29,8,10,7,2,2,,,1,49
3555802,Urânia,SP,425,90,14,40,27,8,2,,,5,335
3555901,Uru,SP,85,69,39,40,1,,1,,,,16
3556008,Urupês,SP,515,272,7,120,37,19,3,,,93,243
3556107,Valentim Gentil,SP,222,78,49,20,4,2,5,,,1,144
3556206,Valinhos,SP,266,93,3,20,52,2,4,,2,24,173
3556305,Valparaíso,SP,175,86,8,46,28,3,1,,,10,89
3556354,Vargem,SP,228,126,19,110,4,1,,,,3,102
3556404,Vargem Grande do Sul,SP,195,128,13,79,28,3,11,,,4,67
3556453,Vargem Grande Paulista,SP,53,15,2,9,2,1,,,,1,38
3556503,Várzea Paulista,SP,8,1,,1,,,,,,,7
3556602,Vera Cruz,SP,264,184,25,89,85,2,1,,,11,80
3556701,Vinhedo,SP,85,37,5,12,1,5,2,,,16,48
3556800,Viradouro,SP,278,217,2,38,179,1,2,,1,19,61
3556909,Vista Alegre do Alto,SP,111,66,1,24,18,,2,,1,28,45
3556958,Vitória Brasil,SP,109,92,35,42,1,22,1,,,,17
3557006,Votorantim,SP,44,24,,24,,,,,,,20
3557105,Votuporanga,SP,515,135,9,102,11,8,5,,,6,380
3557154,Zacarias,SP,156,29,,21,5,2,1,1,,2,127
3557204,Chavantes,SP,29,11,,7,3,1,,,,2,18
3557303,Estiva Gerbi,SP,91,45,8,14,3,16,2,,1,6,46
4100103,Abatiá,PR,673,161,12,60,79,17,3,,,7,512
4100202,Adrianópolis,PR,661,76,41,25,9,3,,,,2,585
4100301,Agudos do Sul,PR,1000,397,105,73,37,219,7,,,15,603
4100400,Almirante Tamandaré,PR,206,56,15,25,5,7,3,1,,5,150
4100459,Altamira do Paraná,PR,540,238,59,60,129,30,,,,17,302
4100509,Altônia,PR,1567,277,61,128,81,31,2,,,18,1290
4100608,Alto Paraná,PR,586,253,71,116,40,66,1,,,2,333
4100707,Alto Piquiri,PR,740,280,5,13,224,41,1,4,,2,460
4100806,Alvorada do Sul,PR,371,214,16,85,135,10,4,,,7,157
4100905,Amaporã,PR,316,50,9,32,8,,1,,,2,266
4101002,Ampére,PR,1185,523,339,94,24,118,29,,,5,662
4101051,Anahy,PR,208,158,24,21,133,,,,,,50
4101101,Andirá,PR,291,217,59,30,137,20,,,,,74
4101150,Ângulo,PR,265,245,223,10,172,17,,1,,,20
4101200,Antonina,PR,302,105,76,30,13,2,1,1,1,5,197
4101309,Antônio Olinto,PR,1007,426,73,49,187,189,11,,,1,581
4101408,Apucarana,PR,1305,617,135,172,315,79,9,1,,7,688
4101507,Arapongas,PR,568,359,18,79,254,26,23,,,4,209
4101606,Arapoti,PR,824,297,36,70,171,27,1,,,17,527
4101655,Arapuã,PR,476,222,33,39,173,1,1,,,1,254
4101705,Araruna,PR,610,419,66,122,290,10,2,,,10,191
4101804,Araucária,PR,1387,585,390,54,79,12,5,,,191,802
4101853,Ariranha do Ivaí,PR,523,232,82,23,148,1,,,,1,291
4101903,Assaí,PR,598,400,60,83,297,8,4,,,4,198
4102000,Assis Chateaubriand,PR,1470,1301,36,46,1048,48,283,3,,9,169
4102109,Astorga,PR,704,440,35,83,300,86,9,1,,7,264
4102208,Atalaia,PR,279,133,35,17,75,20,1,,,4,146
4102307,Balsa Nova,PR,294,158,31,33,82,15,6,,1,29,136
4102406,Bandeirantes,PR,774,367,8,100,231,44,1,,,6,407
4102505,Barbosa Ferraz,PR,909,448,26,183,295,6,6,,,2,461
4102604,Barracão,PR,794,116,35,26,43,26,,,,1,678
4102703,Barra do Jacaré,PR,282,152,71,22,54,27,3,,,2,130
4102752,Bela Vista da Caroba,PR,838,302,135,80,109,17,7,,,1,536
4102802,Bela Vista do Paraíso,PR,342,106,5,51,51,20,4,,,,236
4102901,Bituruna,PR,1561,271,115,101,64,23,2,,,3,1290
4103008,Boa Esperança,PR,378,295,44,71,237,8,12,,,3,83
4103024,Boa Esperança do Iguaçu,PR,431,295,63,130,135,60,1,,1,1,136
4103040,Boa Ventura de São Roque,PR,1292,773,423,482,254,13,11,,1,4,519
4103057,Boa Vista da Aparecida,PR,857,183,34,28,101,91,2,,14,2,674
4103107,Bocaiúva do Sul,PR,373,71,21,42,10,1,2,,,2,302
4103156,Bom Jesus do Sul,PR,831,151,83,27,34,15,2,,,1,680
4103206,Bom Sucesso,PR,363,224,44,85,105,31,1,,,20,139
4103222,Bom Sucesso do Sul,PR,333,251,15,97,131,14,18,,,2,82
4103305,Borrazópolis,PR,670,359,28,28,216,133,48,,,1,311
4103354,Braganey,PR,509,339,10,95,240,30,9,,,6,170
4103370,Brasilândia do Sul,PR,203,154,1,5,151,1,,,,,49
4103404,Cafeara,PR,158,107,58,27,41,6,,,1,2,51
4103453,Cafelândia,PR,444,407,28,28,379,5,18,,,4,37
4103479,Cafezal do Sul,PR,533,220,132,63,44,3,3,,,1,313
4103503,Califórnia,PR,438,225,67,35,130,31,1,1,,2,213
4103602,Cambará,PR,397,284,103,60,116,54,5,,,7,113
4103701,Cambé,PR,563,332,35,125,220,28,6,,,8,231
4103800,Cambira,PR,554,198,5,6,166,17,17,,,6,356
4103909,Campina da Lagoa,PR,729,483,37,107,382,30,10,,,8,246
4103958,Campina do Simão,PR,460,203,137,28,51,1,,,1,,257
4104006,Campina Grande do Sul,PR,446,66,15,49,2,,1,,,2,380
4104055,Campo Bonito,PR,552,275,23,140,143,26,3,,,,277
4104105,Campo do Tenente,PR,322,176,13,34,90,60,6,,1,2,146
4104204,Campo Largo,PR,2206,321,57,182,51,12,25,,2,13,1885
4104253,Campo Magro,PR,858,169,56,135,1,,,1,,1,689
4104303,Campo Mourão,PR,618,456,43,82,363,23,5,1,,11,162
4104402,Cândido de Abreu,PR,2449,458,116,82,194,37,22,,,50,1991
4104428,Candói,PR,1479,769,399,306,278,82,8,2,,21,710
4104451,Cantagalo,PR,943,358,67,31,247,33,15,,,10,585
4104501,Capanema,PR,1917,939,188,322,468,212,104,2,1,12,978
4104600,Capitão Leônidas Marques,PR,987,620,195,182,311,103,23,,8,24,367
4104659,Carambeí,PR,222,202,5,118,123,17,1,1,3,1,20
4104709,Carlópolis,PR,1273,322,70,53,203,17,1,4,,11,951
4104808,Cascavel,PR,3216,1711,297,447,811,228,177,4,4,271,1505
4104907,Castro,PR,2597,813,47,238,411,121,29,2,23,29,1784
4105003,Catanduvas,PR,1076,346,36,210,88,71,22,1,,1,730
4105102,Centenário do Sul,PR,795,226,44,36,137,20,1,,,13,569
4105201,Cerro Azul,PR,1988,180,36,120,15,2,,,8,9,1808
4105300,Céu Azul,PR,801,444,95,53,344,71,42,,1,10,357
4105409,Chopinzinho,PR,1544,1070,425,318,495,151,60,,2,46,474
4105508,Cianorte,PR,1347,559,149,161,184,127,22,,1,6,788
4105607,Cidade Gaúcha,PR,329,124,58,43,26,8,6,,,1,205
4105706,Clevelândia,PR,760,512,38,131,382,7,30,1,,1,248
4105805,Colombo,PR,374,178,77,39,1,56,2,,,20,196
4105904,Colorado,PR,393,194,70,93,36,13,,,,13,199
4106001,Congonhinhas,PR,974,211,62,79,63,4,7,,1,2,763
4106100,Conselheiro Mairinck,PR,218,82,35,27,20,4,,,,6,136
4106209,Contenda,PR,1074,343,86,78,222,53,7,,,40,731
4106308,Corbélia,PR,454,414,51,98,331,105,14,,,2,40
4106407,Cornélio Procópio,PR,727,554,150,119,271,68,215,1,2,8,173
4106456,Coronel Domingos Soares,PR,1190,261,37,109,116,4,2,,,3,929
4106506,Coronel Vivida,PR,1481,952,123,353,556,22,63,2,,28,529
4106555,Corumbataí do Sul,PR,382,128,22,31,109,2,1,,,1,254
4106571,Cruzeiro do Iguaçu,PR,448,214,28,97,80,46,,,1,2,234
4106605,Cruzeiro do Oeste,PR,1014,292,200,56,59,7,4,,1,1,722
4106704,Cruzeiro do Sul,PR,257,139,101,32,38,8,1,1,,,118
4106803,Cruz Machado,PR,3036,799,457,49,89,270,22,,2,15,2237
4106852,Cruzmaltina,PR,325,203,7,42,151,15,5,,,1,122
4106902,Curitiba,PR,123,31,7,14,2,,2,,,10,92
4107009,Curiúva,PR,911,91,3,15,61,9,3,,,3,820
4107108,Diamante do Norte,PR,176,70,29,24,13,8,,,,10,106
4107124,Diamante do Sul,PR,544,127,1,110,11,11,,,,,417
4107157,Diamante D'Oeste,PR,693,239,106,77,70,7,6,7,,3,454
4107207,Dois Vizinhos,PR,1876,1060,136,408,361,288,159,,,14,816
4107256,Douradina,PR,511,92,19,28,42,13,1,,,4,419
4107306,Doutor Camargo,PR,288,253,83,13,226,7,4,,,1,35
4107405,Enéas Marques,PR,906,352,174,43,93,97,4,,,3,554
4107504,Engenheiro Beltrão,PR,541,420,64,46,343,16,8,,,4,121
4107520,Esperança Nova,PR,351,126,59,56,16,16,,,,,225
4107538,Entre Rios do Oeste,PR,313,286,73,61,138,92,3,,,3,27
4107546,Espigão Alto do Iguaçu,PR,674,338,83,258,112,6,1,,,,336
4107553,Farol,PR,282,243,98,66,147,8,12,1,,3,39
4107603,Faxinal,PR,537,269,57,56,150,15,29,,,1,268
4107652,Fazenda Rio Grande,PR,134,92,69,13,4,6,4,,,,42
4107702,Fênix,PR,322,252,20,32,199,13,9,,,2,70
4107736,Fernandes Pinheiro,PR,521,300,152,55,45,87,3,,,9,221
4107751,Figueira,PR,324,105,87,17,5,,,,1,1,219
4107801,Floraí,PR,212,152,42,63,103,5,11,,,25,60
4107850,Flor da Serra do Sul,PR,661,402,209,29,183,60,2,,,1,259
4107900,Floresta,PR,158,141,15,31,122,1,,,,5,17
4108007,Florestópolis,PR,211,83,28,29,35,,1,,,1,128
4108106,Flórida,PR,100,82,40,52,30,4,,,,1,18
4108205,Formosa do Oeste,PR,771,638,15,45,582,12,8,1,,2,133
4108304,Foz do Iguaçu,PR,565,150,53,39,42,5,2,9,,12,415
4108320,Francisco Alves,PR,676,441,14,256,205,1,3,,,8,235
4108403,Francisco Beltrão,PR,2616,1232,249,450,306,373,51,4,1,35,1384
4108452,Foz do Jordão,PR,258,123,9,36,92,2,1,,,3,135
4108502,General Carneiro,PR,667,99,16,77,5,1,,1,1,2,568
4108551,Godoy Moreira,PR,459,127,42,12,83,11,,,,2,332
4108601,Goioerê,PR,532,274,33,26,229,11,,,,1,258
4108650,Goioxim,PR,856,276,74,55,132,48,3,,,1,580
4108700,Grandes Rios,PR,572,204,70,39,110,18,3,,,,368
4108809,Guaíra,PR,653,412,72,42,327,6,3,,,10,241
4108908,Guairaçá,PR,499,167,2,97,75,13,,1,,,332
4108957,Guamiranga,PR,1028,643,46,14,36,586,3,,,11,385
4109005,Guapirama,PR,325,93,49,18,20,13,1,,,,232
4109104,Guaporema,PR,199,68,26,27,6,16,,,,,131
4109203,Guaraci,PR,216,34,1,13,12,11,1,,,,182
4109302,Guaraniaçu,PR,1658,564,37,287,95,144,30,,,1,1094
4109401,Guarapuava,PR,2132,724,247,185,317,18,11,11,,24,1408
4109500,Guaraqueçaba,PR,493,45,26,14,3,3,1,,1,1,448
4109609,Guaratuba,PR,376,212,186,14,1,,1,3,18,3,164
4109658,Honório Serpa,PR,733,399,119,102,219,9,15,,,1,334
4109708,Ibaiti,PR,1453,304,108,80,95,37,10,1,1,6,1149
4109757,Ibema,PR,395,194,121,34,23,68,17,,,3,201
4109807,Ibiporã,PR,482,229,26,106,48,89,,,,30,253
4109906,Icaraíma,PR,621,137,79,38,23,,2,,,1,484
4110003,Iguaraçu,PR,223,163,108,20,54,29,1,,,1,60
4110052,Iguatu,PR,262,173,92,4,115,57,2,1,,1,89
4110078,Imbaú,PR,580,113,71,15,7,13,3,2,,7,467
4110102,Imbituva,PR,1599,1120,79,91,177,483,5,1,3,375,479
4110201,Inácio Martins,PR,794,114,78,34,7,3,,,1,4,680
4110300,Inajá,PR,120,30,3,19,10,,1,,,,90
4110409,Indianópolis,PR,398,140,71,25,13,53,1,,,2,258
4110508,Ipiranga,PR,1766,1384,183,60,213,1196,39,,,11,382
4110607,Iporã,PR,1263,379,55,84,243,26,3,,,2,884
4110656,Iracema do Oeste,PR,189,129,28,4,97,16,1,,,,60
4110706,Irati,PR,2392,1655,155,309,140,911,364,,,52,737
4110805,Iretama,PR,1183,316,53,28,176,47,31,,,6,867
4110904,Itaguajé,PR,273,66,36,19,8,5,,1,,,207
4110953,Itaipulândia,PR,508,306,96,6,235,44,5,,,5,202
4111001,Itambaracá,PR,199,168,11,9,140,16,4,,,5,31
4111100,Itambé,PR,243,191,4,28,167,,,,,,52
4111209,Itapejara d'Oeste,PR,708,618,174,221,282,137,3,,,82,90
4111258,Itaperuçu,PR,548,103,82,16,3,,1,,,2,445
4111308,Itaúna do Sul,PR,291,65,20,28,20,8,1,,,,226
4111407,Ivaí,PR,1683,926,165,80,291,596,11,2,,11,757
4111506,Ivaiporã,PR,1155,442,41,108,331,6,2,,,5,713
4111555,Ivaté,PR,527,118,83,25,18,1,,,,1,409
4111605,Ivatuba,PR,88,84,25,10,74,1,5,,,,4
4111704,Jaboti,PR,638,215,105,23,68,21,26,,1,3,423
4111803,Jacarezinho,PR,811,187,31,113,20,36,8,,,1,624
4111902,Jaguapitã,PR,408,199,28,63,130,52,1,1,,,209
4112009,Jaguariaíva,PR,1013,141,10,71,63,13,2,,,1,872
4112108,Jandaia do Sul,PR,469,140,11,30,74,28,5,,,,329
4112207,Janiópolis,PR,472,262,25,52,207,4,1,,,,210
4112306,Japira,PR,577,187,74,40,55,27,6,,,3,390
4112405,Japurá,PR,402,276,44,64,190,23,27,,,2,126
4112504,Jardim Alegre,PR,1232,568,31,127,423,32,12,1,,6,664
4112603,Jardim Olinda,PR,76,42,21,8,9,4,,,,1,34
4112702,Jataizinho,PR,222,142,25,35,81,,1,,,6,80
4112751,Jesuítas,PR,752,535,183,16,463,3,8,1,,5,217
4112801,Joaquim Távora,PR,665,143,23,66,28,28,1,,,3,522
4112900,Jundiaí do Sul,PR,324,54,20,22,12,1,1,,1,1,270
4112959,Juranda,PR,440,410,12,25,374,31,7,,,2,30
4113007,Jussara,PR,227,163,56,25,116,14,19,,1,4,64
4113106,Kaloré,PR,441,260,21,15,199,64,18,,,,181
4113205,Lapa,PR,2288,930,36,182,434,354,17,2,,42,1358
4113254,Laranjal,PR,813,95,47,36,10,1,,1,,2,718
4113304,Laranjeiras do Sul,PR,1343,800,110,415,398,49,45,22,1,9,543
4113403,Leópolis,PR,300,213,94,33,89,31,5,,,1,87
4113429,Lidianópolis,PR,345,141,65,14,78,2,1,,,4,204
4113452,Lindoeste,PR,770,227,80,96,59,27,2,,,3,543
4113502,Loanda,PR,421,144,26,78,38,9,1,,,9,277
4113601,Lobato,PR,158,126,51,57,70,14,,,,,32
4113700,Londrina,PR,2202,1076,242,202,545,227,50,1,4,57,1126
4113734,Luiziana,PR,424,351,130,89,226,1,3,,,3,73
4113759,Lunardelli,PR,369,158,5,18,133,1,,,,5,211
4113809,Lupionópolis,PR,173,119,51,43,42,10,,2,,1,54
4113908,Mallet,PR,1523,862,300,164,214,282,155,,58,2,661
4114005,Mamborê,PR,514,442,61,116,381,6,10,4,,4,72
4114104,Mandaguaçu,PR,346,212,93,47,87,25,2,,,8,134
4114203,Mandaguari,PR,742,393,60,112,237,32,6,1,,20,349
4114302,Mandirituba,PR,833,252,186,21,10,53,7,1,4,3,581
4114351,Manfrinópolis,PR,562,205,86,80,13,52,1,,,2,357
4114401,Mangueirinha,PR,1555,687,20,95,588,14,2,1,,6,868
4114500,Manoel Ribas,PR,1016,472,10,59,417,10,3,,,1,544
4114609,Marechal Cândido Rondon,PR,1926,1379,168,213,977,215,96,4,,16,547
4114708,Maria Helena,PR,762,153,69,65,10,15,2,,2,1,609
4114807,Marialva,PR,1351,1029,26,182,562,18,6,2,6,296,322
4114906,Marilândia do Sul,PR,435,235,30,30,165,16,9,,,8,200
4115002,Marilena,PR,489,225,52,114,77,11,2,,,6,264
4115101,Mariluz,PR,458,225,35,110,100,12,5,3,1,3,233
4115200,Maringá,PR,654,353,76,72,227,27,10,,,18,301
4115309,Mariópolis,PR,504,492,140,342,227,19,8,,1,,12
4115358,Maripá,PR,664,590,51,113,443,66,69,,,1,74
4115408,Marmeleiro,PR,1149,442,183,97,127,86,58,,,6,707
4115457,Marquinho,PR,929,328,202,78,53,14,1,1,,3,601
4115507,Marumbi,PR,372,148,41,12,92,7,4,,,2,224
4115606,Matelândia,PR,971,622,60,185,316,36,86,1,,4,349
4115705,Matinhos,PR,6,2,1,2,,,,,,,4
4115739,Mato Rico,PR,596,207,51,11,155,2,1,,1,5,389
4115754,Mauá da Serra,PR,168,74,14,20,39,2,2,,,2,94
4115804,Medianeira,PR,1152,694,63,190,383,90,111,,,1,458
4115853,Mercedes,PR,706,460,118,81,344,59,20,1,3,2,246
4115903,Mirador,PR,172,116,81,41,40,3,5,,,,56
4116000,Miraselva,PR,134,62,12,10,17,27,,,,,72
4116059,Missal,PR,1331,669,88,177,369,77,3,5,,21,662
4116109,Moreira Sales,PR,724,223,64,13,162,7,,,,,501
4116208,Morretes,PR,526,114,79,41,4,1,2,,1,1,412
4116307,Munhoz de Melo,PR,301,234,66,116,68,34,,,,,67
4116406,Nossa Senhora das Graças,PR,190,74,4,43,21,15,,,,2,116
4116505,Nova Aliança do Ivaí,PR,233,179,171,11,109,2,,,,2,54
4116604,Nova América da Colina,PR,166,81,17,13,52,,2,,,3,85
4116703,Nova Aurora,PR,839,742,34,70,647,48,7,,,13,97
4116802,Nova Cantu,PR,711,358,8,52,311,5,,,,1,353
4116901,Nova Esperança,PR,777,386,110,90,110,103,8,,,5,391
4116950,Nova Esperança do Sudoeste,PR,931,438,78,318,26,52,6,,,3,493
4117008,Nova Fátima,PR,245,128,40,25,53,12,8,2,,3,117
4117057,Nova Laranjeiras,PR,2040,388,120,145,134,12,8,1,,16,1652
4117107,Nova Londrina,PR,300,38,11,11,18,2,,,,,262
4117206,Nova Olímpia,PR,256,94,50,8,13,26,1,,,1,162
4117214,Nova Santa Bárbara,PR,186,52,1,1,50,1,1,,,,134
4117222,Nova Santa Rosa,PR,686,585,12,51,465,189,6,,,4,101
4117255,Nova Prata do Iguaçu,PR,977,495,116,150,105,159,45,,,6,482
4117271,Nova Tebas,PR,1047,504,324,97,142,5,7,1,,7,543
4117297,Novo Itacolomi,PR,422,119,4,2,74,36,,,,8,303
4117305,Ortigueira,PR,2964,346,85,154,75,16,7,1,1,24,2618
4117404,Ourizona,PR,203,165,30,47,130,13,9,,1,1,38
4117453,Ouro Verde do Oeste,PR,460,416,146,240,201,44,29,,,4,44
4117503,Paiçandu,PR,179,136,26,16,114,14,,,,1,43
4117602,Palmas,PR,642,246,55,120,104,5,2,,,4,396
4117701,Palmeira,PR,1984,1299,105,268,329,576,88,1,1,158,685
4117800,Palmital,PR,1680,295,62,71,128,25,7,,,25,1385
4117909,Palotina,PR,1247,953,122,138,766,38,98,2,,16,294
4118006,Paraíso do Norte,PR,356,135,49,21,87,1,1,,,,221
4118105,Paranacity,PR,246,72,13,17,51,,2,,,,174
4118204,Paranaguá,PR,137,81,76,6,1,,,,,1,56
4118303,Paranapoema,PR,25,18,1,8,11,,,,,,7
4118402,Paranavaí,PR,1324,594,206,258,231,44,4,,,13,730
4118451,Pato Bragado,PR,321,256,106,44,137,42,37,7,,6,65
4118501,Pato Branco,PR,1116,681,94,318,180,224,11,,,6,435
4118600,Paula Freitas,PR,485,323,42,91,167,104,8,1,,4,162
4118709,Paulo Frontin,PR,1168,761,66,42,246,560,5,,1,,407
4118808,Peabiru,PR,545,362,68,70,273,38,2,,1,6,183
4118857,Perobal,PR,651,309,62,157,84,11,1,,,8,342
4118907,Pérola,PR,581,228,77,90,60,9,,,,8,353
4119004,Pérola d'Oeste,PR,1079,824,140,47,495,429,55,3,2,1,255
4119103,Piên,PR,1213,938,179,61,134,543,4,,1,225,275
4119152,Pinhais,PR,37,19,6,11,,1,1,2,,2,18
4119202,Pinhalão,PR,616,177,57,51,46,30,3,,,9,439
4119251,Pinhal de São Bento,PR,405,189,58,74,5,113,,,,1,216
4119301,Pinhão,PR,2852,481,48,267,217,2,3,1,,5,2371
4119400,Piraí do Sul,PR,1237,454,28,147,159,147,12,1,,16,783
4119509,Piraquara,PR,210,102,43,60,6,3,,,,,108
4119608,Pitanga,PR,2973,1308,81,523,674,168,27,1,2,26,1665
4119657,Pitangueiras,PR,247,174,75,6,125,37,,,,,73
4119707,Planaltina do Paraná,PR,467,147,125,13,104,3,,,,,320
4119806,Planalto,PR,1852,792,137,271,300,108,36,,,32,1060
4119905,Ponta Grossa,PR,1258,599,23,359,91,26,73,1,3,75,659
4119954,Pontal do Paraná,PR,46,12,11,,,,,1,,,34
4120002,Porecatu,PR,166,65,8,21,35,,1,,,2,101
4120101,Porto Amazonas,PR,95,66,,53,15,2,,,,1,29
4120150,Porto Barreiro,PR,744,420,163,116,288,1,2,,,,324
4120200,Porto Rico,PR,131,41,12,25,5,,,,,,90
4120309,Porto Vitória,PR,415,115,40,60,20,1,1,,,,300
4120333,Prado Ferreira,PR,100,56,12,12,36,4,2,,,1,44
4120358,Pranchita,PR,460,277,17,81,147,7,64,1,,,183
4120408,Presidente Castelo Branco,PR,288,264,211,10,175,47,,,,,24
4120507,Primeiro de Maio,PR,445,358,40,60,229,27,62,,,22,87
4120606,Prudentópolis,PR,6607,1974,184,298,366,1217,41,2,6,155,4633
4120655,Quarto Centenário,PR,219,141,6,17,129,,,,,,78
4120705,Quatiguá,PR,304,68,15,47,6,,6,,,1,236
4120804,Quatro Barras,PR,133,60,39,21,1,,,,,,73
4120853,Quatro Pontes,PR,364,278,27,83,208,16,12,3,,2,86
4120903,Quedas do Iguaçu,PR,3140,483,123,112,212,66,9,,,18,2657
4121000,Querência do Norte,PR,1027,227,33,136,64,,7,,1,8,800
4121109,Quinta do Sol,PR,258,180,30,12,131,7,22,,,3,78
4121208,Quitandinha,PR,1486,571,102,33,229,235,21,,1,11,915
4121257,Ramilândia,PR,601,191,64,75,63,9,4,1,,4,410
4121307,Rancho Alegre,PR,234,180,13,9,169,93,1,,,,54
4121356,Rancho Alegre D'Oeste,PR,240,213,8,43,192,6,1,,,,27
4121406,Realeza,PR,917,659,202,293,151,54,22,1,1,222,258
4121505,Rebouças,PR,1242,791,240,98,131,409,65,,,15,451
4121604,Renascença,PR,783,471,112,167,252,28,9,1,,6,312
4121703,Reserva,PR,1471,188,37,31,87,14,18,4,1,20,1283
4121752,Reserva do Iguaçu,PR,692,141,55,60,69,2,,,,1,551
4121802,Ribeirão Claro,PR,799,105,23,22,43,17,2,1,,7,694
4121901,Ribeirão do Pinhal,PR,602,88,22,35,34,3,,,,4,514
4122008,Rio Azul,PR,2042,1705,86,50,91,1609,25,,,2,337
4122107,Rio Bom,PR,313,131,68,21,49,15,1,,,1,182
4122156,Rio Bonito do Iguaçu,PR,2918,812,115,372,510,14,11,1,,9,2106
4122172,Rio Branco do Ivaí,PR,607,115,22,18,58,29,,,,,492
4122206,Rio Branco do Sul,PR,1083,184,163,12,4,1,,,,4,899
4122305,Rio Negro,PR,1094,892,80,37,293,728,12,1,1,9,202
4122404,Rolândia,PR,666,435,5,84,346,20,8,1,,8,231
4122503,Roncador,PR,903,338,21,73,274,36,5,,,2,565
4122602,Rondon,PR,507,175,81,45,37,40,1,,,2,332
4122651,Rosário do Ivaí,PR,836,273,82,95,110,1,,,,2,563
4122701,Sabáudia,PR,326,277,111,89,191,22,2,,,3,49
4122800,Salgado Filho,PR,552,206,81,63,62,39,3,,,3,346
4122909,Salto do Itararé,PR,469,59,11,7,5,2,25,2,,8,410
4123006,Salto do Lontra,PR,1417,908,279,645,177,92,98,,,25,509
4123105,Santa Amélia,PR,172,117,19,36,64,14,1,,,3,55
4123204,Santa Cecília do Pavão,PR,180,101,1,5,92,3,3,,,1,79
4123303,Santa Cruz de Monte Castelo,PR,445,102,4,64,31,5,,,,3,343
4123402,Santa Fé,PR,434,290,161,72,152,14,1,,,,144
4123501,Santa Helena,PR,1588,1036,135,126,751,74,112,2,,43,552
4123600,Santa Inês,PR,88,25,1,12,12,2,,,,,63
4123709,Santa Isabel do Ivaí,PR,466,180,44,85,49,20,7,,1,4,286
4123808,Santa Izabel do Oeste,PR,1075,590,174,182,141,100,124,,17,163,485
4123824,Santa Lúcia,PR,493,341,213,43,184,92,,,,1,152
4123857,Santa Maria do Oeste,PR,1855,539,54,261,272,21,17,5,1,7,1316
4123907,Santa Mariana,PR,299,206,46,57,124,5,19,,,6,93
4123956,Santa Mônica,PR,278,92,28,31,24,15,3,,,,186
4124004,Santana do Itararé,PR,415,142,30,58,57,3,1,,,7,273
4124020,Santa Tereza do Oeste,PR,389,243,27,41,90,37,6,,,78,146
4124053,Santa Terezinha de Itaipu,PR,438,212,64,17,135,20,13,,,11,226
4124103,Santo Antônio da Platina,PR,1636,180,38,73,53,20,9,,,10,1456
4124202,Santo Antônio do Caiuá,PR,231,59,20,27,7,6,,,,1,172
4124301,Santo Antônio do Paraíso,PR,179,97,,29,65,3,,,,5,82
4124400,Santo Antônio do Sudoeste,PR,1349,556,168,242,155,86,35,1,2,2,793
4124509,Santo Inácio,PR,225,131,93,38,24,3,,,,,94
4124608,São Carlos do Ivaí,PR,151,98,49,12,57,,,,,,53
4124707,São Jerônimo da Serra,PR,1357,287,70,52,181,25,1,2,,15,1070
4124806,São João,PR,1212,692,43,216,519,31,1,,,2,520
4124905,São João do Caiuá,PR,314,61,23,37,7,4,1,,,1,253
4125001,São João do Ivaí,PR,677,379,19,33,343,10,1,,,12,298
4125100,São João do Triunfo,PR,1959,1446,85,26,144,1324,30,2,,9,513
4125209,São Jorge d'Oeste,PR,1024,838,168,333,562,56,17,,,,186
4125308,São Jorge do Ivaí,PR,253,214,31,61,140,12,19,,1,11,39
4125357,São Jorge do Patrocínio,PR,687,340,294,20,102,19,,,,1,347
4125407,São José da Boa Vista,PR,792,268,8,31,203,16,1,,,13,524
4125456,São José das Palmeiras,PR,406,227,51,131,93,9,,,,5,179
4125506,São José dos Pinhais,PR,1515,651,344,281,80,57,9,1,,23,864
4125555,São Manoel do Paraná,PR,215,48,16,10,6,20,,,,2,167
4125605,São Mateus do Sul,PR,3404,1030,138,120,223,585,89,2,,25,2374
4125704,São Miguel do Iguaçu,PR,1588,979,29,105,689,225,40,2,,12,609
4125753,São Pedro do Iguaçu,PR,509,348,56,77,202,23,17,,,12,161
4125803,São Pedro do Ivaí,PR,347,185,26,75,118,3,,1,,2,162
4125902,São Pedro do Paraná,PR,343,187,160,23,24,6,1,,,2,156
4126009,São Sebastião da Amoreira,PR,184,95,14,13,70,8,2,,,,89
4126108,São Tomé,PR,292,71,,3,45,25,,,,1,221
4126207,Sapopema,PR,653,104,43,26,33,1,2,1,,6,549
4126256,Sarandi,PR,144,124,47,35,96,8,1,,,3,20
4126272,Saudade do Iguaçu,PR,535,474,403,21,135,44,5,,,,61
4126306,Sengés,PR,747,150,53,38,66,3,,,,2,597
4126355,Serranópolis do Iguaçu,PR,706,610,27,75,424,74,125,1,,1,96
4126405,Sertaneja,PR,169,149,10,69,67,52,29,,,,20
4126504,Sertanópolis,PR,393,323,13,161,136,20,42,1,2,4,70
4126603,Siqueira Campos,PR,1070,79,23,22,21,14,3,,,5,991
4126652,Sulina,PR,498,449,364,30,190,48,25,6,,,49
4126678,Tamarana,PR,597,219,64,38,106,19,4,,,1,378
4126702,Tamboara,PR,286,114,93,12,27,5,1,,,,172
4126801,Tapejara,PR,289,76,20,36,15,11,5,,,2,213
4126900,Tapira,PR,621,218,142,45,34,34,4,,,3,403
4127007,Teixeira Soares,PR,743,481,105,224,62,171,19,2,,26,262
4127106,Telêmaco Borba,PR,95,23,13,8,1,2,1,,,1,72
4127205,Terra Boa,PR,451,266,13,118,153,50,,,,1,185
4127304,Terra Rica,PR,987,240,22,74,121,7,2,29,,4,747
4127403,Terra Roxa,PR,1196,864,237,156,661,24,20,1,2,1,332
4127502,Tibagi,PR,1039,459,67,228,135,76,11,,,25,580
4127601,Tijucas do Sul,PR,688,196,45,79,6,74,2,,,6,492
4127700,Toledo,PR,2597,2280,250,752,1328,656,228,,,15,317
4127809,Tomazina,PR,1287,321,99,89,99,44,6,,,8,966
4127858,Três Barras do Paraná,PR,1166,858,78,615,301,129,85,,,1,308
4127882,Tunas do Paraná,PR,161,37,21,16,1,,,,,,124
4127908,Tuneiras do Oeste,PR,719,222,56,109,59,11,12,1,,13,497
4127957,Tupãssi,PR,613,527,58,32,446,69,18,,,2,86
4127965,Turvo,PR,1219,314,59,109,184,5,1,,,7,905
4128005,Ubiratã,PR,811,691,23,41,640,60,4,1,,3,120
4128104,Umuarama,PR,1815,562,266,234,86,17,2,,,9,1253
4128203,União da Vitória,PR,788,194,57,98,41,2,7,,,3,594
4128302,Uniflor,PR,226,64,9,9,30,22,1,,,1,162
4128401,Uraí,PR,600,403,17,167,256,7,28,,,1,197
4128500,Wenceslau Braz,PR,1156,215,16,44,116,22,3,,,25,941
4128534,Ventania,PR,426,111,31,53,30,1,1,,,,315
4128559,Vera Cruz do Oeste,PR,794,498,68,135,339,19,51,2,,2,296
4128609,Verê,PR,1011,732,101,190,416,47,140,3,,56,279
4128625,Alto Paraíso,PR,295,102,16,47,44,,2,,,,193
4128633,Doutor Ulysses,PR,1090,64,7,53,6,,,,,1,1026
4128658,Virmond,PR,506,403,39,191,192,58,1,,,1,103
4128708,Vitorino,PR,467,304,103,102,109,51,31,,,1,163
4128807,Xambrê,PR,609,110,31,59,20,7,1,1,,2,499
4200051,Abdon Batista,SC,693,364,333,6,90,97,,,,,329
4200101,Abelardo Luz,SC,1757,673,41,229,444,52,3,,1,2,1084
4200200,Agrolândia,SC,509,346,165,111,36,137,16,1,4,3,163
4200309,Agronômica,SC,571,351,101,38,86,205,3,,3,13,220
4200408,Água Doce,SC,864,460,131,163,236,113,6,2,1,5,404
4200507,Águas de Chapecó,SC,747,359,163,16,206,137,5,,,,388
4200556,Águas Frias,SC,363,268,72,189,148,12,2,,,,95
4200606,Águas Mornas,SC,779,421,320,16,30,17,,,1,80,358
4200705,Alfredo Wagner,SC,1654,564,113,78,80,274,27,1,,35,1090
4200754,Alto Bela Vista,SC,354,162,74,21,26,86,3,1,1,5,192
4200804,Anchieta,SC,702,291,86,104,140,92,2,,,17,411
4200903,Angelina,SC,884,353,87,52,5,136,1,,1,124,531
4201000,Anita Garibaldi,SC,1333,406,319,48,33,20,4,,1,7,927
4201109,Anitápolis,SC,500,138,109,3,1,27,3,,,2,362
4201208,Antônio Carlos,SC,545,214,83,80,4,5,5,,1,71,331
4201257,Apiúna,SC,436,202,148,16,3,55,6,,,,234
4201273,Arabutã,SC,722,446,204,27,42,315,7,1,,,276
4201307,Araquari,SC,337,204,149,43,26,4,,1,,8,133
4201406,Araranguá,SC,1195,550,186,97,160,216,6,,3,18,645
4201505,Armazém,SC,565,383,54,296,5,45,11,,,2,182
4201604,Arroio Trinta,SC,323,222,147,17,24,111,1,,,,101
4201653,Arvoredo,SC,385,195,119,14,101,50,,1,,,190
4201703,Ascurra,SC,156,50,39,6,9,2,,,,1,106
4201802,Atalanta,SC,523,426,387,123,6,94,8,,,,97
4201901,Aurora,SC,723,416,207,72,48,155,5,,,,307
4201950,Balneário Arroio do Silva,SC,67,12,5,8,1,,,,,,55
4202008,Balneário Camboriú,SC,11,5,3,1,,,,,,1,6
4202057,Balneário Barra do Sul,SC,65,17,8,8,2,,,,,1,48
4202073,Balneário Gaivota,SC,178,101,63,20,40,3,6,,,2,77
4202081,Bandeirante,SC,446,241,113,19,118,73,3,,16,40,205
4202099,Barra Bonita,SC,342,122,81,34,35,26,,,,1,220
4202107,Barra Velha,SC,269,125,43,42,31,5,,,,39,144
4202131,Bela Vista do Toldo,SC,1121,849,15,27,257,708,12,1,1,5,272
4202156,Belmonte,SC,350,285,173,6,201,22,4,,2,35,65
4202206,Benedito Novo,SC,1003,357,332,56,9,,,,,2,646
4202305,Biguaçu,SC,346,86,30,51,4,6,1,,,3,260
4202404,Blumenau,SC,664,224,131,106,1,7,1,1,,2,440
4202438,Bocaina do Sul,SC,601,145,98,24,10,21,2,1,1,1,456
4202453,Bombinhas,SC,105,78,76,3,,,,,,,27
4202503,Bom Jardim da Serra,SC,664,399,25,366,11,4,4,1,1,1,265
4202537,Bom Jesus,SC,212,125,54,6,69,15,3,,,1,87
4202578,Bom Jesus do Oeste,SC,402,314,90,8,217,118,10,,,,88
4202602,Bom Retiro,SC,736,374,162,103,137,17,6,3,15,4,362
4202701,Botuverá,SC,447,39,32,2,3,19,,,,1,408
4202800,Braço do Norte,SC,692,522,197,92,78,91,2,,5,312,170
4202859,Braço do Trombudo,SC,240,197,196,49,11,,,,,,43
4202875,Brunópolis,SC,557,357,155,26,252,21,2,1,1,1,200
4202909,Brusque,SC,105,11,2,4,1,,4,,,1,94
4203006,Caçador,SC,1315,469,215,82,168,32,17,,,18,846
4203105,Caibi,SC,614,446,119,22,306,207,1,1,1,88,168
4203154,Calmon,SC,278,115,78,27,9,1,2,,,2,163
4203204,Camboriú,SC,295,27,22,4,1,1,1,1,,5,268
4203253,Capão Alto,SC,708,223,114,92,26,5,1,2,1,11,485
4203303,Campo Alegre,SC,655,230,124,34,55,35,8,,,8,425
4203402,Campo Belo do Sul,SC,1039,178,49,43,87,9,1,7,1,1,861
4203501,Campo Erê,SC,566,203,44,64,108,42,9,,,,363
4203600,Campos Novos,SC,1667,751,80,183,518,175,2,,6,14,916
4203709,Canelinha,SC,210,28,25,1,1,1,1,,,,182
4203808,Canoinhas,SC,2913,1750,52,116,483,1382,17,2,3,72,1163
4203907,Capinzal,SC,449,288,94,66,100,119,1,1,,2,161
4203956,Capivari de Baixo,SC,93,17,6,10,2,,,,,1,76
4204004,Catanduvas,SC,206,90,34,35,17,44,1,,,,116
4204103,Caxambu do Sul,SC,593,401,216,48,267,157,6,4,,2,192
4204152,Celso Ramos,SC,556,415,399,16,13,11,,,,1,141
4204178,Cerro Negro,SC,790,180,102,30,32,26,5,2,,6,610
4204194,Chapadão do Lageado,SC,649,499,153,84,34,391,13,4,1,,150
4204202,Chapecó,SC,1661,646,50,128,431,220,9,3,7,14,1015
4204251,Cocal do Sul,SC,244,105,67,27,3,14,,,,4,139
4204301,Concórdia,SC,2760,1448,105,261,617,860,11,1,48,18,1312
4204350,Cordilheira Alta,SC,354,128,20,34,51,68,3,,,13,226
4204400,Coronel Freitas,SC,832,504,65,64,223,318,1,2,5,17,328
4204459,Coronel Martins,SC,444,294,200,31,175,31,3,,,7,150
4204509,Corupá,SC,752,399,148,120,107,7,3,2,12,10,353
4204558,Correia Pinto,SC,883,168,42,102,13,9,1,1,16,5,715
4204608,Criciúma,SC,517,250,146,44,56,57,,,1,8,267
4204707,Cunha Porã,SC,910,635,47,50,446,120,119,1,,4,275
4204756,Cunhataí,SC,384,285,194,48,113,26,,,,,99
4204806,Curitibanos,SC,873,380,92,141,153,19,3,1,4,18,493
4204905,Descanso,SC,915,716,208,33,589,238,1,1,2,10,199
4205001,Dionísio Cerqueira,SC,959,502,148,91,242,160,6,,16,2,457
4205100,Dona Emma,SC,440,188,97,51,13,52,1,,,10,252
4205159,Doutor Pedrinho,SC,412,248,240,11,10,,,1,,1,164
4205175,Entre Rios,SC,498,165,54,5,131,,,,,,333
4205191,Ermo,SC,204,147,34,11,55,61,5,,,1,57
4205209,Erval Velho,SC,393,238,43,67,147,35,3,,9,2,155
4205308,Faxinal dos Guedes,SC,490,302,99,36,230,174,3,1,,,188
4205357,Flor do Sertão,SC,242,182,149,6,64,49,2,,,3,60
4205407,Florianópolis,SC,208,95,29,63,2,1,3,,3,8,113
4205431,Formosa do Sul,SC,386,343,330,1,190,2,,,1,3,43
4205456,Forquilhinha,SC,554,390,184,164,117,48,8,,,18,164
4205506,Fraiburgo,SC,937,377,121,70,193,37,31,,,4,560
4205555,Frei Rogério,SC,429,268,126,32,170,13,,,,3,161
4205605,Galvão,SC,270,209,95,79,113,21,3,,,,61
4205704,Garopaba,SC,253,43,37,7,,,,,,1,210
4205803,Garuva,SC,359,222,151,72,21,1,,1,,8,137
4205902,Gaspar,SC,560,127,95,21,10,12,3,1,,6,433
4206009,Governador Celso Ramos,SC,92,33,25,7,1,,,,,1,59
4206108,Grão-Pará,SC,867,559,33,79,69,404,10,1,,22,308
4206207,Gravatal,SC,750,208,109,100,8,6,,,,4,542
4206306,Guabiruba,SC,286,12,11,1,1,1,,,,,274
4206405,Guaraciaba,SC,1145,586,110,116,304,284,15,1,,5,559
4206504,Guaramirim,SC,392,180,80,12,77,39,1,,,2,212
4206603,Guarujá do Sul,SC,353,196,68,24,134,64,2,,,1,157
4206652,Guatambú,SC,581,247,86,43,146,89,4,2,3,8,334
4206702,Herval d'Oeste,SC,529,392,230,,180,70,51,,,,137
4206751,Ibiam,SC,390,222,170,23,85,97,2,,,,168
4206801,Ibicaré,SC,565,252,172,35,34,99,3,,,1,313
4206900,Ibirama,SC,596,254,181,46,21,54,2,1,1,,342
4207007,Içara,SC,1026,517,113,75,37,339,9,,,4,509
4207106,Ilhota,SC,356,66,50,9,7,,,,,,290
4207205,Imaruí,SC,1134,219,111,81,11,16,2,,1,9,915
4207304,Imbituba,SC,311,55,8,45,2,,,,,,256
4207403,Imbuia,SC,765,649,230,292,26,289,283,2,1,7,116
4207502,Indaial,SC,716,277,238,44,4,3,1,,,4,439
4207577,Iomerê,SC,314,192,3,19,42,139,1,,,,122
4207601,Ipira,SC,593,359,240,12,32,181,6,,,3,234
4207650,Iporã do Oeste,SC,879,661,165,25,429,268,169,,2,2,218
4207684,Ipuaçu,SC,590,352,87,35,277,13,1,,,3,238
4207700,Ipumirim,SC,870,585,102,40,120,462,3,,2,8,285
4207759,Iraceminha,SC,665,500,211,46,338,194,16,1,1,,165
4207809,Irani,SC,597,454,289,43,135,189,,,,2,143
4207858,Irati,SC,312,130,71,10,66,10,,,,1,182
4207908,Irineópolis,SC,1445,1085,35,43,522,797,17,1,45,7,360
4208005,Itá,SC,615,461,335,16,51,132,7,,11,154,154
4208104,Itaiópolis,SC,2612,1758,66,168,423,1352,27,1,6,20,854
4208203,Itajaí,SC,318,102,79,13,16,4,1,,1,2,216
4208302,Itapema,SC,67,23,16,5,1,,1,,,2,44
4208401,Itapiranga,SC,1146,786,175,102,412,415,6,,1,29,360
4208450,Itapoá,SC,84,36,25,10,2,1,,,,2,48
4208500,Ituporanga,SC,1683,1219,305,573,225,484,12,,2,9,464
4208609,Jaborá,SC,487,352,84,33,125,200,3,,24,1,135
4208708,Jacinto Machado,SC,882,478,63,38,350,75,6,1,1,39,404
4208807,Jaguaruna,SC,585,147,50,30,16,60,6,,,5,438
4208906,Jaraguá do Sul,SC,710,308,160,64,76,21,7,1,,30,402
4208955,Jardinópolis,SC,266,177,108,10,103,53,,,,,89
4209003,Joaçaba,SC,836,379,32,16,275,186,2,,,1,457
4209102,Joinville,SC,1438,492,361,147,12,4,3,8,1,8,946
4209151,José Boiteux,SC,605,311,287,6,18,131,,1,,2,294
4209177,Jupiá,SC,334,189,131,10,78,9,2,,,,145
4209201,Lacerdópolis,SC,203,192,8,54,115,36,,,,,11
4209300,Lages,SC,1386,382,82,262,45,,3,2,4,13,1004
4209409,Laguna,SC,175,55,30,21,5,,1,,,,120
4209458,Lajeado Grande,SC,261,223,140,45,120,99,4,,1,2,38
4209508,Laurentino,SC,243,176,128,31,19,23,6,,,1,67
4209607,Lauro Müller,SC,498,279,142,36,56,52,1,,,40,219
4209706,Lebon Régis,SC,942,464,327,63,106,50,1,,9,6,478
4209805,Leoberto Leal,SC,639,484,200,164,11,169,161,1,1,1,155
4209854,Lindóia do Sul,SC,659,472,161,19,70,305,1,,,2,187
4209904,Lontras,SC,498,255,198,23,35,45,1,,,,243
4210001,Luiz Alves,SC,620,408,351,25,156,27,1,1,,2,212
4210035,Luzerna,SC,354,149,23,4,38,25,76,,1,,205
4210050,Macieira,SC,341,180,116,27,49,32,3,,,1,161
4210100,Mafra,SC,1937,1284,44,102,372,805,73,,1,136,653
4210209,Major Gercino,SC,465,99,48,1,2,2,45,1,,1,366
4210308,Major Vieira,SC,1110,527,55,52,158,296,11,1,7,2,583
4210407,Maracajá,SC,267,163,96,22,44,42,2,,,,104
4210506,Maravilha,SC,882,594,124,26,403,182,47,,,24,288
4210555,Marema,SC,370,282,82,51,176,162,1,,8,1,88
4210605,Massaranduba,SC,1107,553,126,9,330,184,2,20,,46,554
4210704,Matos Costa,SC,400,111,93,14,16,2,1,,,1,289
4210803,Meleiro,SC,526,338,108,126,142,50,5,,1,3,188
4210852,Mirim Doce,SC,359,78,54,13,19,6,17,,,2,281
4210902,Modelo,SC,360,240,13,36,200,85,15,1,,1,120
4211009,Mondaí,SC,867,525,197,68,322,132,2,1,16,27,342
4211058,Monte Carlo,SC,284,89,10,21,37,30,,,,2,195
4211108,Monte Castelo,SC,458,209,52,32,41,118,1,1,2,2,249
4211207,Morro da Fumaça,SC,263,84,30,39,8,9,1,2,2,3,179
4211256,Morro Grande,SC,335,224,89,47,32,110,1,,,4,111
4211306,Navegantes,SC,107,60,28,32,17,1,,,,,47
4211405,Nova Erechim,SC,282,239,40,103,129,125,4,,,3,43
4211454,Nova Itaberaba,SC,552,345,47,17,222,145,2,,,1,207
4211504,Nova Trento,SC,491,121,6,,,1,106,,,10,370
4211603,Nova Veneza,SC,542,445,289,72,112,41,44,,,36,97
4211652,Novo Horizonte,SC,472,257,141,14,151,29,2,,,1,215
4211702,Orleans,SC,1258,700,46,134,104,426,2,,1,93,558
4211751,Otacílio Costa,SC,484,192,101,87,25,1,3,2,2,2,292
4211801,Ouro,SC,674,467,69,91,100,279,5,1,,2,207
4211850,Ouro Verde,SC,300,217,40,18,178,12,,,,2,83
4211876,Paial,SC,355,184,116,5,73,67,3,,7,,171
4211892,Painel,SC,630,101,28,66,18,1,1,,1,1,529
4211900,Palhoça,SC,232,98,18,72,2,1,,,,11,134
4212007,Palma Sola,SC,532,244,65,40,136,22,6,,,,288
4212056,Palmeira,SC,514,148,98,49,7,2,2,1,2,,366
4212106,Palmitos,SC,1454,1052,116,69,669,491,14,5,1,88,402
4212205,Papanduva,SC,1185,824,45,160,165,583,5,1,1,10,361
4212239,Paraíso,SC,600,321,102,28,235,48,5,,1,4,279
4212254,Passo de Torres,SC,107,30,15,8,8,3,,,,3,77
4212270,Passos Maia,SC,682,181,63,87,82,32,5,1,,5,501
4212304,Paulo Lopes,SC,235,136,124,10,1,1,,,,5,99
4212403,Pedras Grandes,SC,445,186,101,26,5,66,36,,,12,259
4212502,Penha,SC,118,72,56,17,14,,,,,14,46
4212601,Peritiba,SC,354,198,88,9,32,144,3,,,3,156
4212650,Pescaria Brava,SC,272,52,23,31,1,,,,,,220
4212700,Petrolândia,SC,1008,599,219,48,191,286,90,3,1,5,409
4212809,Balneário Piçarras,SC,130,74,50,20,5,18,,1,,1,56
4212908,Pinhalzinho,SC,729,438,42,67,309,143,6,2,,8,291
4213005,Pinheiro Preto,SC,203,151,92,15,62,39,20,,,2,52
4213104,Piratuba,SC,487,237,179,6,28,89,1,,,,250
4213153,Planalto Alegre,SC,357,239,186,9,125,65,2,,,,118
4213203,Pomerode,SC,746,326,271,58,4,1,1,,1,3,420
4213302,Ponte Alta,SC,398,172,108,47,23,4,2,2,3,3,226
4213351,Ponte Alta do Norte,SC,80,43,15,24,5,1,1,1,1,1,37
4213401,Ponte Serrada,SC,370,161,56,51,97,38,2,2,,6,209
4213500,Porto Belo,SC,73,30,16,12,,1,,4,,2,43
4213609,Porto União,SC,1351,495,148,130,270,38,8,,1,2,856
4213708,Pouso Redondo,SC,1179,582,442,55,71,126,5,,1,6,597
4213807,Praia Grande,SC,344,124,12,11,86,6,1,3,1,13,220
4213906,Presidente Castello Branco,SC,261,195,106,34,42,125,,,2,53,66
4214003,Presidente Getúlio,SC,1019,531,435,97,40,119,2,1,,4,488
4214102,Presidente Nereu,SC,364,212,161,14,4,98,1,,,2,152
4214151,Princesa,SC,379,229,139,34,94,41,2,,,3,150
4214201,Quilombo,SC,1157,761,296,133,583,71,,,7,9,396
4214300,Rancho Queimado,SC,352,219,101,157,3,1,,,,12,133
4214409,Rio das Antas,SC,693,373,73,84,116,180,4,,4,,320
4214508,Rio do Campo,SC,900,409,153,63,51,193,4,1,1,4,491
4214607,Rio do Oeste,SC,770,574,415,77,39,94,58,,,2,196
4214706,Rio dos Cedros,SC,783,289,207,101,13,8,3,,3,2,494
4214805,Rio do Sul,SC,687,221,125,42,71,17,1,1,1,2,466
4214904,Rio Fortuna,SC,732,513,254,240,90,253,26,1,10,1,219
4215000,Rio Negrinho,SC,823,153,42,30,24,58,4,,2,3,670
4215059,Rio Rufino,SC,306,62,36,6,10,10,1,,,4,244
4215075,Riqueza,SC,690,461,274,25,211,129,1,1,13,13,229
4215109,Rodeio,SC,467,176,147,19,12,8,1,,,6,291
4215208,Romelândia,SC,811,444,170,74,293,250,4,,4,12,367
4215307,Salete,SC,713,348,273,15,79,53,2,1,1,19,365
4215356,Saltinho,SC,609,238,101,21,98,74,2,2,,,371
4215406,Salto Veloso,SC,270,165,110,10,13,96,,,,,105
4215455,Sangão,SC,202,66,44,14,6,9,,,,3,136
4215505,Santa Cecília,SC,357,118,54,60,11,4,,1,6,5,239
4215554,Santa Helena,SC,331,245,85,59,173,14,4,,1,3,86
4215604,Santa Rosa de Lima,SC,449,78,50,15,10,12,,,,2,371
4215653,Santa Rosa do Sul,SC,537,258,45,19,106,71,2,,2,43,279
4215679,Santa Terezinha,SC,2196,1327,95,55,100,1213,2,13,,5,869
4215687,Santa Terezinha do Progresso,SC,549,230,63,51,65,92,12,,3,3,319
4215695,Santiago do Sul,SC,215,169,140,10,108,7,,,,1,46
4215703,Santo Amaro da Imperatriz,SC,434,147,54,31,13,2,1,,4,54,287
4215752,São Bernardino,SC,446,154,46,60,57,21,7,,,2,292
4215802,São Bento do Sul,SC,474,223,171,52,19,19,4,,,3,251
4215901,São Bonifácio,SC,529,274,244,17,16,31,1,,1,1,255
4216008,São Carlos,SC,833,597,144,161,438,178,4,1,,2,236
4216057,São Cristóvão do Sul,SC,178,78,33,36,9,,2,1,2,2,100
4216107,São Domingos,SC,653,512,63,29,438,67,26,3,5,16,141
4216206,São Francisco do Sul,SC,154,57,42,11,2,,,,,5,97
4216255,São João do Oeste,SC,774,569,234,171,324,218,3,,5,3,205
4216305,São João Batista,SC,578,454,450,4,,,,,,,124
4216354,São João do Itaperiú,SC,282,141,53,22,52,8,3,1,,12,141
4216404,São João do Sul,SC,728,434,106,18,137,194,11,3,2,16,294
4216503,São Joaquim,SC,2343,1706,26,1476,192,81,7,2,1,16,637
4216602,São José,SC,106,35,16,16,,,,,,5,71
4216701,São José do Cedro,SC,1136,611,160,137,316,175,8,,,9,525
4216800,São José do Cerrito,SC,2050,406,268,95,73,5,5,3,7,3,1644
4216909,São Lourenço do Oeste,SC,1270,217,21,47,141,14,3,1,,4,1053
4217006,São Ludgero,SC,377,141,66,30,20,32,2,,1,32,236
4217105,São Martinho,SC,452,196,51,124,3,21,2,,,7,256
4217154,São Miguel da Boa Vista,SC,397,243,136,45,112,56,,,,,154
4217204,São Miguel do Oeste,SC,872,418,119,128,184,49,6,,14,74,454
4217253,São Pedro de Alcântara,SC,323,156,101,38,2,14,1,,,13,167
4217303,Saudades,SC,1120,647,33,58,464,235,12,,1,17,473
4217402,Schroeder,SC,229,21,16,3,4,,,,,,208
4217501,Seara,SC,1193,773,339,98,233,301,15,,23,238,420
4217550,Serra Alta,SC,427,215,28,23,154,88,,1,,,212
4217600,Siderópolis,SC,425,281,134,135,7,58,1,,,,144
4217709,Sombrio,SC,602,337,118,30,64,182,5,,,5,265
4217758,Sul Brasil,SC,502,223,57,20,156,51,,,,30,279
4217808,Taió,SC,1399,654,395,90,154,164,37,2,1,18,745
4217907,Tangará,SC,836,516,139,81,263,170,81,,,2,320
4217956,Tigrinhos,SC,285,209,105,16,149,80,3,,,,76
4218004,Tijucas,SC,445,118,86,26,15,26,,,,,327
4218103,Timbé do Sul,SC,392,228,48,16,50,125,4,,,,164
4218202,Timbó,SC,321,191,169,13,13,7,,1,,6,130
4218251,Timbó Grande,SC,729,54,36,16,3,,,1,1,1,675
4218301,Três Barras,SC,390,104,15,30,48,13,4,,,1,286
4218350,Treviso,SC,171,111,77,32,2,9,,,,6,60
4218400,Treze de Maio,SC,604,348,326,9,10,85,5,,,3,256
4218509,Treze Tílias,SC,430,302,82,176,116,91,,,,,128
4218608,Trombudo Central,SC,266,182,165,95,10,14,1,,,,84
4218707,Tubarão,SC,986,335,163,138,42,24,9,1,,10,651
4218756,Tunápolis,SC,548,441,178,52,228,200,9,,1,1,107
4218806,Turvo,SC,661,483,63,47,275,84,52,,1,14,178
4218855,União do Oeste,SC,420,278,122,25,161,104,1,,,,142
4218905,Urubici,SC,656,335,27,201,50,33,13,,8,31,321
4218954,Urupema,SC,314,149,139,14,,4,1,,1,2,165
4219002,Urussanga,SC,657,106,53,21,16,25,3,,,2,551
4219101,Vargeão,SC,336,229,62,67,163,37,2,,6,1,107
4219150,Vargem,SC,713,179,89,34,43,56,,,,4,534
4219176,Vargem Bonita,SC,326,155,94,10,20,100,,,,,171
4219200,Vidal Ramos,SC,1040,670,405,32,20,405,54,2,2,2,370
4219309,Videira,SC,1045,602,91,74,361,353,16,3,3,1,443
4219358,Vitor Meireles,SC,790,416,337,59,15,220,2,2,,14,374
4219408,Witmarsum,SC,645,295,92,21,15,205,1,,,6,350
4219507,Xanxerê,SC,704,379,54,75,239,112,12,,2,5,325
4219606,Xavantina,SC,738,570,320,139,101,269,45,,14,50,168
4219705,Xaxim,SC,915,625,164,108,273,368,2,1,16,15,290
4219853,Zortéa,SC,246,182,101,50,65,20,,,,6,64
4220000,Balneário Rincão,SC,82,21,8,6,2,5,,,,,61
4300034,Aceguá,RS,803,327,49,270,41,12,5,,,1,476
4300059,Água Santa,RS,579,508,23,55,418,74,24,,2,6,71
4300109,Agudo,RS,2073,1359,171,38,614,921,7,,,1,714
4300208,Ajuricaba,RS,753,635,165,328,367,19,120,,2,5,118
4300307,Alecrim,RS,1353,222,50,103,84,36,1,,,2,1131
4300406,Alegrete,RS,2648,874,188,559,144,7,22,2,11,23,1774
4300455,Alegria,RS,720,288,52,154,191,8,1,,16,30,432
4300471,Almirante Tamandaré do Sul,RS,421,392,261,173,279,24,7,,,,29
4300505,Alpestre,RS,1417,546,187,59,192,227,10,3,2,31,871
4300554,Alto Alegre,RS,391,321,47,17,316,1,,,,1,70
4300570,Alto Feliz,RS,443,134,67,35,16,38,,,,1,309
4300604,Alvorada,RS,27,14,6,8,1,,1,,,,13
4300638,Amaral Ferrador,RS,1053,616,104,45,11,521,4,2,3,2,437
4300646,Ametista do Sul,RS,645,199,167,9,44,6,1,,5,4,446
4300661,André da Rocha,RS,245,147,63,57,29,10,13,,,,98
4300703,Anta Gorda,RS,939,441,238,61,53,155,48,,,89,498
4300802,Antônio Prado,RS,1036,892,264,211,667,80,10,3,8,11,144
4300851,Arambaré,RS,167,123,12,106,14,6,2,,,1,44
4300877,Araricá,RS,58,34,28,7,,,,,,,24
4300901,Aratiba,RS,950,639,146,21,472,204,6,,5,11,311
4301008,Arroio do Meio,RS,808,395,238,104,2,182,4,1,,3,413
4301057,Arroio do Sal,RS,67,13,10,1,1,,1,,,,54
4301073,Arroio do Padre,RS,427,227,65,4,21,176,1,1,,5,200
4301107,Arroio dos Ratos,RS,395,39,1,29,4,2,6,,,,356
4301206,Arroio do Tigre,RS,1940,1492,254,366,451,1276,5,6,,9,448
4301305,Arroio Grande,RS,950,501,319,164,57,19,6,5,8,14,449
4301404,Arvorezinha,RS,1230,521,76,20,29,428,3,,,4,709
4301503,Augusto Pestana,RS,922,386,50,170,73,63,85,1,11,2,536
4301552,Áurea,RS,661,242,91,53,79,49,38,,,,419
4301602,Bagé,RS,1122,373,64,275,17,15,13,,1,12,749
4301636,Balneário Pinhal,RS,17,11,3,7,,1,,,,,6
4301651,Barão,RS,734,213,135,13,99,34,4,,,4,521
4301701,Barão de Cotegipe,RS,1030,773,501,12,217,133,32,,,38,257
4301750,Barão do Triunfo,RS,1775,595,83,41,16,503,2,,6,29,1180
4301800,Barracão,RS,1021,551,106,264,342,3,29,1,1,18,470
4301859,Barra do Guarita,RS,213,78,44,9,23,25,5,,,1,135
4301875,Barra do Quaraí,RS,140,114,31,76,1,,12,,,,26
4301909,Barra do Ribeiro,RS,497,144,67,61,12,11,2,,,3,353
4301925,Barra do Rio Azul,RS,451,169,81,63,65,19,21,,,10,282
4301958,Barra Funda,RS,234,213,51,21,199,3,,,,,21
4302006,Barros Cassal,RS,1662,1046,108,81,80,902,2,,10,14,616
4302055,Benjamin Constant do Sul,RS,390,175,38,76,55,23,2,,,1,215
4302105,Bento Gonçalves,RS,1128,775,249,67,323,197,8,1,2,54,353
4302154,Boa Vista das Missões,RS,239,172,74,44,91,12,29,,,,67
4302204,Boa Vista do Buricá,RS,542,306,139,215,122,87,9,,2,8,236
4302220,Boa Vista do Cadeado,RS,505,332,88,117,112,114,27,,1,2,173
4302238,Boa Vista do Incra,RS,346,288,132,36,150,64,5,,,3,58
4302253,Boa Vista do Sul,RS,886,297,125,120,22,175,,,,2,589
4302303,Bom Jesus,RS,910,320,79,217,19,19,7,2,3,27,590
4302352,Bom Princípio,RS,616,239,106,72,49,16,3,1,,22,377
4302378,Bom Progresso,RS,211,120,39,23,69,11,5,,,3,91
4302402,Bom Retiro do Sul,RS,341,128,36,49,54,17,7,6,,1,213
4302451,Boqueirão do Leão,RS,1315,970,159,18,29,808,14,6,,103,345
4302501,Bossoroca,RS,934,385,181,115,95,3,4,,1,8,549
4302584,Bozano,RS,363,315,194,72,206,53,16,,1,2,48
4302600,Braga,RS,380,215,60,6,192,14,6,,,11,165
4302659,Brochier,RS,709,128,86,4,26,37,1,,,1,581
4302709,Butiá,RS,335,93,43,43,49,5,2,,,,242
4302808,Caçapava do Sul,RS,2628,519,128,208,149,17,8,3,,45,2109
4302907,Cacequi,RS,431,269,82,173,25,3,6,,3,1,162
4303004,Cachoeira do Sul,RS,2762,819,75,446,190,162,11,,5,19,1943
4303103,Cachoeirinha,RS,6,3,1,2,,,,,,,3
4303202,Cacique Doble,RS,900,685,155,24,288,357,6,,,,215
4303301,Caibaté,RS,565,171,45,68,81,3,4,,7,1,394
4303400,Caiçara,RS,936,391,208,32,85,189,11,,,,545
4303509,Camaquã,RS,2625,1752,153,277,54,1418,41,1,3,4,873
4303558,Camargo,RS,436,380,115,34,107,148,243,1,,,56
4303608,Cambará do Sul,RS,351,88,62,26,2,2,,,2,2,263
4303673,Campestre da Serra,RS,609,194,101,62,15,12,3,,2,14,415
4303707,Campina das Missões,RS,1122,696,441,353,148,63,3,1,3,2,426
4303806,Campinas do Sul,RS,351,330,184,114,40,95,170,,,2,21
4303905,Campo Bom,RS,99,45,30,13,2,,1,,,,54
4304002,Campo Novo,RS,284,207,128,36,159,16,3,,,12,77
4304101,Campos Borges,RS,499,295,34,61,230,1,13,,,2,204
4304200,Candelária,RS,3643,2322,147,121,293,1928,148,3,1,22,1321
4304309,Cândido Godói,RS,1346,982,743,193,570,21,2,1,,4,364
4304358,Candiota,RS,560,407,212,61,143,3,,,,1,153
4304408,Canela,RS,268,78,58,13,3,2,1,1,1,4,190
4304507,Canguçu,RS,8069,3410,548,153,300,2430,227,12,4,35,4659
4304606,Canoas,RS,40,32,28,3,1,,,,,,8
4304614,Canudos do Vale,RS,423,336,259,2,52,156,,,,,87
4304622,Capão Bonito do Sul,RS,369,236,91,114,64,11,9,,5,38,133
4304630,Capão da Canoa,RS,26,13,2,11,1,,,,,,13
4304655,Capão do Cipó,RS,527,140,26,52,73,6,4,,,11,387
4304663,Capão do Leão,RS,197,110,65,39,7,8,2,,,,87
4304671,Capivari do Sul,RS,95,73,16,50,4,1,8,,,,22
4304689,Capela de Santana,RS,384,103,83,13,4,8,1,1,1,5,281
4304697,Capitão,RS,339,235,46,111,5,140,,,,,104
4304705,Carazinho,RS,334,285,49,71,173,28,22,,1,27,49
4304713,Caraá,RS,1302,412,390,13,7,,2,1,,3,890
4304804,Carlos Barbosa,RS,1313,509,140,176,139,157,2,2,4,17,804
4304853,Carlos Gomes,RS,337,183,122,17,32,52,1,,,,154
4304903,Casca,RS,793,545,89,409,144,114,24,,,18,248
4304952,Caseiros,RS,358,292,62,115,168,37,10,,,9,66
4305009,Catuípe,RS,814,581,202,279,113,4,199,,42,17,233
4305108,Caxias do Sul,RS,2752,1239,375,402,208,98,36,1,10,286,1513
4305116,Centenário,RS,576,422,277,6,63,207,1,,2,180,154
4305124,Cerrito,RS,651,250,191,40,13,9,8,,6,5,401
4305132,Cerro Branco,RS,715,487,65,6,12,441,3,,,7,228
4305157,Cerro Grande,RS,321,125,68,16,69,11,1,,,1,196
4305173,Cerro Grande do Sul,RS,1409,715,367,30,14,411,32,1,,3,694
4305207,Cerro Largo,RS,780,492,290,346,109,20,3,,2,19,288
4305306,Chapada,RS,1165,966,76,106,863,24,39,,,2,199
4305355,Charqueadas,RS,121,80,72,8,2,1,,,,,41
4305371,Charrua,RS,490,356,95,133,95,66,114,,,1,134
4305405,Chiapetta,RS,416,301,141,133,37,118,19,,,6,115
4305439,Chuí,RS,80,33,4,29,2,,1,,1,1,47
4305447,Chuvisca,RS,1011,674,99,19,9,605,,,,1,337
4305454,Cidreira,RS,57,41,18,21,1,,,,,1,16
4305504,Ciríaco,RS,642,442,112,78,375,140,1,,,8,200
4305587,Colinas,RS,344,166,19,30,69,52,2,,3,26,178
4305603,Colorado,RS,424,401,15,54,373,23,14,,,1,23
4305702,Condor,RS,579,497,11,45,430,19,5,1,1,21,82
4305801,Constantina,RS,824,595,127,66,480,101,6,4,1,5,229
4305835,Coqueiro Baixo,RS,362,210,169,53,1,112,2,,,,152
4305850,Coqueiros do Sul,RS,426,324,200,69,263,9,30,,,5,102
4305871,Coronel Barros,RS,399,291,42,28,66,56,222,6,28,,108
4305900,Coronel Bicaco,RS,753,407,120,89,247,57,15,,,3,346
4305934,Coronel Pilar,RS,519,224,148,18,41,1,38,,,1,295
4305959,Cotiporã,RS,526,119,36,34,43,27,1,,,2,407
4305975,Coxilha,RS,351,245,24,98,111,119,2,,,,106
4306007,Crissiumal,RS,1592,687,192,90,275,342,5,1,6,4,905
4306056,Cristal,RS,590,282,66,49,19,173,7,,2,10,308
4306072,Cristal do Sul,RS,449,149,78,17,52,36,1,,6,4,300
4306106,Cruz Alta,RS,577,312,41,159,116,19,17,,,2,265
4306130,Cruzaltense,RS,493,427,167,114,88,126,86,1,,26,66
4306205,Cruzeiro do Sul,RS,1048,391,165,92,111,76,57,,,1,657
4306304,David Canabarro,RS,689,584,59,69,376,312,22,,,1,105
4306320,Derrubadas,RS,542,326,89,29,161,127,16,,,,216
4306353,Dezesseis de Novembro,RS,795,470,408,69,238,1,,3,19,1,325
4306379,Dilermando de Aguiar,RS,488,194,41,84,78,4,15,,,4,294
4306403,Dois Irmãos,RS,221,39,33,10,1,,,,,,182
4306429,Dois Irmãos das Missões,RS,217,105,65,35,24,4,,,,,112
4306452,Dois Lajeados,RS,476,298,175,121,41,64,1,,,10,178
4306502,Dom Feliciano,RS,2688,1218,183,64,26,1032,19,3,5,11,1470
4306551,Dom Pedro de Alcântara,RS,266,87,79,3,6,,1,5,,,179
4306601,Dom Pedrito,RS,1097,442,75,305,19,17,36,,7,18,655
4306700,Dona Francisca,RS,311,292,213,1,272,8,2,,,1,19
4306734,Doutor Maurício Cardoso,RS,798,415,34,95,255,49,40,,,16,383
4306759,Doutor Ricardo,RS,450,221,198,1,1,80,21,,,,229
4306767,Eldorado do Sul,RS,328,166,93,45,31,3,,,,1,162
4306809,Encantado,RS,580,273,141,41,,135,1,,2,3,307
4306908,Encruzilhada do Sul,RS,2041,544,215,179,120,42,10,4,11,12,1497
4306924,Engenho Velho,RS,152,112,14,12,101,19,62,,,1,40
4306932,Entre-Ijuís,RS,954,349,68,156,23,18,103,,,12,605
4306957,Entre Rios do Sul,RS,255,170,70,62,90,4,2,,,,85
4306973,Erebango,RS,348,302,87,261,64,15,4,,,1,46
4307005,Erechim,RS,1080,664,241,78,260,213,8,2,,74,416
4307054,Ernestina,RS,457,413,,7,331,276,8,,,2,44
4307104,Herval,RS,1141,510,447,58,32,1,2,,,5,631
4307203,Erval Grande,RS,670,326,191,70,153,66,2,1,,8,344
4307302,Erval Seco,RS,1218,495,292,143,199,16,98,1,,3,723
4307401,Esmeralda,RS,396,156,39,89,74,9,2,,,4,240
4307450,Esperança do Sul,RS,558,191,76,15,103,36,,,,9,367
4307500,Espumoso,RS,1161,911,9,80,830,16,3,,9,22,250
4307559,Estação,RS,231,179,69,83,42,20,20,,1,2,52
4307609,Estância Velha,RS,107,46,45,4,1,,,,,,61
4307708,Esteio,RS,1,,,,,,,,,,1
4307807,Estrela,RS,963,470,160,101,204,103,10,,,15,493
4307815,Estrela Velha,RS,681,424,15,13,280,170,9,,,1,257
4307831,Eugênio de Castro,RS,431,190,19,110,11,75,28,,,,241
4307864,Fagundes Varela,RS,315,194,51,66,119,46,,,,2,121
4307906,Farroupilha,RS,1271,841,223,179,236,161,7,1,1,206,430
4308003,Faxinal do Soturno,RS,504,337,198,2,248,26,5,,1,9,167
4308052,Faxinalzinho,RS,287,207,109,13,48,14,26,,,30,80
4308078,Fazenda Vilanova,RS,280,116,34,40,54,4,,1,,1,164
4308102,Feliz,RS,593,232,190,7,68,126,6,,,7,361
4308201,Flores da Cunha,RS,1150,596,177,188,38,204,3,,7,100,554
4308250,Floriano Peixoto,RS,548,324,63,286,5,3,,,,18,224
4308300,Fontoura Xavier,RS,1753,487,50,38,91,349,1,,,10,1266
4308409,Formigueiro,RS,898,440,101,206,214,21,2,,1,4,458
4308433,Forquetinha,RS,579,90,21,40,33,12,,1,,3,489
4308458,Fortaleza dos Valos,RS,391,264,32,155,175,2,,,,,127
4308508,Frederico Westphalen,RS,994,463,183,64,252,118,20,1,1,9,531
4308607,Garibaldi,RS,819,500,202,63,156,112,75,5,1,37,319
4308656,Garruchos,RS,563,127,47,55,37,1,4,,,3,436
4308706,Gaurama,RS,838,437,199,25,288,15,8,1,,9,401
4308805,General Câmara,RS,801,220,117,32,34,60,16,,1,2,581
4308854,Gentil,RS,251,211,41,19,158,74,54,,,,40
4308904,Getúlio Vargas,RS,649,517,61,149,223,93,23,,1,19,132
4309001,Giruá,RS,1586,782,33,335,493,9,3,,1,118,804
4309050,Glorinha,RS,638,158,73,85,5,13,,,1,3,480
4309100,Gramado,RS,516,192,148,16,40,16,3,,,5,324
4309126,Gramado dos Loureiros,RS,344,252,118,26,115,19,3,,,30,92
4309159,Gramado Xavier,RS,666,508,43,30,14,472,9,,29,7,158
4309209,Gravataí,RS,485,110,57,45,6,,1,1,,1,375
4309258,Guabiju,RS,274,260,79,213,131,9,,,,,14
4309308,Guaíba,RS,279,125,66,54,24,,,1,1,8,154
4309407,Guaporé,RS,726,350,179,68,83,61,16,,,52,376
4309506,Guarani das Missões,RS,930,556,246,243,290,37,6,22,,2,374
4309555,Harmonia,RS,446,191,139,9,84,64,22,,,4,255
4309571,Herveiras,RS,519,376,17,66,9,330,,,,,143
4309605,Horizontina,RS,905,406,165,49,275,8,10,,,,499
4309654,Hulha Negra,RS,1180,504,375,98,23,25,3,8,2,14,676
4309704,Humaitá,RS,573,333,126,109,248,36,6,,,,240
4309753,Ibarama,RS,1047,675,21,4,28,636,,1,,6,372
4309803,Ibiaçá,RS,602,508,42,90,395,38,117,1,,10,94
4309902,Ibiraiaras,RS,634,547,85,225,304,170,10,1,,99,87
4309951,Ibirapuitã,RS,483,288,16,98,200,4,24,1,1,28,195
4310009,Ibirubá,RS,1213,1054,171,32,907,69,16,,1,331,159
4310108,Igrejinha,RS,406,166,22,10,32,85,,1,,26,240
4310207,Ijuí,RS,1626,888,214,370,110,71,208,7,7,188,738
4310306,Ilópolis,RS,549,251,123,28,33,167,2,,,5,298
4310330,Imbé,RS,17,10,1,9,,,,1,,,7
4310363,Imigrante,RS,437,140,44,31,50,49,2,,1,1,297
4310405,Independência,RS,969,569,170,106,294,95,205,4,34,31,400
4310413,Inhacorá,RS,241,121,40,23,29,46,13,,,3,120
4310439,Ipê,RS,849,606,50,375,252,40,15,3,1,26,243
4310462,Ipiranga do Sul,RS,414,377,21,349,29,24,1,,,1,37
4310504,Iraí,RS,765,344,186,26,113,95,27,,,1,421
4310538,Itaara,RS,145,67,52,8,23,4,,,,,78
4310553,Itacurubi,RS,741,250,146,81,36,9,2,2,,2,491
4310579,Itapuca,RS,558,178,23,7,37,135,,,,,380
4310603,Itaqui,RS,474,296,50,238,3,2,6,1,1,7,178
4310652,Itati,RS,338,77,61,4,17,1,,1,,,261
4310702,Itatiba do Sul,RS,697,397,212,49,143,182,1,1,,1,300
4310751,Ivorá,RS,465,328,285,,153,,,,,6,137
4310801,Ivoti,RS,205,88,65,23,18,4,1,,,2,117
4310850,Jaboticaba,RS,628,260,129,15,166,23,9,1,,8,368
4310876,Jacuizinho,RS,571,202,45,35,104,6,1,,,34,369
4310900,Jacutinga,RS,328,244,140,51,53,58,26,,,,84
4311007,Jaguarão,RS,613,273,166,122,26,10,5,,7,67,340
4311106,Jaguari,RS,1549,789,296,69,358,206,31,,,128,760
4311122,Jaquirana,RS,540,71,41,30,,1,,,2,,469
4311130,Jari,RS,944,279,16,44,57,171,4,,,4,665
4311155,Jóia,RS,1444,669,290,192,239,70,23,,,8,775
4311205,Júlio de Castilhos,RS,975,651,169,161,355,45,14,,,16,324
4311239,Lagoa Bonita do Sul,RS,471,271,135,36,37,25,2,,,141,200
4311254,Lagoão,RS,1072,633,62,43,21,543,1,,2,4,439
4311270,Lagoa dos Três Cantos,RS,297,291,70,48,273,15,,,,,6
4311304,Lagoa Vermelha,RS,1034,601,79,246,238,86,11,,5,85,433
4311403,Lajeado,RS,387,228,20,198,28,5,,,,5,159
4311429,Lajeado do Bugre,RS,543,306,239,23,52,6,3,,,,237
4311502,Lavras do Sul,RS,848,220,50,141,35,4,2,3,4,5,628
4311601,Liberato Salzano,RS,1177,819,608,45,381,242,3,,,,358
4311627,Lindolfo Collor,RS,143,47,34,8,10,4,1,,,,96
4311643,Linha Nova,RS,329,70,39,5,12,15,,,6,15,259
4311700,Machadinho,RS,820,548,134,282,246,21,4,,,7,272
4311718,Maçambará,RS,235,127,19,98,1,6,8,1,1,2,108
4311734,Mampituba,RS,445,154,24,14,88,,3,16,1,31,291
4311759,Manoel Viana,RS,646,288,168,118,4,1,3,1,,4,358
4311775,Maquiné,RS,532,97,70,24,1,,,2,1,5,435
4311791,Maratá,RS,521,115,39,21,15,59,,,,,406
4311809,Marau,RS,1170,947,50,422,402,301,74,,1,3,223
4311908,Marcelino Ramos,RS,572,155,80,50,23,37,,,1,1,417
4311981,Mariana Pimentel,RS,799,154,31,31,4,84,3,1,,2,645
4312005,Mariano Moro,RS,256,203,173,2,80,19,1,,,,53
4312054,Marques de Souza,RS,696,336,215,32,,115,2,,,11,360
4312104,Mata,RS,768,258,27,25,14,196,5,,1,,510
4312138,Mato Castelhano,RS,449,249,30,41,175,27,5,,,2,200
4312153,Mato Leitão,RS,357,143,81,7,43,54,2,,,4,214
4312179,Mato Queimado,RS,368,223,181,26,110,,1,,,,145
4312203,Maximiliano de Almeida,RS,603,357,179,46,190,16,6,,,34,246
4312252,Minas do Leão,RS,72,44,28,30,30,,2,,,,28
4312302,Miraguaí,RS,656,261,213,17,25,52,6,,,27,395
4312351,Montauri,RS,320,189,11,132,71,19,11,,,,131
4312377,Monte Alegre dos Campos,RS,638,225,121,83,12,5,,1,1,9,413
4312385,Monte Belo do Sul,RS,463,365,262,47,64,38,3,,,2,98
4312401,Montenegro,RS,1211,273,92,129,40,27,13,1,,2,938
4312427,Mormaço,RS,485,275,161,20,196,18,3,,,,210
4312443,Morrinhos do Sul,RS,592,137,62,8,58,4,1,14,,15,455
4312450,Morro Redondo,RS,485,166,96,35,24,17,7,1,,12,319
4312476,Morro Reuter,RS,360,69,56,4,4,7,,,,1,291
4312500,Mostardas,RS,733,194,26,172,6,3,6,,2,4,539
4312609,Muçum,RS,355,167,164,2,,25,,,1,1,188
4312617,Muitos Capões,RS,464,202,49,98,63,16,5,,,2,262
4312625,Muliterno,RS,350,266,29,29,161,61,6,,,78,84
4312658,Não-Me-Toque,RS,497,449,86,64,328,14,8,,,114,48
4312674,Nicolau Vergueiro,RS,240,178,33,27,119,19,1,,,3,62
4312708,Nonoai,RS,437,248,41,85,98,49,1,,,32,189
4312757,Nova Alvorada,RS,468,281,47,8,159,131,,,,,187
4312807,Nova Araçá,RS,246,222,58,107,70,50,4,1,,2,24
4312906,Nova Bassano,RS,588,449,32,271,233,136,2,,,4,139
4312955,Nova Boa Vista,RS,371,349,202,10,308,65,15,,1,,22
4313003,Nova Bréscia,RS,482,304,127,237,,175,2,,1,,178
4313011,Nova Candelária,RS,530,231,58,67,57,105,,,1,5,299
4313037,Nova Esperança do Sul,RS,411,308,273,17,6,9,,,,10,103
4313060,Nova Hartz,RS,154,85,42,41,5,,,,,1,69
4313086,Nova Pádua,RS,384,141,77,18,64,6,,,,,243
4313102,Nova Palma,RS,568,463,25,5,438,75,,,,1,105
4313201,Nova Petrópolis,RS,1003,344,129,39,228,37,4,2,,15,659
4313300,Nova Prata,RS,388,292,125,67,154,62,18,,,,96
4313334,Nova Ramada,RS,501,349,97,69,71,7,171,,,1,152
4313359,Nova Roma do Sul,RS,421,365,200,87,177,68,71,1,1,10,56
4313375,Nova Santa Rita,RS,414,222,135,20,146,1,1,,,,192
4313391,Novo Cabrais,RS,709,481,114,215,49,192,4,1,,5,228
4313409,Novo Hamburgo,RS,269,50,22,28,11,1,,,,,219
4313425,Novo Machado,RS,712,495,104,118,296,125,48,,3,3,217
4313441,Novo Tiradentes,RS,365,231,190,8,54,71,,,,9,134
4313466,Novo Xingu,RS,360,271,165,37,216,12,2,,,2,89
4313490,Novo Barreiro,RS,664,291,76,17,237,45,2,1,,4,373
4313508,Osório,RS,526,146,74,68,7,1,2,1,,1,380
4313607,Paim Filho,RS,541,381,151,131,136,103,50,,4,17,160
4313656,Palmares do Sul,RS,255,157,41,98,17,10,3,,,7,98
4313706,Palmeira das Missões,RS,1155,567,66,220,325,57,70,,7,4,588
4313805,Palmitinho,RS,954,370,137,91,46,192,1,1,1,9,584
4313904,Panambi,RS,849,668,7,194,553,2,9,,5,7,181
4313953,Pantano Grande,RS,262,137,34,70,44,4,2,,,5,125
4314001,Paraí,RS,484,347,134,157,147,104,28,1,,6,137
4314027,Paraíso do Sul,RS,1057,769,76,31,58,698,6,,,,288
4314035,Pareci Novo,RS,377,167,146,16,6,8,1,,,3,210
4314050,Parobé,RS,201,65,60,3,2,1,,1,,2,136
4314068,Passa Sete,RS,1014,675,41,36,55,606,1,1,,,339
4314076,Passo do Sobrado,RS,1078,703,134,36,65,596,2,2,,6,375
4314100,Passo Fundo,RS,900,469,93,150,122,60,94,10,2,4,431
4314134,Paulo Bento,RS,289,244,151,59,88,7,85,,,1,45
4314159,Paverama,RS,1219,61,13,3,30,38,1,,,,1158
4314175,Pedras Altas,RS,518,223,114,82,30,3,2,,5,4,295
4314209,Pedro Osório,RS,164,117,65,33,14,4,6,,4,3,47
4314308,Pejuçara,RS,282,229,10,87,160,4,10,,,2,53
4314407,Pelotas,RS,2697,960,414,64,82,447,8,7,,26,1737
4314423,Picada Café,RS,176,64,50,2,22,12,,,,1,112
4314456,Pinhal,RS,440,407,376,10,107,51,29,,,1,33
4314464,Pinhal da Serra,RS,563,145,90,20,53,1,1,,11,5,418
4314472,Pinhal Grande,RS,679,470,3,63,297,194,3,,,2,209
4314498,Pinheirinho do Vale,RS,675,338,202,189,156,131,5,,1,3,337
4314506,Pinheiro Machado,RS,1359,172,85,68,13,4,3,1,8,5,1187
4314548,Pinto Bandeira,RS,413,245,44,27,166,33,1,,,1,168
4314555,Pirapó,RS,613,258,114,160,44,3,1,,,3,355
4314605,Piratini,RS,2697,412,254,66,43,36,21,,3,16,2285
4314704,Planalto,RS,1079,397,157,49,160,101,5,,7,3,682
4314753,Poço das Antas,RS,468,142,45,88,25,20,,,,,326
4314779,Pontão,RS,440,372,86,300,226,5,12,,,2,68
4314787,Ponte Preta,RS,299,255,196,85,37,48,8,,,4,44
4314803,Portão,RS,371,88,78,13,,,,,1,1,283
4314902,Porto Alegre,RS,384,227,100,136,10,1,2,2,,17,157
4315008,Porto Lucena,RS,1098,978,702,589,621,19,3,,5,1,120
4315057,Porto Mauá,RS,431,321,214,73,134,16,1,,1,,110
4315073,Porto Vera Cruz,RS,494,143,135,13,1,3,,,,1,351
4315107,Porto Xavier,RS,1119,865,95,738,28,11,2,,,42,254
4315131,Pouso Novo,RS,305,128,89,10,27,36,2,,2,1,177
4315149,Presidente Lucena,RS,281,88,75,4,2,7,,,,4,193
4315156,Progresso,RS,1033,496,254,48,29,266,,,,8,537
4315172,Protásio Alves,RS,330,241,142,122,62,40,1,,,10,89
4315206,Putinga,RS,634,350,164,18,45,153,44,6,,10,284
4315305,Quaraí,RS,932,278,79,183,15,6,4,1,18,3,654
4315313,Quatro Irmãos,RS,210,177,40,23,107,91,5,,,,33
4315321,Quevedos,RS,561,147,46,31,41,43,3,,,2,414
4315354,Quinze de Novembro,RS,432,342,26,91,267,73,12,3,,5,90
4315404,Redentora,RS,1086,249,156,9,131,17,15,,1,1,837
4315453,Relvado,RS,352,155,41,5,54,96,1,,,,197
4315503,Restinga Sêca,RS,1153,727,173,54,441,156,29,,2,7,426
4315552,Rio dos Índios,RS,564,228,39,35,157,3,3,,,81,336
4315602,Rio Grande,RS,903,204,85,103,10,2,6,2,5,12,699
4315701,Rio Pardo,RS,2429,1185,198,137,255,731,28,2,8,19,1244
4315750,Riozinho,RS,427,123,105,21,4,3,1,,,2,304
4315800,Roca Sales,RS,814,533,238,330,14,105,2,,,11,281
4315909,Rodeio Bonito,RS,515,343,238,17,99,85,20,,1,3,172
4315958,Rolador,RS,710,229,75,44,132,1,,,2,2,481
4316006,Rolante,RS,940,158,91,61,13,9,1,,,6,782
4316105,Ronda Alta,RS,777,636,248,190,398,213,79,,2,2,141
4316204,Rondinha,RS,763,657,349,250,499,40,5,,2,2,106
4316303,Roque Gonzales,RS,998,809,383,481,159,18,75,2,5,10,189
4316402,Rosário do Sul,RS,1645,476,118,328,11,5,16,1,7,10,1169
4316428,Sagrada Família,RS,349,196,138,6,101,,6,,,30,153
4316436,Saldanha Marinho,RS,249,214,3,18,190,18,2,,,8,35
4316451,Salto do Jacuí,RS,436,213,50,26,139,14,1,,,6,223
4316477,Salvador das Missões,RS,355,292,196,125,212,18,2,,1,,63
4316501,Salvador do Sul,RS,418,147,31,12,66,45,2,,,3,271
4316600,Sananduva,RS,1338,980,100,40,465,144,196,1,2,325,358
4316709,Santa Bárbara do Sul,RS,648,335,36,100,146,137,3,,,10,313
4316733,Santa Cecília do Sul,RS,429,325,1,37,283,40,2,1,,3,104
4316758,Santa Clara do Sul,RS,617,166,39,17,82,41,2,,,13,451
4316808,Santa Cruz do Sul,RS,2435,1816,301,55,180,1192,388,4,9,30,619
4316907,Santa Maria,RS,1701,518,159,239,90,37,3,,2,29,1183
4316956,Santa Maria do Herval,RS,578,141,71,13,60,28,1,,,2,437
4316972,Santa Margarida do Sul,RS,505,171,57,57,39,7,3,12,,4,334
4317004,Santana da Boa Vista,RS,1732,75,25,27,23,2,5,,,8,1657
4317103,Sant'Ana do Livramento,RS,2940,721,151,500,62,14,18,,15,24,2219
4317202,Santa Rosa,RS,1380,742,160,165,467,114,14,1,9,12,638
4317251,Santa Tereza,RS,270,227,197,6,43,14,1,,1,18,43
4317301,Santa Vitória do Palmar,RS,627,277,41,211,27,1,18,1,11,13,350
4317400,Santiago,RS,1490,263,63,133,28,14,33,,2,7,1227
4317509,Santo Ângelo,RS,1216,323,73,122,53,67,58,,,8,893
4317558,Santo Antônio do Palma,RS,393,218,19,18,102,134,24,,,2,175
4317608,Santo Antônio da Patrulha,RS,2698,297,152,97,40,6,4,2,,18,2401
4317707,Santo Antônio das Missões,RS,1204,366,129,171,82,2,18,,1,10,838
4317756,Santo Antônio do Planalto,RS,308,287,98,7,224,52,58,,,5,21
4317806,Santo Augusto,RS,585,417,172,142,150,36,81,1,,,168
4317905,Santo Cristo,RS,1693,582,169,147,292,118,10,,11,44,1111
4317954,Santo Expedito do Sul,RS,498,295,86,62,58,70,40,,51,,203
4318002,São Borja,RS,1017,433,95,221,67,36,31,,1,33,584
4318051,São Domingos do Sul,RS,297,125,87,94,37,16,,1,,1,172
4318101,São Francisco de Assis,RS,2321,727,124,173,48,324,14,3,,95,1594
4318200,São Francisco de Paula,RS,1353,390,201,215,50,12,11,1,3,11,963
4318309,São Gabriel,RS,2192,649,158,281,136,68,8,,34,23,1543
4318408,São Jerônimo,RS,1460,437,142,51,15,160,109,,,8,1023
4318424,São João da Urtiga,RS,634,420,148,34,150,71,18,2,,147,214
4318432,São João do Polêsine,RS,184,100,30,40,42,,1,,,,84
4318440,São Jorge,RS,391,317,172,63,150,80,8,,,3,74
4318457,São José das Missões,RS,563,163,104,8,92,8,,1,2,,400
4318465,São José do Herval,RS,359,62,8,8,13,40,1,,,2,297
4318481,São José do Hortêncio,RS,269,142,97,14,35,7,,,,42,127
4318499,São José do Inhacorá,RS,422,275,233,44,37,18,14,,7,6,147
4318507,São José do Norte,RS,1646,306,160,145,4,1,5,,8,3,1340
4318606,São José do Ouro,RS,663,520,34,128,221,212,2,,,28,143
4318614,São José do Sul,RS,349,101,36,11,31,33,,,,,248
4318622,São José dos Ausentes,RS,504,170,75,93,7,15,4,,,2,334
4318705,São Leopoldo,RS,65,17,10,8,,,,,,1,48
4318804,São Lourenço do Sul,RS,3846,2273,178,281,358,1628,71,5,4,29,1573
4318903,São Luiz Gonzaga,RS,1263,431,88,152,251,13,4,1,1,5,832
4319000,São Marcos,RS,617,398,255,65,81,34,2,,,9,219
4319109,São Martinho,RS,462,303,104,104,261,57,6,4,,11,159
4319125,São Martinho da Serra,RS,629,170,73,52,37,23,1,,,6,459
4319158,São Miguel das Missões,RS,1078,348,128,136,74,44,29,2,1,2,730
4319208,São Nicolau,RS,683,281,102,175,44,8,,,,,402
4319307,São Paulo das Missões,RS,1096,717,451,409,87,57,1,,,1,379
4319356,São Pedro da Serra,RS,217,90,43,8,23,35,,,,1,127
4319364,São Pedro das Missões,RS,332,213,165,13,59,7,5,,,1,119
4319372,São Pedro do Butiá,RS,425,397,373,271,278,13,3,,8,1,28
4319406,São Pedro do Sul,RS,1350,671,76,86,491,107,5,,1,1,679
4319505,São Sebastião do Caí,RS,622,210,163,13,16,8,5,2,,30,412
4319604,São Sepé,RS,1583,592,115,196,316,12,7,,,19,991
4319703,São Valentim,RS,420,311,222,60,111,87,10,,,4,109
4319711,São Valentim do Sul,RS,412,222,87,125,33,29,,,,7,190
4319737,São Valério do Sul,RS,281,225,135,16,120,7,73,1,,3,56
4319752,São Vendelino,RS,153,81,30,25,18,28,,,,1,72
4319802,São Vicente do Sul,RS,955,197,39,126,27,5,6,2,1,6,758
4319901,Sapiranga,RS,242,147,90,59,5,,,1,,,95
4320008,Sapucaia do Sul,RS,37,26,24,3,,,,,,,11
4320107,Sarandi,RS,737,677,235,59,524,27,75,,3,47,60
4320206,Seberi,RS,1158,373,120,77,96,138,16,,,5,785
4320230,Sede Nova,RS,335,238,40,49,171,44,1,,,,97
4320263,Segredo,RS,982,704,122,22,147,597,7,1,,6,278
4320305,Selbach,RS,490,392,77,52,329,13,98,,,11,98
4320321,Senador Salgado Filho,RS,539,265,59,114,85,83,63,,3,,274
4320354,Sentinela do Sul,RS,887,371,174,100,1,138,2,,1,8,516
4320404,Serafina Corrêa,RS,473,305,21,37,216,32,2,,4,38,168
4320453,Sério,RS,516,354,328,4,12,42,1,,,1,162
4320503,Sertão,RS,736,357,34,174,130,94,1,,,3,379
4320552,Sertão Santana,RS,947,435,91,43,19,226,97,,,3,512
4320578,Sete de Setembro,RS,351,131,57,31,25,40,16,,,10,220
4320602,Severiano de Almeida,RS,646,383,241,63,108,63,15,2,1,65,263
4320651,Silveira Martins,RS,356,182,156,5,77,,1,,,,174
4320677,Sinimbu,RS,1673,941,144,24,38,752,76,4,,6,732
4320701,Sobradinho,RS,649,419,126,25,104,230,4,4,,35,230
4320800,Soledade,RS,1353,542,42,153,353,34,7,2,,49,811
4320859,Tabaí,RS,676,113,47,60,14,11,,,,1,563
4320909,Tapejara,RS,652,568,22,161,402,31,98,,,10,84
4321006,Tapera,RS,364,319,68,52,278,25,2,,,1,45
4321105,Tapes,RS,276,162,54,124,7,6,1,,1,2,114
4321204,Taquara,RS,1360,182,72,69,55,,3,,,32,1178
4321303,Taquari,RS,846,142,25,45,39,50,12,1,,3,704
4321329,Taquaruçu do Sul,RS,416,288,141,87,126,98,20,,,2,128
4321352,Tavares,RS,717,358,55,297,2,1,9,2,10,9,359
4321402,Tenente Portela,RS,876,513,246,247,58,111,190,3,,23,363
4321436,Terra de Areia,RS,301,61,51,6,4,3,,13,,,240
4321451,Teutônia,RS,952,554,152,259,243,44,2,2,11,12,398
4321469,Tio Hugo,RS,321,106,2,,104,,,,,1,215
4321477,Tiradentes do Sul,RS,927,488,158,128,353,32,6,,,5,439
4321493,Toropi,RS,597,376,31,3,258,171,,,,,221
4321501,Torres,RS,352,184,94,14,78,,1,2,,23,168
4321600,Tramandaí,RS,69,34,16,19,1,1,,,,,35
4321626,Travesseiro,RS,413,191,100,24,,85,2,,,1,222
4321634,Três Arroios,RS,570,334,136,22,103,53,71,,,59,236
4321667,Três Cachoeiras,RS,681,159,106,10,32,1,2,35,,6,522
4321709,Três Coroas,RS,420,117,71,41,3,2,,,,2,303
4321808,Três de Maio,RS,1394,842,434,229,361,94,127,,41,223,552
4321832,Três Forquilhas,RS,407,86,72,7,18,,1,,,1,321
4321857,Três Palmeiras,RS,478,247,17,110,36,33,76,,,,231
4321907,Três Passos,RS,1285,611,173,79,299,208,2,1,,65,674
4321956,Trindade do Sul,RS,528,376,221,39,256,41,1,,,4,152
4322004,Triunfo,RS,1236,284,117,92,95,8,2,,5,4,952
4322103,Tucunduva,RS,535,466,241,144,295,13,170,,,3,69
4322152,Tunas,RS,772,400,53,16,152,289,1,,,2,372
4322186,Tupanci do Sul,RS,412,242,52,69,67,118,2,,,16,170
4322202,Tupanciretã,RS,1177,447,86,226,152,9,12,,2,7,730
4322251,Tupandi,RS,492,236,86,3,85,138,3,,,2,256
4322301,Tuparendi,RS,1004,689,144,257,467,102,2,,8,9,315
4322327,Turuçu,RS,372,296,82,214,14,48,3,,1,1,76
4322343,Ubiretama,RS,662,392,214,160,90,15,6,,1,1,270
4322350,União da Serra,RS,374,197,3,6,111,71,87,,,,177
4322376,Unistalda,RS,507,13,9,3,2,,1,,,,494
4322400,Uruguaiana,RS,1060,635,60,531,14,8,59,2,1,5,425
4322509,Vacaria,RS,1033,484,87,323,99,9,13,,1,5,549
4322525,Vale Verde,RS,479,104,20,19,16,53,,,,1,375
4322533,Vale do Sol,RS,1719,1399,219,23,85,1275,3,,,18,320
4322541,Vale Real,RS,125,81,68,1,11,3,,,,1,44
4322558,Vanini,RS,318,291,212,39,55,121,87,,,1,27
4322608,Venâncio Aires,RS,4364,2779,341,128,139,2368,18,18,,22,1585
4322707,Vera Cruz,RS,1595,1043,243,41,55,827,8,,6,22,552
4322806,Veranópolis,RS,728,352,95,76,161,63,5,3,3,59,376
4322855,Vespasiano Corrêa,RS,401,279,109,37,,206,,,,96,122
4322905,Viadutos,RS,726,386,96,56,101,49,150,,,3,340
4323002,Viamão,RS,1542,502,149,214,137,13,5,2,2,28,1040
4323101,Vicente Dutra,RS,797,233,130,10,75,120,4,,,3,564
4323200,Victor Graeff,RS,579,494,25,60,465,14,3,,,5,85
4323309,Vila Flores,RS,260,167,53,14,97,49,,,2,10,93
4323358,Vila Lângaro,RS,416,379,21,74,317,22,2,,,2,37
4323408,Vila Maria,RS,545,464,146,76,130,393,6,1,,,81
4323457,Vila Nova do Sul,RS,527,134,50,29,68,1,1,,,2,393
4323507,Vista Alegre,RS,413,204,88,83,67,63,15,1,1,6,209
4323606,Vista Alegre do Prata,RS,316,248,217,51,46,66,1,,,3,68
4323705,Vista Gaúcha,RS,391,369,332,27,55,48,28,,2,,22
4323754,Vitória das Missões,RS,773,300,212,13,57,97,16,,,5,473
4323770,Westfália,RS,460,302,97,139,112,111,1,,,3,158
4323804,Xangri-lá,RS,16,15,,15,,,,,,,1
5000203,Água Clara,MS,375,225,13,181,19,4,20,,4,3,150
5000252,Alcinópolis,MS,603,195,6,185,4,,,,1,2,408
5000609,Amambai,MS,1429,486,55,261,186,10,19,1,37,6,943
5000708,Anastácio,MS,1056,266,147,123,10,7,6,,1,5,790
5000807,Anaurilândia,MS,776,222,38,150,33,,1,1,1,7,554
5000856,Angélica,MS,486,186,119,57,10,1,7,,,2,300
5000906,Antônio João,MS,298,127,35,66,25,,1,,,2,171
5001003,Aparecida do Taboado,MS,732,194,33,132,18,3,3,,7,13,538
5001102,Aquidauana,MS,1219,233,49,158,12,2,7,1,1,10,986
5001243,Aral Moreira,MS,616,289,47,47,221,13,24,,,13,327
5001508,Bandeirantes,MS,699,290,24,170,18,6,5,,78,7,409
5001904,Bataguassu,MS,901,315,164,67,83,2,1,,1,3,586
5002001,Batayporã,MS,492,133,24,81,22,5,,,1,4,359
5002100,Bela Vista,MS,1309,222,103,124,,,1,,,4,1087
5002159,Bodoquena,MS,670,148,33,88,4,,5,,,23,522
5002209,Bonito,MS,895,298,54,217,7,1,5,1,1,27,597
5002308,Brasilândia,MS,817,513,29,333,27,126,28,12,77,2,304
5002407,Caarapó,MS,910,339,38,154,141,37,19,1,,8,571
5002605,Camapuã,MS,974,372,18,338,23,4,1,2,1,6,602
5002704,Campo Grande,MS,1849,684,171,439,51,14,11,,50,30,1165
5002803,Caracol,MS,471,131,74,68,,1,,,,2,340
5002902,Cassilândia,MS,686,225,16,184,3,4,13,1,3,2,461
5002951,Chapadão do Sul,MS,256,166,30,116,6,3,19,,1,4,90
5003108,Corguinho,MS,638,122,18,105,2,,10,,,8,516
5003157,Coronel Sapucaia,MS,478,255,204,31,65,2,,,,1,223
5003207,Corumbá,MS,1745,432,128,274,5,1,10,,13,22,1313
5003256,Costa Rica,MS,576,288,53,235,6,4,6,2,2,2,288
5003306,Coxim,MS,1036,366,116,245,7,4,2,,5,2,670
5003454,Deodápolis,MS,680,314,97,131,93,7,11,,2,60,366
5003488,Dois Irmãos do Buriti,MS,751,157,59,67,17,7,5,,3,5,594
5003504,Douradina,MS,223,57,5,40,5,6,3,,,2,166
5003702,Dourados,MS,1716,889,82,400,258,182,81,1,23,45,827
5003751,Eldorado,MS,427,138,57,74,16,4,4,,,2,289
5003801,Fátima do Sul,MS,620,335,111,46,76,28,132,5,4,17,285
5003900,Figueirão,MS,494,286,7,244,21,,2,,30,3,208
5004007,Glória de Dourados,MS,744,304,100,142,33,48,4,,2,19,440
5004106,Guia Lopes da Laguna,MS,658,82,48,29,6,,2,,,4,576
5004304,Iguatemi,MS,926,409,219,135,58,13,8,,2,2,517
5004403,Inocência,MS,806,288,40,219,16,4,12,1,1,6,518
5004502,Itaporã,MS,822,348,47,154,69,59,36,1,,20,474
5004601,Itaquiraí,MS,2819,702,445,125,149,13,13,,1,12,2117
5004700,Ivinhema,MS,1314,236,132,72,34,11,4,1,3,6,1078
5004809,Japorã,MS,922,98,69,21,10,,,,,2,824
5004908,Jaraguari,MS,1525,503,282,165,17,19,1,3,30,21,1022
5005004,Jardim,MS,640,167,97,62,1,3,3,,,6,473
5005103,Jateí,MS,381,158,42,81,16,22,6,1,,4,223
5005152,Juti,MS,336,118,27,56,24,7,14,,1,4,218
5005202,Ladário,MS,160,55,35,20,,,,1,,,105
5005251,Laguna Carapã,MS,424,249,15,73,179,17,15,,,5,175
5005400,Maracaju,MS,701,400,30,319,66,17,25,2,3,11,301
5005608,Miranda,MS,864,135,32,81,6,5,9,1,,6,729
5005681,Mundo Novo,MS,424,167,81,66,33,4,3,,,7,257
5005707,Naviraí,MS,440,225,60,118,80,2,12,1,2,2,215
5005806,Nioaque,MS,2002,290,102,151,4,3,6,2,21,26,1712
5006002,Nova Alvorada do Sul,MS,953,254,133,110,10,7,7,,2,2,699
5006200,Nova Andradina,MS,1927,313,89,130,36,1,9,,55,17,1614
5006259,Novo Horizonte do Sul,MS,611,159,128,29,10,3,1,,1,,452
5006275,Paraíso das Águas,MS,491,241,2,203,17,19,7,,,4,250
5006309,Paranaíba,MS,1711,470,37,377,80,1,2,1,7,12,1241
5006358,Paranhos,MS,294,90,37,51,10,,,,1,,204
5006408,Pedro Gomes,MS,563,191,49,133,4,,4,1,2,5,372
5006606,Ponta Porã,MS,2837,583,142,240,133,19,81,1,25,19,2254
5006903,Porto Murtinho,MS,479,269,92,180,3,3,8,,,10,210
5007109,Ribas do Rio Pardo,MS,1200,709,109,470,86,8,18,21,75,16,491
5007208,Rio Brilhante,MS,1101,432,118,261,79,17,23,,7,17,669
5007307,Rio Negro,MS,444,109,42,69,2,,3,,1,2,335
5007406,Rio Verde de Mato Grosso,MS,825,358,34,304,14,2,3,,4,5,467
5007505,Rochedo,MS,691,118,30,72,2,1,2,,4,8,573
5007554,Santa Rita do Pardo,MS,982,322,54,237,36,2,4,2,6,9,660
5007695,São Gabriel do Oeste,MS,724,297,34,189,38,15,20,,19,8,427
5007703,Sete Quedas,MS,258,106,13,33,65,1,3,,1,2,152
5007802,Selvíria,MS,605,259,86,58,89,27,5,,42,23,346
5007901,Sidrolândia,MS,4086,512,155,185,43,122,8,1,10,24,3574
5007935,Sonora,MS,241,152,83,54,11,4,2,1,1,4,89
5007950,Tacuru,MS,686,97,14,55,41,1,1,,,,589
5007976,Taquarussu,MS,329,173,65,40,73,2,1,1,,1,156
5008008,Terenos,MS,2605,916,618,295,202,9,7,2,3,12,1689
5008305,Três Lagoas,MS,1099,469,87,274,55,32,10,,15,61,630
5008404,Vicentina,MS,409,129,38,29,26,26,14,,,15,280
5100102,Acorizal,MT,565,90,45,47,,,1,,1,1,475
5100201,Água Boa,MT,1009,263,14,220,11,10,10,,,8,746
5100250,Alta Floresta,MT,1675,379,107,197,10,9,12,4,4,56,1296
5100300,Alto Araguaia,MT,691,132,30,89,7,2,6,,7,3,559
5100359,Alto Boa Vista,MT,207,30,18,6,2,2,,,,3,177
5100409,Alto Garças,MT,298,49,1,43,3,3,1,,,1,249
5100508,Alto Paraguai,MT,617,92,44,47,1,2,1,,2,5,525
5100607,Alto Taquari,MT,159,31,3,27,,,1,,,,128
5100805,Apiacás,MT,695,103,27,59,,10,2,,1,8,592
5101001,Araguaiana,MT,249,63,3,58,1,,,,,1,186
5101209,Araguainha,MT,64,5,1,4,,,,,,,59
5101258,Araputanga,MT,697,244,49,80,114,10,6,,,5,453
5101308,Arenápolis,MT,284,68,18,50,1,,,,,2,216
5101407,Aripuanã,MT,2030,171,39,128,5,,2,,1,7,1859
5101605,Barão de Melgaço,MT,820,95,78,25,,,,,,1,725
5101704,Barra do Bugres,MT,532,107,7,93,9,3,3,,2,20,425
5101803,Barra do Garças,MT,822,117,17,66,1,1,30,,,6,705
5101852,Bom Jesus do Araguaia,MT,943,30,3,23,,1,1,1,,1,913
5101902,Brasnorte,MT,935,153,19,111,8,14,6,,,5,782
5102504,Cáceres,MT,3530,484,141,270,31,1,10,3,12,43,3046
5102603,Campinápolis,MT,828,118,2,38,80,2,4,,1,5,710
5102637,Campo Novo do Parecis,MT,263,166,15,126,13,12,16,,1,2,97
5102678,Campo Verde,MT,1165,322,30,163,23,50,11,,4,67,843
5102686,Campos de Júlio,MT,111,82,3,78,1,1,,,,1,29
5102694,Canabrava do Norte,MT,744,44,4,24,,18,1,,,3,700
5102702,Canarana,MT,444,239,15,168,3,78,5,,,2,205
5102793,Carlinda,MT,1329,224,76,90,48,6,7,,11,3,1105
5102850,Castanheira,MT,1438,117,8,103,1,2,,,,7,1321
5103007,Chapada dos Guimarães,MT,1094,182,97,65,8,2,6,1,,12,912
5103056,Cláudia,MT,701,247,74,88,26,4,18,,40,29,454
5103106,Cocalinho,MT,505,110,13,89,1,2,3,,,6,395
5103205,Colíder,MT,1782,204,66,86,33,4,13,1,1,11,1578
5103254,Colniza,MT,3456,75,27,38,,,3,2,,5,3381
5103304,Comodoro,MT,1198,234,65,145,13,5,5,1,,8,964
5103353,Confresa,MT,2299,118,37,69,4,4,6,2,,8,2181
5103361,Conquista D'Oeste,MT,201,91,45,50,,,1,,,10,110
5103379,Cotriguaçu,MT,2041,55,4,34,7,2,4,,,6,1986
5103403,Cuiabá,MT,1505,253,115,109,2,,,,17,23,1252
5103437,Curvelândia,MT,466,17,5,6,5,1,,,,1,449
5103452,Denise,MT,541,11,,9,1,1,1,,4,1,530
5103502,Diamantino,MT,795,307,48,157,16,80,8,,1,10,488
5103601,Dom Aquino,MT,566,188,136,43,2,,1,,,7,378
5103700,Feliz Natal,MT,304,122,24,69,9,22,1,,,2,182
5103809,Figueirópolis D'Oeste,MT,711,275,146,68,83,,3,,,6,436
5103858,Gaúcha do Norte,MT,522,181,26,95,1,71,4,,,4,341
5103908,General Carneiro,MT,353,45,11,32,2,,2,,,1,308
5103957,Glória D'Oeste,MT,343,106,75,17,,,18,,,,237
5104104,Guarantã do Norte,MT,1453,589,50,503,28,4,5,,,4,864
5104203,Guiratinga,MT,632,118,20,82,3,1,4,,2,14,514
5104500,Indiavaí,MT,210,94,26,37,51,7,3,,,,116
5104526,Ipiranga do Norte,MT,167,150,1,67,,52,22,,,20,17
5104542,Itanhangá,MT,1246,339,8,72,53,227,41,,,7,907
5104559,Itaúba,MT,217,104,6,72,2,16,1,,3,13,113
5104609,Itiquira,MT,509,310,153,128,24,10,18,,,15,199
5104807,Jaciara,MT,634,71,17,51,4,2,1,,,2,563
5104906,Jangada,MT,545,80,44,28,,1,3,1,,4,465
5105002,Jauru,MT,966,157,72,31,49,1,2,,,13,809
5105101,Juara,MT,1688,198,18,135,9,20,8,,,12,1490
5105150,Juína,MT,2756,206,52,143,4,1,1,,2,12,2550
5105176,Juruena,MT,1059,36,7,26,1,,,,,2,1023
5105200,Juscimeira,MT,920,174,100,53,20,2,3,,2,10,746
5105234,Lambari D'Oeste,MT,424,69,30,39,1,1,,,,,355
5105259,Lucas do Rio Verde,MT,320,243,35,117,3,48,84,,,,77
5105309,Luciara,MT,218,11,4,7,,,,,,,207
5105507,Vila Bela da Santíssima Trindade,MT,1521,430,53,322,59,10,2,1,19,2,1091
5105580,Marcelândia,MT,910,154,40,98,9,14,8,,2,,756
5105606,Matupá,MT,967,104,15,57,12,13,4,1,,4,863
5105622,Mirassol d'Oeste,MT,1424,125,45,54,2,1,4,16,,6,1299
5105903,Nobres,MT,654,120,35,74,3,4,3,,,4,534
5106000,Nortelândia,MT,445,138,82,40,1,7,1,,7,7,307
5106109,Nossa Senhora do Livramento,MT,1842,233,92,115,3,,,1,22,10,1609
5106158,Nova Bandeirantes,MT,1626,94,36,41,,15,6,,,2,1532
5106174,Nova Nazaré,MT,275,44,9,32,,1,2,,,1,231
5106182,Nova Lacerda,MT,659,37,3,20,3,1,1,,,12,622
5106190,Nova Santa Helena,MT,360,140,24,105,8,11,1,1,,,220
5106208,Nova Brasilândia,MT,409,70,33,36,,1,2,,,,339
5106216,Nova Canaã do Norte,MT,1587,132,38,79,1,14,3,3,,9,1455
5106224,Nova Mutum,MT,661,388,34,245,18,93,15,1,,10,273
5106232,Nova Olímpia,MT,451,61,8,47,2,5,1,,1,1,390
5106240,Nova Ubiratã,MT,723,390,90,193,67,33,26,1,6,10,333
5106257,Nova Xavantina,MT,1362,172,9,134,14,1,4,,9,9,1190
5106265,Novo Mundo,MT,1203,163,11,85,19,10,40,,1,8,1040
5106273,Novo Horizonte do Norte,MT,548,64,20,40,,,1,,,12,484
5106281,Novo São Joaquim,MT,817,121,14,99,1,2,6,,1,6,696
5106299,Paranaíta,MT,1736,122,55,50,4,3,3,,1,6,1614
5106307,Paranatinga,MT,1157,289,40,211,4,14,26,,,9,868
5106315,Novo Santo Antônio,MT,229,22,2,12,2,3,1,1,,2,207
5106372,Pedra Preta,MT,1078,269,105,122,36,22,3,,1,16,809
5106422,Peixoto de Azevedo,MT,1873,136,29,37,67,1,1,1,,1,1737
5106455,Planalto da Serra,MT,253,21,2,15,1,5,,,,,232
5106505,Poconé,MT,2547,200,34,144,6,7,,,1,13,2347
5106653,Pontal do Araguaia,MT,390,65,28,33,,1,2,,,6,325
5106703,Ponte Branca,MT,143,24,19,5,1,,,,,,119
5106752,Pontes e Lacerda,MT,1302,268,61,175,23,2,1,2,3,11,1034
5106778,Porto Alegre do Norte,MT,791,75,8,56,7,6,,,,3,716
5106802,Porto dos Gaúchos,MT,300,95,17,71,,2,6,,,5,205
5106828,Porto Esperidião,MT,1167,240,74,126,39,,5,,2,2,927
5106851,Porto Estrela,MT,316,248,1,175,64,17,2,,94,6,68
5107008,Poxoréu,MT,1623,362,87,251,11,5,4,,2,10,1261
5107040,Primavera do Leste,MT,360,293,58,235,1,3,6,,1,3,67
5107065,Querência,MT,677,266,31,125,2,108,14,1,,24,411
5107107,São José dos Quatro Marcos,MT,1568,216,78,87,57,,2,,4,1,1352
5107156,Reserva do Cabaçal,MT,266,87,66,17,10,,2,,,,179
5107180,Ribeirão Cascalheira,MT,860,124,14,99,5,10,2,,,3,736
5107198,Ribeirãozinho,MT,176,29,4,6,,,2,,,18,147
5107206,Rio Branco,MT,277,27,6,15,4,,,,,2,250
5107248,Santa Carmem,MT,170,108,4,80,23,17,,,,6,62
5107263,Santo Afonso,MT,385,47,3,38,3,1,,,,5,338
5107297,São José do Povo,MT,482,56,15,16,20,2,1,,,5,426
5107305,São José do Rio Claro,MT,708,160,10,127,7,7,18,,,,548
5107354,São José do Xingu,MT,342,48,7,35,,2,,1,,4,294
5107404,São Pedro da Cipa,MT,203,52,15,22,13,1,1,,4,,151
5107578,Rondolândia,MT,462,87,57,28,,2,3,26,,1,375
5107602,Rondonópolis,MT,2341,545,97,379,26,2,12,2,4,42,1796
5107701,Rosário Oeste,MT,1620,121,10,90,4,,3,,,15,1499
5107743,Santa Cruz do Xingu,MT,262,57,7,42,1,5,,,,3,205
5107750,Salto do Céu,MT,594,87,30,29,21,2,,1,1,8,507
5107768,Santa Rita do Trivelato,MT,99,63,,53,,7,3,,,,36
5107776,Santa Terezinha,MT,818,61,21,31,,1,4,,,5,757
5107792,Santo Antônio do Leste,MT,120,67,1,64,,3,3,,,1,53
5107800,Santo Antônio de Leverger,MT,2382,336,83,230,5,4,5,1,1,25,2046
5107859,São Félix do Araguaia,MT,1068,107,20,68,4,10,7,1,,7,961
5107875,Sapezal,MT,134,92,14,70,3,8,13,,,2,42
5107883,Serra Nova Dourada,MT,462,19,6,10,,,,1,,2,443
5107909,Sinop,MT,924,379,74,227,35,20,6,1,18,46,545
5107925,Sorriso,MT,828,580,43,429,30,52,43,2,3,14,248
5107941,Tabaporã,MT,756,185,20,134,10,22,1,,,3,571
5107958,Tangará da Serra,MT,1565,296,74,139,3,72,3,,1,18,1269
5108006,Tapurah,MT,264,215,12,155,6,55,9,,,,49
5108055,Terra Nova do Norte,MT,1428,496,22,186,361,20,1,,,12,932
5108105,Tesouro,MT,258,71,4,66,,2,3,,,4,187
5108204,Torixoréu,MT,465,45,18,32,1,2,,,,9,420
5108303,União do Sul,MT,308,97,35,53,2,2,3,,1,8,211
5108352,Vale de São Domingos,MT,495,70,40,19,8,,1,2,,3,425
5108402,Várzea Grande,MT,693,141,93,40,,1,1,,5,5,552
5108501,Vera,MT,427,233,45,87,17,74,11,,2,9,194
5108600,Vila Rica,MT,1513,129,22,84,1,7,14,1,,8,1384
5108808,Nova Guarita,MT,587,142,,60,71,7,6,1,,5,445
5108857,Nova Marilândia,MT,225,75,6,25,,40,2,,,2,150
5108907,Nova Maringá,MT,288,123,8,90,2,23,13,,,3,165
5108956,Nova Monte Verde,MT,733,131,46,69,2,7,2,,8,2,602
5200050,Abadia de Goiás,GO,177,21,4,17,,,,,,,156
5200100,Abadiânia,GO,995,285,162,126,3,2,2,1,,8,710
5200134,Acreúna,GO,407,255,1,187,150,6,6,,,9,152
5200159,Adelândia,GO,130,7,1,4,1,,,,1,,123
5200175,Água Fria de Goiás,GO,645,138,46,84,1,2,3,,1,8,507
5200209,Água Limpa,GO,344,323,,,,,321,,,2,21
5200258,Águas Lindas de Goiás,GO,32,18,7,10,1,,3,,,,14
5200308,Alexânia,GO,598,99,3,71,8,5,,,,12,499
5200506,Aloândia,GO,170,24,18,5,,,1,,,,146
5200555,Alto Horizonte,GO,223,18,,2,15,,,,,1,205
5200605,Alto Paraíso de Goiás,GO,382,77,31,45,1,,,,,3,305
5200803,Alvorada do Norte,GO,363,147,77,20,48,1,,,,1,216
5200829,Amaralina,GO,634,75,12,60,,,,,,3,559
5200852,Americano do Brasil,GO,201,11,,10,1,,,,,,190
5200902,Amorinópolis,GO,310,32,,14,18,1,1,,,2,278
5201108,Anápolis,GO,1509,261,103,161,3,3,5,3,1,29,1248
5201207,Anhanguera,GO,24,8,,7,1,,,,,,16
5201306,Anicuns,GO,961,117,9,82,6,4,10,,9,2,844
5201405,Aparecida de Goiânia,GO,229,21,4,17,2,1,,,,,208
5201454,Aparecida do Rio Doce,GO,114,46,,34,15,6,,,,,68
5201504,Aporé,GO,275,163,3,66,33,2,67,,,5,112
5201603,Araçu,GO,221,33,6,27,,1,,,,,188
5201702,Aragarças,GO,261,26,9,14,2,1,,,,,235
5201801,Aragoiânia,GO,384,53,12,37,5,2,,,,2,331
5202155,Araguapaz,GO,669,152,90,63,,2,,,,3,517
5202353,Arenópolis,GO,566,48,4,33,8,2,,1,,1,518
5202502,Aruanã,GO,271,54,2,32,1,3,,,,18,217
5202601,Aurilândia,GO,365,7,,2,1,1,,,,3,358
5202809,Avelinópolis,GO,199,12,2,6,3,2,,,,,187
5203104,Baliza,GO,909,75,35,36,,,,2,,3,834
5203203,Barro Alto,GO,383,68,17,47,3,,,,,2,315
5203302,Bela Vista de Goiás,GO,1791,491,42,276,166,30,10,1,1,15,1300
5203401,Bom Jardim de Goiás,GO,769,82,19,53,7,1,1,,,4,687
5203500,Bom Jesus de Goiás,GO,272,126,3,117,5,1,7,,,,146
5203559,Bonfinópolis,GO,197,39,6,29,1,3,3,,1,2,158
5203575,Bonópolis,GO,506,205,128,56,,7,1,1,5,12,301
5203609,Brazabrantes,GO,216,32,8,22,,3,,,,,184
5203807,Britânia,GO,182,73,,29,2,44,2,,,1,109
5203906,Buriti Alegre,GO,361,92,7,59,9,17,1,,13,2,269
5203939,Buriti de Goiás,GO,242,19,4,14,,1,,,,1,223
5203962,Buritinópolis,GO,222,28,15,8,1,,,,,6,194
5204003,Cabeceiras,GO,398,166,147,20,12,,2,,,1,232
5204102,Cachoeira Alta,GO,624,200,6,128,54,4,,,,25,424
5204201,Cachoeira de Goiás,GO,134,3,,,2,,,,,1,131
5204250,Cachoeira Dourada,GO,153,77,6,46,4,4,16,,,3,76
5204300,Caçu,GO,615,342,78,225,108,,,,2,,273
5204409,Caiapônia,GO,1862,288,4,161,166,9,4,,8,45,1574
5204508,Caldas Novas,GO,761,189,4,39,139,17,,,,2,572
5204557,Caldazinha,GO,459,85,43,36,1,2,,,,4,374
5204607,Campestre de Goiás,GO,306,26,6,13,5,2,1,,,,280
5204656,Campinaçu,GO,472,23,7,14,1,,,,,1,449
5204706,Campinorte,GO,574,72,10,50,20,4,1,,,,502
5204805,Campo Alegre de Goiás,GO,406,281,32,214,11,48,,,1,3,125
5204854,Campo Limpo de Goiás,GO,370,100,45,57,3,,,,,1,270
5204904,Campos Belos,GO,353,16,3,10,,,2,,,1,337
5204953,Campos Verdes,GO,173,24,1,16,6,,,,,2,149
5205000,Carmo do Rio Verde,GO,667,15,3,10,1,,,,,1,652
5205059,Castelândia,GO,95,39,2,15,27,2,2,,,4,56
5205109,Catalão,GO,1588,551,10,440,70,43,8,,2,5,1037
5205208,Caturaí,GO,502,90,39,32,6,20,,,,,412
5205307,Cavalcante,GO,1237,52,33,14,,1,1,1,1,2,1185
5205406,Ceres,GO,454,41,11,21,2,,1,1,,5,413
5205455,Cezarina,GO,484,167,41,59,84,5,,,1,3,317
5205471,Chapadão do Céu,GO,106,81,1,69,13,13,3,,,,25
5205497,Cidade Ocidental,GO,156,46,15,28,3,1,1,,1,1,110
5205513,Cocalzinho de Goiás,GO,717,125,30,72,5,1,1,1,2,14,592
5205521,Colinas do Sul,GO,355,34,13,21,,,,,,,321
5205703,Córrego do Ouro,GO,440,20,1,17,,2,,,1,,420
5205802,Corumbá de Goiás,GO,767,76,8,54,2,2,1,2,3,10,691
5205901,Corumbaíba,GO,561,137,7,115,7,2,1,,4,4,424
5206206,Cristalina,GO,1763,428,23,318,53,25,38,2,,5,1335
5206305,Cristianópolis,GO,181,60,5,41,8,6,2,,,,121
5206404,Crixás,GO,1587,200,65,121,6,,1,,,8,1387
5206503,Cromínia,GO,330,17,4,13,2,,,,,,313
5206602,Cumari,GO,243,58,2,47,7,,3,,,1,185
5206701,Damianópolis,GO,338,33,28,6,,,,,,,305
5206800,Damolândia,GO,261,32,10,16,,6,1,,,1,229
5206909,Davinópolis,GO,247,88,2,81,9,,,,,,159
5207105,Diorama,GO,435,54,1,41,13,,,,,3,381
5207253,Doverlândia,GO,997,139,7,83,50,3,3,,1,17,858
5207352,Edealina,GO,353,30,,23,8,,,,,3,323
5207402,Edéia,GO,449,169,2,120,40,5,4,,,2,280
5207501,Estrela do Norte,GO,129,17,9,10,1,,,,,1,112
5207535,Faina,GO,1204,57,8,44,2,3,,,1,2,1147
5207600,Fazenda Nova,GO,926,84,31,39,13,3,2,,,,842
5207808,Firminópolis,GO,636,66,7,34,26,2,1,,,1,570
5207907,Flores de Goiás,GO,1790,123,35,41,41,1,1,,,5,1667
5208004,Formosa,GO,2476,681,418,207,24,9,24,12,4,28,1795
5208103,Formoso,GO,573,56,24,23,5,1,6,1,,,517
5208152,Gameleira de Goiás,GO,533,129,3,83,6,30,9,2,2,6,404
5208301,Divinópolis de Goiás,GO,309,41,18,23,,,,,,,268
5208400,Goianápolis,GO,172,51,25,27,,2,1,,,2,121
5208509,Goiandira,GO,344,84,28,59,4,2,1,,1,1,260
5208608,Goianésia,GO,1052,161,78,66,9,2,5,,1,9,891
5208707,Goiânia,GO,461,141,26,103,1,7,2,1,,8,320
5208806,Goianira,GO,327,92,34,53,,9,,,,2,235
5208905,Goiás,GO,2215,351,57,249,27,14,3,2,4,11,1864
5209101,Goiatuba,GO,725,150,15,95,14,7,31,1,,4,575
5209150,Gouvelândia,GO,147,58,5,40,18,,1,1,,4,89
5209200,Guapó,GO,525,92,38,42,9,,1,,4,2,433
5209291,Guaraíta,GO,353,18,3,9,6,,,,,,335
5209408,Guarani de Goiás,GO,569,60,25,39,1,1,2,,,1,509
5209457,Guarinos,GO,478,22,2,13,6,1,1,,,,456
5209606,Heitoraí,GO,329,100,20,53,19,7,,,,2,229
5209705,Hidrolândia,GO,1013,227,21,134,59,12,1,,,12,786
5209804,Hidrolina,GO,453,213,191,37,,,,,,2,240
5209903,Iaciara,GO,514,118,17,100,,,,,,2,396
5209937,Inaciolândia,GO,160,107,2,96,8,2,,,,1,53
5209952,Indiara,GO,705,272,8,136,170,1,3,,,4,433
5210000,Inhumas,GO,1066,105,32,65,3,9,1,,2,4,961
5210109,Ipameri,GO,1193,293,15,240,12,20,3,,1,17,900
5210158,Ipiranga de Goiás,GO,428,41,6,7,29,1,,,,,387
5210208,Iporá,GO,962,169,29,41,81,15,,,,13,793
5210307,Israelândia,GO,218,28,5,16,4,3,,,,,190
5210406,Itaberaí,GO,1889,512,45,368,66,16,5,1,,17,1377
5210562,Itaguari,GO,277,25,2,22,2,,,,,,252
5210604,Itaguaru,GO,421,16,1,13,1,,,,,1,405
5210802,Itajá,GO,227,50,3,36,7,,3,,,4,177
5210901,Itapaci,GO,698,191,35,149,13,,,,6,2,507
5211008,Itapirapuã,GO,796,213,75,112,13,6,2,2,27,4,583
5211206,Itapuranga,GO,1704,284,50,124,44,47,8,1,6,27,1420
5211305,Itarumã,GO,517,212,34,157,42,3,1,,1,2,305
5211404,Itauçu,GO,519,29,3,17,,6,,,,5,490
5211503,Itumbiara,GO,1114,478,22,387,17,32,18,,2,14,636
5211602,Ivolândia,GO,485,59,2,43,12,,,,,2,426
5211701,Jandaia,GO,678,126,1,12,104,2,6,,,5,552
5211800,Jaraguá,GO,1832,240,8,227,4,,2,,1,4,1592
5211909,Jataí,GO,1906,892,27,517,431,39,9,,4,19,1014
5212006,Jaupaci,GO,192,51,8,12,14,17,,,,4,141
5212055,Jesúpolis,GO,168,12,1,9,1,1,,,,,156
5212105,Joviânia,GO,183,62,2,44,20,2,2,1,,,121
5212204,Jussara,GO,846,196,36,73,47,3,2,3,45,12,650
5212253,Lagoa Santa,GO,113,58,19,41,3,,,,,1,55
5212303,Leopoldo de Bulhões,GO,774,152,13,103,4,8,1,,,27,622
5212501,Luziânia,GO,1485,467,49,295,56,13,4,,8,68,1018
5212600,Mairipotaba,GO,370,45,3,38,3,,,,,3,325
5212709,Mambaí,GO,371,39,24,12,1,,,,,2,332
5212808,Mara Rosa,GO,771,47,6,33,5,4,,,,,724
5212907,Marzagão,GO,159,68,11,42,16,5,2,,,2,91
5212956,Matrinchã,GO,425,92,34,48,1,2,1,4,14,4,333
5213004,Maurilândia,GO,114,20,2,12,10,2,1,,,2,94
5213053,Mimoso de Goiás,GO,453,118,5,113,1,1,1,,,3,335
5213087,Minaçu,GO,1483,73,45,20,2,1,,,,9,1410
5213103,Mineiros,GO,1488,587,11,309,175,119,42,,,8,901
5213400,Moiporá,GO,258,7,2,4,1,,,,,,251
5213509,Monte Alegre de Goiás,GO,980,33,5,24,1,,1,,,2,947
5213707,Montes Claros de Goiás,GO,762,194,8,107,101,1,6,,,5,568
5213756,Montividiu,GO,287,158,1,112,66,13,13,,,9,129
5213772,Montividiu do Norte,GO,686,29,6,20,,2,2,,1,1,657
5213806,Morrinhos,GO,2165,1067,44,299,581,29,158,1,42,23,1098
5213855,Morro Agudo de Goiás,GO,314,41,8,27,5,1,1,,,7,273
5213905,Mossâmedes,GO,584,96,12,79,4,2,1,,,3,488
5214002,Mozarlândia,GO,427,181,,171,1,11,,,1,,246
5214051,Mundo Novo,GO,820,105,25,55,2,5,1,,9,15,715
5214101,Mutunópolis,GO,438,112,54,48,,1,,,,10,326
5214408,Nazário,GO,196,25,2,18,6,,1,,,,171
5214507,Nerópolis,GO,305,61,27,24,,,3,3,,14,244
5214606,Niquelândia,GO,2032,262,155,91,7,3,3,,1,11,1770
5214705,Nova América,GO,260,28,,5,20,1,,,,2,232
5214804,Nova Aurora,GO,139,66,3,56,1,4,1,,,1,73
5214838,Nova Crixás,GO,861,116,3,81,8,23,7,2,1,4,745
5214861,Nova Glória,GO,514,45,14,25,1,4,,,,1,469
5214879,Nova Iguaçu de Goiás,GO,297,36,10,20,9,,,,,,261
5214903,Nova Roma,GO,514,103,61,41,,1,,1,,1,411
5215009,Nova Veneza,GO,449,49,20,21,,2,5,,,1,400
5215207,Novo Brasil,GO,460,52,3,36,11,4,1,,2,3,408
5215231,Novo Gama,GO,79,11,7,4,,,,,,1,68
5215256,Novo Planalto,GO,386,53,3,49,,1,2,,,,333
5215306,Orizona,GO,2150,457,13,371,22,51,8,,6,4,1693
5215405,Ouro Verde de Goiás,GO,499,95,24,63,,5,6,,,,404
5215504,Ouvidor,GO,242,39,9,14,9,3,1,,,5,203
5215603,Padre Bernardo,GO,2068,383,158,310,2,3,2,2,,11,1685
5215652,Palestina de Goiás,GO,496,79,16,28,40,1,,2,,1,417
5215702,Palmeiras de Goiás,GO,1510,364,35,225,140,12,4,,,11,1146
5215801,Palmelo,GO,61,20,1,13,,3,5,,,,41
5215900,Palminópolis,GO,509,183,5,90,130,,,,,1,326
5216007,Panamá,GO,210,34,,14,19,1,,,,,176
5216304,Paranaiguara,GO,279,63,7,56,2,,,,,,216
5216403,Paraúna,GO,755,322,3,167,149,14,56,,,4,433
5216452,Perolândia,GO,201,135,16,52,14,65,7,,,1,66
5216809,Petrolina de Goiás,GO,955,218,18,170,16,6,,,6,6,737
5216908,Pilar de Goiás,GO,554,25,,18,2,,,,2,3,529
5217104,Piracanjuba,GO,2135,1059,18,227,873,33,5,1,3,14,1076
5217203,Piranhas,GO,998,125,4,83,38,2,4,1,,4,873
5217302,Pirenópolis,GO,2021,304,25,273,1,1,1,,5,9,1717
5217401,Pires do Rio,GO,675,162,17,92,6,46,6,,,2,513
5217609,Planaltina,GO,1334,283,134,114,13,11,10,,5,9,1051
5217708,Pontalina,GO,1028,160,9,116,33,1,3,,,3,868
5218003,Porangatu,GO,1925,294,29,228,9,12,6,1,4,15,1631
5218052,Porteirão,GO,44,35,3,18,5,8,8,,,1,9
5218102,Portelândia,GO,277,104,7,19,19,20,51,,,1,173
5218300,Posse,GO,1453,88,23,64,1,,1,,,5,1365
5218391,Professor Jamil,GO,295,51,9,17,25,1,1,,,1,244
5218508,Quirinópolis,GO,1231,280,8,177,101,2,4,1,1,9,951
5218607,Rialma,GO,239,22,10,9,2,,,,,2,217
5218706,Rianápolis,GO,177,9,2,4,5,,,,,,168
5218789,Rio Quente,GO,366,199,,171,40,,,,,,167
5218805,Rio Verde,GO,2970,1503,48,592,748,344,44,6,5,29,1467
5218904,Rubiataba,GO,871,138,20,34,80,1,3,2,,5,733
5219001,Sanclerlândia,GO,494,20,,16,2,,,,2,,474
5219100,Santa Bárbara de Goiás,GO,158,55,44,8,4,1,1,,,4,103
5219209,Santa Cruz de Goiás,GO,666,170,24,104,14,24,5,,,11,496
5219258,Santa Fé de Goiás,GO,300,45,3,36,8,1,,,,1,255
5219308,Santa Helena de Goiás,GO,563,283,3,189,126,6,5,,,13,280
5219357,Santa Isabel,GO,516,65,25,34,1,5,1,,,5,451
5219407,Santa Rita do Araguaia,GO,243,75,15,38,16,1,2,,,6,168
5219456,Santa Rita do Novo Destino,GO,467,36,3,26,3,4,2,,,,431
5219506,Santa Rosa de Goiás,GO,255,167,1,163,1,3,,,,1,88
5219605,Santa Tereza de Goiás,GO,165,47,1,40,,1,2,,,4,118
5219704,Santa Terezinha de Goiás,GO,651,144,13,119,5,,1,,,11,507
5219712,Santo Antônio da Barra,GO,173,97,4,52,48,7,,1,,,76
5219738,Santo Antônio de Goiás,GO,128,55,10,48,,1,2,,,,73
5219753,Santo Antônio do Descoberto,GO,583,25,4,19,,1,,,1,1,558
5219803,São Domingos,GO,1112,111,79,32,,,,,,2,1001
5219902,São Francisco de Goiás,GO,628,45,4,33,6,1,,,,1,583
5220009,São João d'Aliança,GO,1086,185,87,62,2,18,3,,,16,901
5220058,São João da Paraúna,GO,179,71,1,7,67,,,,,,108
5220108,São Luís de Montes Belos,GO,1210,180,59,85,3,19,3,,3,13,1030
5220157,São Luiz do Norte,GO,258,61,45,19,,,,,,1,197
5220207,São Miguel do Araguaia,GO,1083,304,146,124,,10,3,,2,23,779
5220264,São Miguel do Passa Quatro,GO,585,96,13,57,22,2,,,1,6,489
5220280,São Patrício,GO,291,24,2,14,6,,2,,,1,267
5220405,São Simão,GO,83,36,9,20,7,,,,,,47
5220454,Senador Canedo,GO,208,58,7,42,2,1,,,,7,150
5220504,Serranópolis,GO,494,294,5,192,130,7,6,,,2,200
5220603,Silvânia,GO,2091,775,63,415,215,89,15,2,12,34,1316
5220686,Simolândia,GO,402,86,70,15,,,,,,1,316
5220702,Sítio d'Abadia,GO,440,27,3,19,2,1,,,,2,413
5221007,Taquaral de Goiás,GO,296,32,16,11,5,2,2,,,,264
5221080,Teresina de Goiás,GO,163,19,15,5,,,,,,,144
5221197,Terezópolis de Goiás,GO,105,14,5,9,1,,,,,,91
5221304,Três Ranchos,GO,147,11,,4,2,2,,,,3,136
5221403,Trindade,GO,720,119,19,86,,3,1,,,13,601
5221452,Trombas,GO,504,90,25,64,1,,,,,,414
5221502,Turvânia,GO,429,23,,13,9,1,,,,,406
5221551,Turvelândia,GO,195,59,3,24,30,4,2,1,,5,136
5221577,Uirapuru,GO,410,46,17,22,1,4,1,,,3,364
5221601,Uruaçu,GO,937,121,13,88,8,7,8,1,1,3,816
5221700,Uruana,GO,727,244,11,229,9,1,,4,15,92,483
5221809,Urutaí,GO,383,69,2,38,1,29,5,,,2,314
5221858,Valparaíso de Goiás,GO,6,1,,1,,,,,,,5
5221908,Varjão,GO,502,50,6,11,33,,1,,,1,452
5222005,Vianópolis,GO,843,312,11,222,69,9,7,,,15,531
5222054,Vicentinópolis,GO,158,61,2,56,1,1,1,,,1,97
5222203,Vila Boa,GO,149,50,9,35,6,,,,,,99
5222302,Vila Propício,GO,854,115,15,91,2,8,2,,,,739
5300108,Brasília,DF,5240,4031,3566,417,218,162,35,7,88,42,1209
