ibge7,municipio,uf,estabelecimentos_total,estabelecimentos_agricultura_familiar
1100015,Alta Floresta D'Oeste,RO,2886,2256
1100023,Ariquemes,RO,2928,2317
1100031,Cabixi,RO,1075,839
1100049,Cacoal,RO,3814,3363
1100056,Cerejeiras,RO,719,502
1100064,Colorado do Oeste,RO,1674,1408
1100072,Corumbiara,RO,1489,1168
1100080,Costa Marques,RO,1500,1034
1100098,Espigão D'Oeste,RO,2000,1467
1100106,Guajará-Mirim,RO,602,500
1100114,Jaru,RO,3548,3099
1100122,Ji-Paraná,RO,2544,1990
1100130,Machadinho D'Oeste,RO,4272,3864
1100148,Nova Brasilândia D'Oeste,RO,3010,2658
1100155,Ouro Preto do Oeste,RO,2159,1661
1100189,Pimenta Bueno,RO,1241,904
1100205,Porto Velho,RO,5177,3770
1100254,Presidente Médici,RO,2105,1666
1100262,Rio Crespo,RO,492,325
1100288,Rolim de Moura,RO,2038,1639
1100296,Santa Luzia D'Oeste,RO,1023,871
1100304,Vilhena,RO,1580,1130
1100320,São Miguel do Guaporé,RO,2487,2116
1100338,Nova Mamoré,RO,2117,1902
1100346,Alvorada D'Oeste,RO,1825,1504
1100379,Alto Alegre dos Parecis,RO,1975,1556
1100403,Alto Paraíso,RO,2619,2234
1100452,Buritis,RO,2830,2365
1100502,Novo Horizonte do Oeste,RO,1347,1111
1100601,Cacaulândia,RO,903,547
1100700,Campo Novo de Rondônia,RO,1918,1674
1100809,Candeias do Jamari,RO,1240,934
1100908,Castanheiras,RO,577,452
1100924,Chupinguaia,RO,1045,685
1100940,Cujubim,RO,1897,1403
1101005,Governador Jorge Teixeira,RO,1693,1560
1101104,Itapuã do Oeste,RO,764,622
1101203,Ministro Andreazza,RO,1201,978
1101302,Mirante da Serra,RO,1242,1007
1101401,Monte Negro,RO,1554,1257
1101435,Nova União,RO,1387,1084
1101450,Parecis,RO,642,528
1101468,Pimenteiras do Oeste,RO,304,170
1101476,Primavera de Rondônia,RO,401,308
1101484,São Felipe D'Oeste,RO,797,661
1101492,São Francisco do Guaporé,RO,1950,1547
1101500,Seringueiras,RO,1677,1438
1101559,Teixeirópolis,RO,738,626
1101609,Theobroma,RO,2160,1913
1101708,Urupá,RO,1623,1479
1101757,Vale do Anari,RO,1707,1478
1101807,Vale do Paraíso,RO,942,759
1200013,Acrelândia,AC,1462,1228
1200054,Assis Brasil,AC,523,476
1200104,Brasiléia,AC,2100,1755
1200138,Bujari,AC,1404,1107
1200179,Capixaba,AC,1289,1113
1200203,Cruzeiro do Sul,AC,3264,2842
1200252,Epitaciolândia,AC,1454,1286
1200302,Feijó,AC,2968,2590
1200328,Jordão,AC,484,460
1200336,Mâncio Lima,AC,1088,951
1200344,Manoel Urbano,AC,645,526
1200351,Marechal Thaumaturgo,AC,1677,1503
1200385,Plácido de Castro,AC,1346,1064
1200393,Porto Walter,AC,1116,1058
1200401,Rio Branco,AC,4106,3074
1200427,Rodrigues Alves,AC,1292,1168
1200435,Santa Rosa do Purus,AC,632,499
1200450,Senador Guiomard,AC,1454,1079
1200500,Sena Madureira,AC,2682,2123
1200609,Tarauacá,AC,2904,2541
1200708,Xapuri,AC,1887,1484
1200807,Porto Acre,AC,1579,1182
1300029,Alvarães,AM,1002,936
1300060,Amaturá,AM,538,501
1300086,Anamã,AM,622,536
1300102,Anori,AM,749,685
1300144,Apuí,AM,1091,752
1300201,Atalaia do Norte,AM,1252,1197
1300300,Autazes,AM,2583,2058
1300409,Barcelos,AM,932,869
1300508,Barreirinha,AM,1579,1501
1300607,Benjamin Constant,AM,1210,1165
1300631,Beruri,AM,1017,934
1300680,Boa Vista do Ramos,AM,1119,886
1300706,Boca do Acre,AM,3373,3086
1300805,Borba,AM,1732,1598
1300839,Caapiranga,AM,213,183
1300904,Canutama,AM,1029,720
1301001,Carauari,AM,1505,1301
1301100,Careiro,AM,2291,1873
1301159,Careiro da Várzea,AM,1842,1601
1301209,Coari,AM,2173,2038
1301308,Codajás,AM,1130,988
1301407,Eirunepé,AM,1052,1008
1301506,Envira,AM,1028,661
1301605,Fonte Boa,AM,881,824
1301654,Guajará,AM,948,855
1301704,Humaitá,AM,768,650
1301803,Ipixuna,AM,1099,886
1301852,Iranduba,AM,1399,1108
1301902,Itacoatiara,AM,2442,2076
1301951,Itamarati,AM,913,789
1302009,Itapiranga,AM,226,217
1302108,Japurá,AM,302,248
1302207,Juruá,AM,836,743
1302306,Jutaí,AM,1100,1035
1302405,Lábrea,AM,2461,2126
1302504,Manacapuru,AM,2357,2091
1302553,Manaquiri,AM,1281,1228
1302603,Manaus,AM,1943,1208
1302702,Manicoré,AM,2650,2307
1302801,Maraã,AM,725,679
1302900,Maués,AM,1779,1495
1303007,Nhamundá,AM,1316,1178
1303106,Nova Olinda do Norte,AM,1392,1231
1303205,Novo Airão,AM,241,209
1303304,Novo Aripuanã,AM,1006,888
1303403,Parintins,AM,2742,2426
1303502,Pauini,AM,1410,1346
1303536,Presidente Figueiredo,AM,1769,1347
1303569,Rio Preto da Eva,AM,1004,719
1303601,Santa Isabel do Rio Negro,AM,1149,1085
1303700,Santo Antônio do Içá,AM,754,628
1303809,São Gabriel da Cachoeira,AM,3928,3736
1303908,São Paulo de Olivença,AM,1052,1009
1303957,São Sebastião do Uatumã,AM,408,316
1304005,Silves,AM,502,443
1304062,Tabatinga,AM,1889,1614
1304104,Tapauá,AM,1089,1027
1304203,Tefé,AM,1826,1541
1304237,Tonantins,AM,367,350
1304260,Uarini,AM,803,786
1304302,Urucará,AM,609,500
1304401,Urucurituba,AM,531,337
1400027,Amajari,RR,1412,1054
1400050,Alto Alegre,RR,1364,1041
1400100,Boa Vista,RR,1295,910
1400159,Bonfim,RR,989,732
1400175,Cantá,RR,2309,1726
1400209,Caracaraí,RR,1199,986
1400233,Caroebe,RR,941,781
1400282,Iracema,RR,701,531
1400308,Mucajaí,RR,1045,799
1400407,Normandia,RR,982,698
1400456,Pacaraima,RR,353,287
1400472,Rorainópolis,RR,1919,1449
1400506,São João da Baliza,RR,514,417
1400605,São Luiz do Anauá,RR,481,392
1400704,Uiramutã,RR,1342,1300
1500107,Abaetetuba,PA,9410,7962
1500131,Abel Figueiredo,PA,186,158
1500206,Acará,PA,6373,6001
1500305,Afuá,PA,4296,4153
1500347,Água Azul do Norte,PA,1614,1160
1500404,Alenquer,PA,4940,3891
1500503,Almeirim,PA,1093,831
1500602,Altamira,PA,3896,2708
1500701,Anajás,PA,1666,1570
1500800,Ananindeua,PA,287,241
1500859,Anapu,PA,2403,1888
1500909,Augusto Corrêa,PA,3531,3202
1500958,Aurora do Pará,PA,2364,2225
1501006,Aveiro,PA,1151,1082
1501105,Bagre,PA,1468,1434
1501204,Baião,PA,2820,2483
1501253,Bannach,PA,491,347
1501303,Barcarena,PA,3120,2972
1501402,Belém,PA,601,534
1501451,Belterra,PA,506,390
1501501,Benevides,PA,211,187
1501576,Bom Jesus do Tocantins,PA,1294,1017
1501600,Bonito,PA,1086,905
1501709,Bragança,PA,4538,3803
1501725,Brasil Novo,PA,1855,1411
1501758,Brejo Grande do Araguaia,PA,608,508
1501782,Breu Branco,PA,2490,2064
1501808,Breves,PA,5082,4910
1501907,Bujaru,PA,2955,2804
1501956,Cachoeira do Piriá,PA,2028,1932
1502004,Cachoeira do Arari,PA,816,693
1502103,Cametá,PA,12889,11893
1502152,Canaã dos Carajás,PA,1148,870
1502202,Capanema,PA,920,814
1502301,Capitão Poço,PA,2418,2203
1502400,Castanhal,PA,1117,827
1502509,Chaves,PA,1722,1434
1502608,Colares,PA,465,431
1502707,Conceição do Araguaia,PA,3388,2832
1502756,Concórdia do Pará,PA,1183,1027
1502764,Cumaru do Norte,PA,787,619
1502772,Curionópolis,PA,312,193
1502806,Curralinho,PA,2941,2837
1502855,Curuá,PA,495,374
1502905,Curuçá,PA,567,483
1502939,Dom Eliseu,PA,567,372
1502954,Eldorado do Carajás,PA,2600,2236
1503002,Faro,PA,103,86
1503044,Floresta do Araguaia,PA,1276,1098
1503077,Garrafão do Norte,PA,2211,2065
1503093,Goianésia do Pará,PA,1357,1023
1503101,Gurupá,PA,1346,1303
1503200,Igarapé-Açu,PA,2126,1712
1503309,Igarapé-Miri,PA,3863,3621
1503408,Inhangapi,PA,534,464
1503457,Ipixuna do Pará,PA,2151,1796
1503507,Irituia,PA,2356,2046
1503606,Itaituba,PA,1597,1167
1503705,Itupiranga,PA,3318,2711
1503754,Jacareacanga,PA,434,293
1503804,Jacundá,PA,731,607
1503903,Juruti,PA,1486,1277
1504000,Limoeiro do Ajuru,PA,3813,3527
1504059,Mãe do Rio,PA,802,688
1504109,Magalhães Barata,PA,441,338
1504208,Marabá,PA,5305,4252
1504307,Maracanã,PA,1756,1470
1504406,Marapanim,PA,911,774
1504422,Marituba,PA,51,44
1504455,Medicilândia,PA,3457,2636
1504505,Melgaço,PA,1759,1694
1504604,Mocajuba,PA,1480,1335
1504703,Moju,PA,5831,5253
1504752,Mojuí dos Campos,PA,1575,1389
1504802,Monte Alegre,PA,4225,3525
1504901,Muaná,PA,2484,2347
1504950,Nova Esperança do Piriá,PA,1378,1275
1504976,Nova Ipixuna,PA,1428,1169
1505007,Nova Timboteua,PA,906,755
1505031,Novo Progresso,PA,1318,707
1505064,Novo Repartimento,PA,5424,4308
1505106,Óbidos,PA,2780,2168
1505205,Oeiras do Pará,PA,3725,3619
1505304,Oriximiná,PA,2440,2253
1505403,Ourém,PA,1159,1049
1505437,Ourilândia do Norte,PA,1207,723
1505486,Pacajá,PA,4422,3569
1505494,Palestina do Pará,PA,433,355
1505502,Paragominas,PA,1446,914
1505536,Parauapebas,PA,1297,906
1505551,Pau D'Arco,PA,570,457
1505601,Peixe-Boi,PA,718,652
1505635,Piçarra,PA,1334,1099
1505650,Placas,PA,2722,2422
1505700,Ponta de Pedras,PA,2841,2676
1505809,Portel,PA,2348,2256
1505908,Porto de Moz,PA,1584,1305
1506005,Prainha,PA,1211,989
1506104,Primavera,PA,388,380
1506112,Quatipuru,PA,151,123
1506138,Redenção,PA,986,667
1506161,Rio Maria,PA,1064,590
1506187,Rondon do Pará,PA,1850,1402
1506195,Rurópolis,PA,2660,2099
1506203,Salinópolis,PA,210,177
1506302,Salvaterra,PA,344,277
1506351,Santa Bárbara do Pará,PA,447,429
1506401,Santa Cruz do Arari,PA,175,131
1506500,Santa Izabel do Pará,PA,1213,1046
1506559,Santa Luzia do Pará,PA,1131,946
1506583,Santa Maria das Barreiras,PA,2788,1931
1506609,Santa Maria do Pará,PA,1217,1050
1506708,Santana do Araguaia,PA,2051,1649
1506807,Santarém,PA,7379,6264
1506906,Santarém Novo,PA,233,215
1507003,Santo Antônio do Tauá,PA,883,749
1507102,São Caetano de Odivelas,PA,626,526
1507151,São Domingos do Araguaia,PA,1016,807
1507201,São Domingos do Capim,PA,3151,2956
1507300,São Félix do Xingu,PA,6375,4876
1507409,São Francisco do Pará,PA,686,582
1507458,São Geraldo do Araguaia,PA,1213,944
1507466,São João da Ponta,PA,181,132
1507474,São João de Pirabas,PA,521,401
1507508,São João do Araguaia,PA,1220,1018
1507607,São Miguel do Guamá,PA,2250,2045
1507706,São Sebastião da Boa Vista,PA,2382,2078
1507755,Sapucaia,PA,236,182
1507805,Senador José Porfírio,PA,2224,1958
1507904,Soure,PA,120,52
1507953,Tailândia,PA,939,634
1507961,Terra Alta,PA,104,101
1507979,Terra Santa,PA,572,449
1508001,Tomé-Açu,PA,3050,2668
1508035,Tracuateua,PA,3072,2746
1508050,Trairão,PA,726,597
1508084,Tucumã,PA,1869,1432
1508100,Tucuruí,PA,1410,1007
1508126,Ulianópolis,PA,1246,894
1508159,Uruará,PA,3993,3356
1508209,Vigia,PA,945,842
1508308,Viseu,PA,4241,3780
1508357,Vitória do Xingu,PA,1075,755
1508407,Xinguara,PA,918,716
1600055,Serra do Navio,AP,114,61
1600105,Amapá,AP,223,169
1600154,Pedra Branca do Amapari,AP,594,528
1600204,Calçoene,AP,213,158
1600212,Cutias,AP,182,138
1600238,Ferreira Gomes,AP,226,138
1600253,Itaubal,AP,215,189
1600279,Laranjal do Jari,AP,427,399
1600303,Macapá,AP,1828,1553
1600402,Mazagão,AP,1169,1023
1600501,Oiapoque,AP,1136,907
1600535,Porto Grande,AP,739,642
1600550,Pracuúba,AP,145,104
1600600,Santana,AP,705,545
1600709,Tartarugalzinho,AP,327,211
1600808,Vitória do Jari,AP,264,219
1700251,Abreulândia,TO,388,196
1700301,Aguiarnópolis,TO,169,127
1700350,Aliança do Tocantins,TO,330,185
1700400,Almas,TO,353,236
1700707,Alvorada,TO,163,70
1701002,Ananás,TO,374,291
1701051,Angico,TO,158,135
1701101,Aparecida do Rio Negro,TO,278,165
1701309,Aragominas,TO,670,603
1701903,Araguacema,TO,959,747
1702000,Araguaçu,TO,946,611
1702109,Araguaína,TO,1055,753
1702158,Araguanã,TO,145,111
1702208,Araguatins,TO,2114,1695
1702307,Arapoema,TO,246,166
1702406,Arraias,TO,866,455
1702554,Augustinópolis,TO,421,365
1702703,Aurora do Tocantins,TO,204,173
1702901,Axixá do Tocantins,TO,152,128
1703008,Babaçulândia,TO,1030,950
1703057,Bandeirantes do Tocantins,TO,212,97
1703073,Barra do Ouro,TO,252,204
1703107,Barrolândia,TO,240,187
1703206,Bernardo Sayão,TO,577,512
1703305,Bom Jesus do Tocantins,TO,243,150
1703602,Brasilândia do Tocantins,TO,137,70
1703701,Brejinho de Nazaré,TO,423,287
1703800,Buriti do Tocantins,TO,214,184
1703826,Cachoeirinha,TO,201,192
1703842,Campos Lindos,TO,655,510
1703867,Cariri do Tocantins,TO,376,207
1703883,Carmolândia,TO,94,60
1703891,Carrasco Bonito,TO,185,153
1703909,Caseara,TO,461,422
1704105,Centenário,TO,340,157
1704600,Chapada de Areia,TO,218,134
1705102,Chapada da Natividade,TO,396,313
1705508,Colinas do Tocantins,TO,386,207
1705557,Combinado,TO,188,174
1705607,Conceição do Tocantins,TO,340,208
1706001,Couto Magalhães,TO,765,570
1706100,Cristalândia,TO,483,314
1706258,Crixás do Tocantins,TO,175,104
1706506,Darcinópolis,TO,294,240
1707009,Dianópolis,TO,453,317
1707108,Divinópolis do Tocantins,TO,722,503
1707207,Dois Irmãos do Tocantins,TO,1157,687
1707306,Dueré,TO,497,228
1707405,Esperantina,TO,460,403
1707553,Fátima,TO,215,139
1707652,Figueirópolis,TO,449,290
1707702,Filadélfia,TO,697,555
1708205,Formoso do Araguaia,TO,1102,717
1708254,Tabocão,TO,106,69
1708304,Goianorte,TO,698,578
1709005,Goiatins,TO,909,749
1709302,Guaraí,TO,678,496
1709500,Gurupi,TO,626,387
1709807,Ipueiras,TO,171,101
1710508,Itacajá,TO,547,427
1710706,Itaguatins,TO,475,375
1710904,Itapiratins,TO,494,378
1711100,Itaporã do Tocantins,TO,283,193
1711506,Jaú do Tocantins,TO,624,503
1711803,Juarina,TO,313,266
1711902,Lagoa da Confusão,TO,490,340
1711951,Lagoa do Tocantins,TO,399,242
1712009,Lajeado,TO,125,79
1712157,Lavandeira,TO,181,10
1712405,Lizarda,TO,535,162
1712454,Luzinópolis,TO,215,198
1712504,Marianópolis do Tocantins,TO,670,550
1712702,Mateiros,TO,216,183
1712801,Maurilândia do Tocantins,TO,304,174
1713205,Miracema do Tocantins,TO,783,551
1713304,Miranorte,TO,504,397
1713601,Monte do Carmo,TO,832,459
1713700,Monte Santo do Tocantins,TO,389,234
1713809,Palmeiras do Tocantins,TO,546,466
1713957,Muricilândia,TO,246,184
1714203,Natividade,TO,359,218
1714302,Nazaré,TO,187,144
1714880,Nova Olinda,TO,719,567
1715002,Nova Rosalândia,TO,300,215
1715101,Novo Acordo,TO,197,108
1715150,Novo Alegre,TO,107,19
1715259,Novo Jardim,TO,174,98
1715507,Oliveira de Fátima,TO,82,20
1715705,Palmeirante,TO,724,561
1715754,Palmeirópolis,TO,570,375
1716109,Paraíso do Tocantins,TO,624,458
1716208,Paranã,TO,1469,837
1716307,Pau D'Arco,TO,421,332
1716505,Pedro Afonso,TO,376,227
1716604,Peixe,TO,889,528
1716653,Pequizeiro,TO,786,703
1716703,Colméia,TO,693,587
1717008,Pindorama do Tocantins,TO,791,503
1717206,Piraquê,TO,430,350
1717503,Pium,TO,599,322
1717800,Ponte Alta do Bom Jesus,TO,372,298
1717909,Ponte Alta do Tocantins,TO,774,353
1718006,Porto Alegre do Tocantins,TO,146,96
1718204,Porto Nacional,TO,1730,1250
1718303,Praia Norte,TO,190,171
1718402,Presidente Kennedy,TO,165,131
1718451,Pugmil,TO,161,115
1718501,Recursolândia,TO,404,263
1718550,Riachinho,TO,490,457
1718659,Rio da Conceição,TO,26,20
1718709,Rio dos Bois,TO,375,321
1718758,Rio Sono,TO,1197,725
1718808,Sampaio,TO,330,274
1718840,Sandolândia,TO,419,265
1718865,Santa Fé do Araguaia,TO,315,221
1718881,Santa Maria do Tocantins,TO,413,291
1718899,Santa Rita do Tocantins,TO,460,282
1718907,Santa Rosa do Tocantins,TO,540,341
1719004,Santa Tereza do Tocantins,TO,287,236
1720002,Santa Terezinha do Tocantins,TO,128,97
1720101,São Bento do Tocantins,TO,399,336
1720150,São Félix do Tocantins,TO,134,110
1720200,São Miguel do Tocantins,TO,280,214
1720259,São Salvador do Tocantins,TO,305,164
1720309,São Sebastião do Tocantins,TO,277,243
1720499,São Valério,TO,473,325
1720655,Silvanópolis,TO,366,228
1720804,Sítio Novo do Tocantins,TO,323,295
1720853,Sucupira,TO,144,66
1720903,Taguatinga,TO,764,596
1720937,Taipas do Tocantins,TO,98,61
1720978,Talismã,TO,331,199
1721000,Palmas,TO,1233,782
1721109,Tocantínia,TO,690,403
1721208,Tocantinópolis,TO,220,155
1721257,Tupirama,TO,142,90
1721307,Tupiratins,TO,275,204
1722081,Wanderlândia,TO,484,352
1722107,Xambioá,TO,464,345
2100055,Açailândia,MA,1617,1172
2100105,Afonso Cunha,MA,280,261
2100154,Água Doce do Maranhão,MA,790,693
2100204,Alcântara,MA,1570,1477
2100303,Aldeias Altas,MA,1362,1158
2100402,Altamira do Maranhão,MA,413,333
2100436,Alto Alegre do Maranhão,MA,209,159
2100477,Alto Alegre do Pindaré,MA,747,598
2100501,Alto Parnaíba,MA,447,324
2100550,Amapá do Maranhão,MA,210,189
2100600,Amarante do Maranhão,MA,2305,1951
2100709,Anajatuba,MA,1662,1529
2100808,Anapurus,MA,1114,1048
2100832,Apicum-Açu,MA,173,130
2100873,Araguanã,MA,529,429
2100907,Araioses,MA,2266,2118
2100956,Arame,MA,1402,1188
2101004,Arari,MA,1260,1030
2101103,Axixá,MA,695,523
2101202,Bacabal,MA,1964,1577
2101251,Bacabeira,MA,166,121
2101301,Bacuri,MA,437,376
2101350,Bacurituba,MA,416,408
2101400,Balsas,MA,1488,963
2101509,Barão de Grajaú,MA,872,718
2101608,Barra do Corda,MA,2459,2058
2101707,Barreirinhas,MA,2457,2096
2101731,Belágua,MA,892,873
2101772,Bela Vista do Maranhão,MA,201,124
2101806,Benedito Leite,MA,363,276
2101905,Bequimão,MA,2009,1745
2101939,Bernardo do Mearim,MA,456,443
2101970,Boa Vista do Gurupi,MA,188,165
2102002,Bom Jardim,MA,1044,830
2102036,Bom Jesus das Selvas,MA,781,659
2102077,Bom Lugar,MA,900,749
2102101,Brejo,MA,2416,2244
2102150,Brejo de Areia,MA,697,520
2102200,Buriti,MA,2946,2771
2102309,Buriti Bravo,MA,899,792
2102325,Buriticupu,MA,837,718
2102358,Buritirana,MA,588,411
2102374,Cachoeira Grande,MA,904,841
2102408,Cajapió,MA,781,688
2102507,Cajari,MA,2149,1839
2102556,Campestre do Maranhão,MA,207,165
2102606,Cândido Mendes,MA,433,402
2102705,Cantanhede,MA,1369,1197
2102754,Capinzal do Norte,MA,746,645
2102804,Carolina,MA,1253,873
2102903,Carutapera,MA,379,330
2103000,Caxias,MA,4567,3780
2103109,Cedral,MA,401,390
2103125,Central do Maranhão,MA,367,359
2103158,Centro do Guilherme,MA,425,406
2103174,Centro Novo do Maranhão,MA,536,430
2103208,Chapadinha,MA,4314,3833
2103257,Cidelândia,MA,816,593
2103307,Codó,MA,4808,4473
2103406,Coelho Neto,MA,974,858
2103505,Colinas,MA,1198,1106
2103554,Conceição do Lago-Açu,MA,484,373
2103604,Coroatá,MA,2826,2704
2103703,Cururupu,MA,443,404
2103752,Davinópolis,MA,214,119
2103802,Dom Pedro,MA,631,436
2103901,Duque Bacelar,MA,263,253
2104008,Esperantinópolis,MA,1423,1157
2104057,Estreito,MA,1327,1064
2104073,Feira Nova do Maranhão,MA,1019,804
2104081,Fernando Falcão,MA,758,640
2104099,Formosa da Serra Negra,MA,1949,1758
2104107,Fortaleza dos Nogueiras,MA,1088,858
2104206,Fortuna,MA,317,289
2104305,Godofredo Viana,MA,226,167
2104404,Gonçalves Dias,MA,1023,804
2104503,Governador Archer,MA,410,307
2104552,Governador Edison Lobão,MA,314,175
2104602,Governador Eugênio Barros,MA,1114,943
2104628,Governador Luiz Rocha,MA,179,122
2104651,Governador Newton Bello,MA,315,211
2104677,Governador Nunes Freire,MA,550,434
2104701,Graça Aranha,MA,459,390
2104800,Grajaú,MA,3216,2435
2104909,Guimarães,MA,449,389
2105005,Humberto de Campos,MA,853,783
2105104,Icatu,MA,1429,1228
2105153,Igarapé do Meio,MA,361,295
2105203,Igarapé Grande,MA,661,603
2105302,Imperatriz,MA,709,468
2105351,Itaipava do Grajaú,MA,799,684
2105401,Itapecuru Mirim,MA,2131,2014
2105427,Itinga do Maranhão,MA,655,485
2105450,Jatobá,MA,528,498
2105476,Jenipapo dos Vieiras,MA,932,838
2105500,João Lisboa,MA,679,500
2105609,Joselândia,MA,1146,1098
2105658,Junco do Maranhão,MA,195,156
2105708,Lago da Pedra,MA,1010,768
2105807,Lago do Junco,MA,674,612
2105906,Lago Verde,MA,615,497
2105922,Lagoa do Mato,MA,1012,856
2105948,Lago dos Rodrigues,MA,496,459
2105963,Lagoa Grande do Maranhão,MA,595,514
2105989,Lajeado Novo,MA,691,602
2106003,Lima Campos,MA,719,620
2106102,Loreto,MA,579,434
2106201,Luís Domingues,MA,273,231
2106300,Magalhães de Almeida,MA,930,605
2106326,Maracaçumé,MA,197,169
2106359,Marajá do Sena,MA,382,315
2106375,Maranhãozinho,MA,427,332
2106409,Mata Roma,MA,1074,971
2106508,Matinha,MA,2012,1380
2106607,Matões,MA,2280,1834
2106631,Matões do Norte,MA,595,525
2106672,Milagres do Maranhão,MA,1183,1060
2106706,Mirador,MA,1566,1301
2106755,Miranda do Norte,MA,260,225
2106805,Mirinzal,MA,707,658
2106904,Monção,MA,934,785
2107001,Montes Altos,MA,717,535
2107100,Morros,MA,1266,1181
2107209,Nina Rodrigues,MA,660,548
2107258,Nova Colinas,MA,343,277
2107308,Nova Iorque,MA,138,109
2107357,Nova Olinda do Maranhão,MA,760,618
2107407,Olho d'Água das Cunhãs,MA,451,316
2107456,Olinda Nova do Maranhão,MA,1052,824
2107506,Paço do Lumiar,MA,919,861
2107605,Palmeirândia,MA,1924,1807
2107704,Paraibano,MA,627,546
2107803,Parnarama,MA,1771,1542
2107902,Passagem Franca,MA,1258,1088
2108009,Pastos Bons,MA,668,530
2108058,Paulino Neves,MA,947,877
2108108,Paulo Ramos,MA,710,467
2108207,Pedreiras,MA,602,571
2108256,Pedro do Rosário,MA,3130,2849
2108306,Penalva,MA,2795,2598
2108405,Peri Mirim,MA,633,536
2108454,Peritoró,MA,824,775
2108504,Pindaré-Mirim,MA,241,140
2108603,Pinheiro,MA,2186,1768
2108702,Pio XII,MA,686,559
2108801,Pirapemas,MA,972,882
2108900,Poção de Pedras,MA,2241,1906
2109007,Porto Franco,MA,953,746
2109056,Porto Rico do Maranhão,MA,284,273
2109106,Presidente Dutra,MA,969,772
2109205,Presidente Juscelino,MA,780,715
2109239,Presidente Médici,MA,222,189
2109270,Presidente Sarney,MA,1420,1248
2109304,Presidente Vargas,MA,771,650
2109403,Primeira Cruz,MA,452,404
2109452,Raposa,MA,250,233
2109502,Riachão,MA,1515,1135
2109551,Ribamar Fiquene,MA,423,322
2109601,Rosário,MA,490,392
2109700,Sambaíba,MA,492,382
2109759,Santa Filomena do Maranhão,MA,334,297
2109809,Santa Helena,MA,1285,1208
2109908,Santa Inês,MA,282,196
2110005,Santa Luzia,MA,1961,1645
2110039,Santa Luzia do Paruá,MA,833,677
2110104,Santa Quitéria do Maranhão,MA,1370,1256
2110203,Santa Rita,MA,1608,1221
2110237,Santana do Maranhão,MA,824,711
2110278,Santo Amaro do Maranhão,MA,725,649
2110302,Santo Antônio dos Lopes,MA,1521,1315
2110401,São Benedito do Rio Preto,MA,1353,1304
2110500,São Bento,MA,1207,1132
2110609,São Bernardo,MA,1684,1575
2110658,São Domingos do Azeitão,MA,239,153
2110708,São Domingos do Maranhão,MA,1219,955
2110807,São Félix de Balsas,MA,619,445
2110856,São Francisco do Brejão,MA,508,327
2110906,São Francisco do Maranhão,MA,694,587
2111003,São João Batista,MA,2365,2263
2111029,São João do Carú,MA,359,287
2111052,São João do Paraíso,MA,1058,847
2111078,São João do Soter,MA,930,779
2111102,São João dos Patos,MA,543,466
2111201,São José de Ribamar,MA,959,804
2111250,São José dos Basílios,MA,738,550
2111300,São Luís,MA,817,644
2111409,São Luís Gonzaga do Maranhão,MA,1622,1369
2111508,São Mateus do Maranhão,MA,568,427
2111532,São Pedro da Água Branca,MA,236,184
2111573,São Pedro dos Crentes,MA,519,417
2111607,São Raimundo das Mangabeiras,MA,589,477
2111631,São Raimundo do Doca Bezerra,MA,742,662
2111672,São Roberto,MA,417,385
2111706,São Vicente Ferrer,MA,2009,1578
2111722,Satubinha,MA,431,344
2111748,Senador Alexandre Costa,MA,229,195
2111763,Senador La Rocque,MA,509,359
2111789,Serrano do Maranhão,MA,498,446
2111805,Sítio Novo,MA,2036,1720
2111904,Sucupira do Norte,MA,710,642
2111953,Sucupira do Riachão,MA,195,171
2112001,Tasso Fragoso,MA,378,281
2112100,Timbiras,MA,1381,1289
2112209,Timon,MA,2544,1861
2112233,Trizidela do Vale,MA,377,336
2112274,Tufilândia,MA,129,103
2112308,Tuntum,MA,1552,1268
2112407,Turiaçu,MA,1895,1840
2112456,Turilândia,MA,697,590
2112506,Tutóia,MA,2396,2249
2112605,Urbano Santos,MA,2944,2748
2112704,Vargem Grande,MA,1813,1723
2112803,Viana,MA,2692,2424
2112852,Vila Nova dos Martírios,MA,698,537
2112902,Vitória do Mearim,MA,1132,940
2113009,Vitorino Freire,MA,933,618
2114007,Zé Doca,MA,877,677
2200053,Acauã,PI,1734,1364
2200103,Agricolândia,PI,446,270
2200202,Água Branca,PI,448,317
2200251,Alagoinha do Piauí,PI,1908,1759
2200277,Alegrete do Piauí,PI,549,485
2200301,Alto Longá,PI,1936,1743
2200400,Altos,PI,1668,1342
2200459,Alvorada do Gurguéia,PI,376,327
2200509,Amarante,PI,1835,1621
2200608,Angical do Piauí,PI,457,404
2200707,Anísio de Abreu,PI,1306,980
2200806,Antônio Almeida,PI,161,145
2200905,Aroazes,PI,564,504
2200954,Aroeiras do Itaim,PI,594,410
2201002,Arraial,PI,680,599
2201051,Assunção do Piauí,PI,1254,1019
2201101,Avelino Lopes,PI,1256,1070
2201150,Baixa Grande do Ribeiro,PI,913,659
2201176,Barra D'Alcântara,PI,704,611
2201200,Barras,PI,3967,3643
2201309,Barreiras do Piauí,PI,245,235
2201408,Barro Duro,PI,413,349
2201507,Batalha,PI,3367,3104
2201556,Bela Vista do Piauí,PI,837,774
2201572,Belém do Piauí,PI,455,405
2201606,Beneditinos,PI,1002,824
2201705,Bertolínia,PI,413,377
2201739,Betânia do Piauí,PI,1153,1000
2201770,Boa Hora,PI,657,635
2201804,Bocaina,PI,771,566
2201903,Bom Jesus,PI,1023,652
2201919,Bom Princípio do Piauí,PI,527,363
2201929,Bonfim do Piauí,PI,1417,1016
2201945,Boqueirão do Piauí,PI,557,488
2201960,Brasileira,PI,753,668
2201988,Brejo do Piauí,PI,799,649
2202000,Buriti dos Lopes,PI,1198,1008
2202026,Buriti dos Montes,PI,1183,945
2202059,Cabeceiras do Piauí,PI,1360,1238
2202075,Cajazeiras do Piauí,PI,539,491
2202083,Cajueiro da Praia,PI,489,311
2202091,Caldeirão Grande do Piauí,PI,1085,889
2202109,Campinas do Piauí,PI,1555,1238
2202117,Campo Alegre do Fidalgo,PI,1004,904
2202133,Campo Grande do Piauí,PI,1183,1062
2202174,Campo Largo do Piauí,PI,1162,966
2202208,Campo Maior,PI,2232,1591
2202251,Canavieira,PI,484,440
2202307,Canto do Buriti,PI,2160,1541
2202406,Capitão de Campos,PI,902,486
2202455,Capitão Gervásio Oliveira,PI,843,737
2202505,Caracol,PI,1443,1166
2202539,Caraúbas do Piauí,PI,948,788
2202554,Caridade do Piauí,PI,837,625
2202604,Castelo do Piauí,PI,1718,1380
2202653,Caxingó,PI,466,368
2202703,Cocal,PI,3861,3351
2202711,Cocal de Telha,PI,504,398
2202729,Cocal dos Alves,PI,1449,1171
2202737,Coivaras,PI,573,461
2202752,Colônia do Gurguéia,PI,302,221
2202778,Colônia do Piauí,PI,1100,891
2202802,Conceição do Canindé,PI,700,572
2202851,Coronel José Dias,PI,732,600
2202901,Corrente,PI,1469,1144
2203008,Cristalândia do Piauí,PI,789,627
2203107,Cristino Castro,PI,495,450
2203206,Curimatá,PI,1183,874
2203230,Currais,PI,759,372
2203255,Curralinhos,PI,463,395
2203271,Curral Novo do Piauí,PI,741,633
2203305,Demerval Lobão,PI,633,447
2203354,Dirceu Arcoverde,PI,1561,1328
2203404,Dom Expedito Lopes,PI,412,251
2203420,Domingos Mourão,PI,688,572
2203453,Dom Inocêncio,PI,1876,1398
2203503,Elesbão Veloso,PI,1372,1128
2203602,Eliseu Martins,PI,493,412
2203701,Esperantina,PI,2295,1706
2203750,Fartura do Piauí,PI,1149,939
2203800,Flores do Piauí,PI,579,463
2203859,Floresta do Piauí,PI,421,370
2203909,Floriano,PI,1382,989
2204006,Francinópolis,PI,659,565
2204105,Francisco Ayres,PI,615,557
2204154,Francisco Macedo,PI,444,370
2204204,Francisco Santos,PI,1295,1099
2204303,Fronteiras,PI,969,807
2204352,Geminiano,PI,919,656
2204402,Gilbués,PI,761,614
2204501,Guadalupe,PI,250,138
2204550,Guaribas,PI,850,709
2204600,Hugo Napoleão,PI,375,252
2204659,Ilha Grande,PI,218,186
2204709,Inhuma,PI,2269,1967
2204808,Ipiranga do Piauí,PI,1211,1025
2204907,Isaías Coelho,PI,1717,1366
2205003,Itainópolis,PI,2166,1657
2205102,Itaueira,PI,1476,1239
2205151,Jacobina do Piauí,PI,1406,1142
2205201,Jaicós,PI,2637,2260
2205250,Jardim do Mulato,PI,548,500
2205276,Jatobá do Piauí,PI,885,702
2205300,Jerumenha,PI,191,130
2205359,João Costa,PI,640,566
2205409,Joaquim Pires,PI,1464,1217
2205458,Joca Marques,PI,789,571
2205508,José de Freitas,PI,3426,2353
2205516,Juazeiro do Piauí,PI,882,608
2205524,Júlio Borges,PI,889,804
2205532,Jurema,PI,1130,896
2205540,Lagoinha do Piauí,PI,206,166
2205557,Lagoa Alegre,PI,798,673
2205565,Lagoa do Barro do Piauí,PI,1004,843
2205573,Lagoa de São Francisco,PI,940,682
2205581,Lagoa do Piauí,PI,566,455
2205599,Lagoa do Sítio,PI,1097,1030
2205607,Landri Sales,PI,853,515
2205706,Luís Correia,PI,3197,2468
2205805,Luzilândia,PI,2396,2133
2205854,Madeiro,PI,892,738
2205904,Manoel Emídio,PI,494,437
2205953,Marcolândia,PI,434,425
2206001,Marcos Parente,PI,421,301
2206050,Massapê do Piauí,PI,1310,1168
2206100,Matias Olímpio,PI,765,721
2206209,Miguel Alves,PI,3972,3511
2206308,Miguel Leão,PI,134,109
2206357,Milton Brandão,PI,1327,1189
2206407,Monsenhor Gil,PI,925,711
2206506,Monsenhor Hipólito,PI,1628,1402
2206605,Monte Alegre do Piauí,PI,1608,1260
2206654,Morro Cabeça no Tempo,PI,576,462
2206670,Morro do Chapéu do Piauí,PI,646,477
2206696,Murici dos Portelas,PI,1622,1497
2206704,Nazaré do Piauí,PI,531,439
2206720,Nazária,PI,870,373
2206753,Nossa Senhora de Nazaré,PI,692,554
2206803,Nossa Senhora dos Remédios,PI,1399,982
2206902,Novo Oriente do Piauí,PI,887,766
2206951,Novo Santo Antônio,PI,555,500
2207009,Oeiras,PI,3588,2900
2207108,Olho D'Água do Piauí,PI,468,371
2207207,Padre Marcos,PI,829,789
2207306,Paes Landim,PI,807,526
2207355,Pajeú do Piauí,PI,590,469
2207405,Palmeira do Piauí,PI,765,573
2207504,Palmeirais,PI,2044,1404
2207553,Paquetá,PI,597,443
2207603,Parnaguá,PI,1040,822
2207702,Parnaíba,PI,1269,478
2207751,Passagem Franca do Piauí,PI,525,450
2207777,Patos do Piauí,PI,1273,949
2207793,Pau D'Arco do Piauí,PI,661,359
2207801,Paulistana,PI,2476,2281
2207850,Pavussu,PI,647,583
2207900,Pedro II,PI,3644,3161
2207934,Pedro Laurentino,PI,597,516
2207959,Nova Santa Rita,PI,899,690
2208007,Picos,PI,3014,2105
2208106,Pimenteiras,PI,1894,1528
2208205,Pio IX,PI,3584,3149
2208304,Piracuruca,PI,2030,1388
2208403,Piripiri,PI,3460,2785
2208502,Porto,PI,804,632
2208551,Porto Alegre do Piauí,PI,217,178
2208601,Prata do Piauí,PI,200,179
2208650,Queimada Nova,PI,1877,1612
2208700,Redenção do Gurguéia,PI,624,452
2208809,Regeneração,PI,929,838
2208858,Riacho Frio,PI,429,359
2208874,Ribeira do Piauí,PI,464,386
2208908,Ribeiro Gonçalves,PI,345,237
2209005,Rio Grande do Piauí,PI,857,715
2209104,Santa Cruz do Piauí,PI,541,424
2209153,Santa Cruz dos Milagres,PI,268,142
2209203,Santa Filomena,PI,640,401
2209302,Santa Luz,PI,435,325
2209351,Santana do Piauí,PI,561,471
2209377,Santa Rosa do Piauí,PI,510,415
2209401,Santo Antônio de Lisboa,PI,892,718
2209450,Santo Antônio dos Milagres,PI,204,156
2209500,Santo Inácio do Piauí,PI,717,425
2209559,São Braz do Piauí,PI,1073,964
2209609,São Félix do Piauí,PI,338,224
2209658,São Francisco de Assis do Piauí,PI,1196,1103
2209708,São Francisco do Piauí,PI,1210,1004
2209757,São Gonçalo do Gurguéia,PI,367,310
2209807,São Gonçalo do Piauí,PI,449,228
2209856,São João da Canabrava,PI,406,366
2209872,São João da Fronteira,PI,316,290
2209906,São João da Serra,PI,734,608
2209955,São João da Varjota,PI,510,490
2209971,São João do Arraial,PI,703,606
2210003,São João do Piauí,PI,1311,1030
2210052,São José do Divino,PI,538,489
2210102,São José do Peixe,PI,397,344
2210201,São José do Piauí,PI,1603,1340
2210300,São Julião,PI,547,435
2210359,São Lourenço do Piauí,PI,860,761
2210375,São Luis do Piauí,PI,520,406
2210383,São Miguel da Baixa Grande,PI,293,254
2210391,São Miguel do Fidalgo,PI,207,182
2210409,São Miguel do Tapuio,PI,2632,2225
2210508,São Pedro do Piauí,PI,1489,1164
2210607,São Raimundo Nonato,PI,3664,2689
2210623,Sebastião Barros,PI,578,474
2210631,Sebastião Leal,PI,502,386
2210656,Sigefredo Pacheco,PI,1534,1134
2210706,Simões,PI,2082,1689
2210805,Simplício Mendes,PI,1636,1286
2210904,Socorro do Piauí,PI,635,473
2210938,Sussuapara,PI,863,768
2210953,Tamboril do Piauí,PI,592,428
2210979,Tanque do Piauí,PI,444,387
2211001,Teresina,PI,5171,2799
2211100,União,PI,3781,3286
2211209,Uruçuí,PI,1220,873
2211308,Valença do Piauí,PI,1154,895
2211357,Várzea Branca,PI,1139,864
2211407,Várzea Grande,PI,528,434
2211506,Vera Mendes,PI,719,624
2211605,Vila Nova do Piauí,PI,869,744
2211704,Wall Ferraz,PI,833,749
2300101,Abaiara,CE,884,660
2300150,Acarape,CE,852,521
2300200,Acaraú,CE,5029,3791
2300309,Acopiara,CE,6034,4236
2300408,Aiuaba,CE,2932,2337
2300507,Alcântaras,CE,612,489
2300606,Altaneira,CE,562,427
2300705,Alto Santo,CE,1564,1080
2300754,Amontada,CE,3529,3025
2300804,Antonina do Norte,CE,400,319
2300903,Apuiarés,CE,1247,1030
2301000,Aquiraz,CE,4325,2045
2301109,Aracati,CE,3055,2044
2301208,Aracoiaba,CE,2757,1884
2301257,Ararendá,CE,1613,1234
2301307,Araripe,CE,3073,2398
2301406,Aratuba,CE,1588,1177
2301505,Arneiroz,CE,1361,1046
2301604,Assaré,CE,2643,2040
2301703,Aurora,CE,2633,2083
2301802,Baixio,CE,764,603
2301851,Banabuiú,CE,1104,974
2301901,Barbalha,CE,2936,1579
2301950,Barreira,CE,1753,1358
2302008,Barro,CE,1605,1430
2302057,Barroquinha,CE,887,668
2302107,Baturité,CE,2045,1668
2302206,Beberibe,CE,3365,2785
2302305,Bela Cruz,CE,2593,2183
2302404,Boa Viagem,CE,6176,5224
2302503,Brejo Santo,CE,1682,1335
2302602,Camocim,CE,2184,1818
2302701,Campos Sales,CE,2676,2231
2302800,Canindé,CE,5847,4510
2302909,Capistrano,CE,2189,1890
2303006,Caridade,CE,1458,1063
2303105,Cariré,CE,1751,1289
2303204,Caririaçu,CE,2643,1968
2303303,Cariús,CE,2740,2336
2303402,Carnaubal,CE,1021,690
2303501,Cascavel,CE,2550,2095
2303600,Catarina,CE,1222,657
2303659,Catunda,CE,1139,974
2303709,Caucaia,CE,2699,1654
2303808,Cedro,CE,2829,2107
2303907,Chaval,CE,459,397
2303931,Choró,CE,1805,1566
2303956,Chorozinho,CE,1383,1237
2304004,Coreaú,CE,1271,1123
2304103,Crateús,CE,6457,5020
2304202,Crato,CE,2649,2090
2304236,Croatá,CE,1684,1585
2304251,Cruz,CE,1425,1107
2304269,Deputado Irapuan Pinheiro,CE,1594,1260
2304277,Ereré,CE,516,444
2304285,Eusébio,CE,187,119
2304301,Farias Brito,CE,2401,1828
2304350,Forquilha,CE,764,614
2304400,Fortaleza,CE,244,197
2304459,Fortim,CE,596,418
2304509,Frecheirinha,CE,916,647
2304608,General Sampaio,CE,380,339
2304657,Graça,CE,1744,1324
2304707,Granja,CE,4367,3913
2304806,Granjeiro,CE,597,466
2304905,Groaíras,CE,1181,565
2304954,Guaiúba,CE,1167,827
2305001,Guaraciaba do Norte,CE,2036,1721
2305100,Guaramiranga,CE,258,82
2305209,Hidrolândia,CE,2683,1882
2305233,Horizonte,CE,754,590
2305266,Ibaretama,CE,1639,1366
2305308,Ibiapina,CE,1814,1348
2305332,Ibicuitinga,CE,998,872
2305357,Icapuí,CE,1156,798
2305407,Icó,CE,6024,4501
2305506,Iguatu,CE,3734,2769
2305605,Independência,CE,3529,2831
2305654,Ipaporanga,CE,1805,1289
2305704,Ipaumirim,CE,1479,904
2305803,Ipu,CE,2356,2115
2305902,Ipueiras,CE,3282,2838
2306009,Iracema,CE,818,624
2306108,Irauçuba,CE,2100,1292
2306207,Itaiçaba,CE,904,525
2306256,Itaitinga,CE,637,365
2306306,Itapajé,CE,2024,1165
2306405,Itapipoca,CE,6629,5432
2306504,Itapiúna,CE,2235,1947
2306553,Itarema,CE,2307,1739
2306603,Itatira,CE,2251,1816
2306702,Jaguaretama,CE,1777,1580
2306801,Jaguaribara,CE,1082,896
2306900,Jaguaribe,CE,2698,1898
2307007,Jaguaruana,CE,2648,1442
2307106,Jardim,CE,2615,1872
2307205,Jati,CE,485,399
2307254,Jijoca de Jericoacoara,CE,1162,769
2307304,Juazeiro do Norte,CE,946,585
2307403,Jucás,CE,2211,1428
2307502,Lavras da Mangabeira,CE,3214,2225
2307601,Limoeiro do Norte,CE,1888,1201
2307635,Madalena,CE,1772,1405
2307650,Maracanaú,CE,194,122
2307700,Maranguape,CE,3047,1627
2307809,Marco,CE,1399,1109
2307908,Martinópole,CE,524,501
2308005,Massapê,CE,2045,1356
2308104,Mauriti,CE,3639,2789
2308203,Meruoca,CE,1087,893
2308302,Milagres,CE,1913,1802
2308351,Milhã,CE,1745,1595
2308377,Miraíma,CE,574,503
2308401,Missão Velha,CE,4408,3066
2308500,Mombaça,CE,6196,4614
2308609,Monsenhor Tabosa,CE,2143,1744
2308708,Morada Nova,CE,4738,4030
2308807,Moraújo,CE,754,462
2308906,Morrinhos,CE,1545,1201
2309003,Mucambo,CE,1103,749
2309102,Mulungu,CE,1170,869
2309201,Nova Olinda,CE,1013,724
2309300,Nova Russas,CE,1992,1296
2309409,Novo Oriente,CE,3588,3124
2309458,Ocara,CE,2506,2320
2309508,Orós,CE,1951,1503
2309607,Pacajus,CE,1239,987
2309706,Pacatuba,CE,774,486
2309805,Pacoti,CE,1026,600
2309904,Pacujá,CE,296,220
2310001,Palhano,CE,1337,827
2310100,Palmácia,CE,1054,769
2310209,Paracuru,CE,591,476
2310258,Paraipaba,CE,1776,1288
2310308,Parambu,CE,4389,3400
2310407,Paramoti,CE,852,660
2310506,Pedra Branca,CE,4004,3356
2310605,Penaforte,CE,287,205
2310704,Pentecoste,CE,2483,1890
2310803,Pereiro,CE,1620,1361
2310852,Pindoretama,CE,1490,921
2310902,Piquet Carneiro,CE,2504,1764
2310951,Pires Ferreira,CE,1011,826
2311009,Poranga,CE,2144,1498
2311108,Porteiras,CE,1534,1110
2311207,Potengi,CE,1376,881
2311231,Potiretama,CE,1072,633
2311264,Quiterianópolis,CE,3513,2976
2311306,Quixadá,CE,4880,3452
2311355,Quixelô,CE,2112,1708
2311405,Quixeramobim,CE,6848,5467
2311504,Quixeré,CE,628,423
2311603,Redenção,CE,2983,2491
2311702,Reriutaba,CE,1836,1495
2311801,Russas,CE,4262,2466
2311900,Saboeiro,CE,1909,1366
2311959,Salitre,CE,3245,2515
2312007,Santana do Acaraú,CE,3169,2378
2312106,Santana do Cariri,CE,1337,1031
2312205,Santa Quitéria,CE,4621,3558
2312304,São Benedito,CE,3564,2482
2312403,São Gonçalo do Amarante,CE,1192,856
2312502,São João do Jaguaribe,CE,730,567
2312601,São Luís do Curu,CE,497,179
2312700,Senador Pompeu,CE,2524,2022
2312809,Senador Sá,CE,647,481
2312908,Sobral,CE,5720,3164
2313005,Solonópole,CE,2491,2032
2313104,Tabuleiro do Norte,CE,1597,1204
2313203,Tamboril,CE,2719,2298
2313252,Tarrafas,CE,1567,1114
2313302,Tauá,CE,6322,4492
2313351,Tejuçuoca,CE,888,709
2313401,Tianguá,CE,3652,2791
2313500,Trairi,CE,3367,2329
2313559,Tururu,CE,1068,782
2313609,Ubajara,CE,2545,2165
2313708,Umari,CE,909,661
2313757,Umirim,CE,1755,1084
2313807,Uruburetama,CE,833,665
2313906,Uruoca,CE,1377,969
2313955,Varjota,CE,739,458
2314003,Várzea Alegre,CE,4126,3519
2314102,Viçosa do Ceará,CE,5737,4804
2400109,Acari,RN,226,117
2400208,Assú,RN,856,610
2400307,Afonso Bezerra,RN,512,402
2400406,Água Nova,RN,139,107
2400505,Alexandria,RN,527,397
2400604,Almino Afonso,RN,300,222
2400703,Alto do Rodrigues,RN,246,165
2400802,Angicos,RN,199,148
2400901,Antônio Martins,RN,349,290
2401008,Apodi,RN,2227,1785
2401107,Areia Branca,RN,210,133
2401206,Arez,RN,147,86
2401305,Campo Grande,RN,753,633
2401404,Baía Formosa,RN,13,5
2401453,Baraúna,RN,793,549
2401503,Barcelona,RN,200,156
2401602,Bento Fernandes,RN,565,476
2401651,Bodó,RN,104,97
2401701,Bom Jesus,RN,319,262
2401800,Brejinho,RN,348,299
2401859,Caiçara do Norte,RN,80,70
2401909,Caiçara do Rio do Vento,RN,110,75
2402006,Caicó,RN,780,527
2402105,Campo Redondo,RN,579,498
2402204,Canguaretama,RN,162,109
2402303,Caraúbas,RN,1434,1148
2402402,Carnaúba dos Dantas,RN,167,114
2402501,Carnaubais,RN,482,334
2402600,Ceará-Mirim,RN,1288,1085
2402709,Cerro Corá,RN,962,930
2402808,Coronel Ezequiel,RN,261,236
2402907,Coronel João Pessoa,RN,278,178
2403004,Cruzeta,RN,355,298
2403103,Currais Novos,RN,505,387
2403202,Doutor Severiano,RN,810,741
2403251,Parnamirim,RN,10,3
2403301,Encanto,RN,364,267
2403400,Equador,RN,152,109
2403509,Espírito Santo,RN,246,199
2403608,Extremoz,RN,165,122
2403707,Felipe Guerra,RN,295,248
2403756,Fernando Pedroza,RN,78,52
2403806,Florânia,RN,471,380
2403905,Francisco Dantas,RN,227,178
2404002,Frutuoso Gomes,RN,227,174
2404101,Galinhos,RN,47,32
2404200,Goianinha,RN,181,138
2404309,Governador Dix-Sept Rosado,RN,695,536
2404408,Grossos,RN,85,71
2404507,Guamaré,RN,144,90
2404606,Ielmo Marinho,RN,746,680
2404705,Ipanguaçu,RN,502,417
2404804,Ipueira,RN,91,62
2404853,Itajá,RN,89,65
2404903,Itaú,RN,69,62
2405009,Jaçanã,RN,286,260
2405108,Jandaíra,RN,213,126
2405207,Janduís,RN,234,187
2405306,Januário Cicco,RN,728,630
2405405,Japi,RN,147,106
2405504,Jardim de Angicos,RN,134,92
2405603,Jardim de Piranhas,RN,248,167
2405702,Jardim do Seridó,RN,444,391
2405801,João Câmara,RN,888,790
2405900,João Dias,RN,196,160
2406007,José da Penha,RN,480,384
2406106,Jucurutu,RN,720,545
2406155,Jundiá,RN,257,221
2406205,Lagoa d'Anta,RN,380,309
2406304,Lagoa de Pedras,RN,540,421
2406403,Lagoa de Velhos,RN,96,77
2406502,Lagoa Nova,RN,1938,1706
2406601,Lagoa Salgada,RN,370,298
2406700,Lajes,RN,430,279
2406809,Lajes Pintadas,RN,149,139
2406908,Lucrécia,RN,123,106
2407005,Luís Gomes,RN,402,351
2407104,Macaíba,RN,943,770
2407203,Macau,RN,122,89
2407252,Major Sales,RN,80,52
2407302,Marcelino Vieira,RN,350,285
2407401,Martins,RN,305,239
2407500,Maxaranguape,RN,237,191
2407609,Messias Targino,RN,71,44
2407708,Montanhas,RN,148,138
2407807,Monte Alegre,RN,561,390
2407906,Monte das Gameleiras,RN,218,206
2408003,Mossoró,RN,1966,1327
2408102,Natal,RN,80,52
2408201,Nísia Floresta,RN,295,191
2408300,Nova Cruz,RN,809,684
2408409,Olho d'Água do Borges,RN,207,171
2408508,Ouro Branco,RN,278,224
2408607,Paraná,RN,311,223
2408706,Paraú,RN,125,84
2408805,Parazinho,RN,210,162
2408904,Parelhas,RN,394,304
2408953,Rio do Fogo,RN,138,105
2409100,Passa e Fica,RN,326,303
2409209,Passagem,RN,107,89
2409308,Patu,RN,310,227
2409332,Santa Maria,RN,139,102
2409407,Pau dos Ferros,RN,411,320
2409506,Pedra Grande,RN,103,80
2409605,Pedra Preta,RN,248,221
2409704,Pedro Avelino,RN,389,233
2409803,Pedro Velho,RN,258,173
2409902,Pendências,RN,192,153
2410009,Pilões,RN,120,92
2410108,Poço Branco,RN,387,350
2410207,Portalegre,RN,418,381
2410256,Porto do Mangue,RN,172,142
2410306,Serra Caiada,RN,391,338
2410405,Pureza,RN,600,497
2410504,Rafael Fernandes,RN,348,216
2410603,Rafael Godeiro,RN,203,153
2410702,Riacho da Cruz,RN,86,52
2410801,Riacho de Santana,RN,489,419
2410900,Riachuelo,RN,371,323
2411007,Rodolfo Fernandes,RN,93,66
2411056,Tibau,RN,83,62
2411106,Ruy Barbosa,RN,223,200
2411205,Santa Cruz,RN,330,245
2411403,Santana do Matos,RN,945,773
2411429,Santana do Seridó,RN,97,71
2411502,Santo Antônio,RN,491,396
2411601,São Bento do Norte,RN,219,190
2411700,São Bento do Trairí,RN,156,116
2411809,São Fernando,RN,175,112
2411908,São Francisco do Oeste,RN,179,137
2412005,São Gonçalo do Amarante,RN,153,89
2412104,São João do Sabugi,RN,338,255
2412203,São José de Mipibu,RN,612,450
2412302,São José do Campestre,RN,241,194
2412401,São José do Seridó,RN,197,145
2412500,São Miguel,RN,1767,1626
2412559,São Miguel do Gostoso,RN,239,215
2412609,São Paulo do Potengi,RN,456,371
2412708,São Pedro,RN,278,215
2412807,São Rafael,RN,363,298
2412906,São Tomé,RN,536,433
2413003,São Vicente,RN,330,270
2413102,Senador Elói de Souza,RN,523,446
2413201,Senador Georgino Avelino,RN,41,5
2413300,Serra de São Bento,RN,520,439
2413359,Serra do Mel,RN,854,731
2413409,Serra Negra do Norte,RN,442,363
2413508,Serrinha,RN,386,262
2413557,Serrinha dos Pintos,RN,367,344
2413607,Severiano Melo,RN,327,283
2413706,Sítio Novo,RN,271,229
2413805,Taboleiro Grande,RN,93,50
2413904,Taipu,RN,387,311
2414001,Tangará,RN,391,343
2414100,Tenente Ananias,RN,266,224
2414159,Tenente Laurentino Cruz,RN,479,411
2414209,Tibau do Sul,RN,64,24
2414308,Timbaúba dos Batistas,RN,136,103
2414407,Touros,RN,1400,1146
2414456,Triunfo Potiguar,RN,169,134
2414506,Umarizal,RN,289,239
2414605,Upanema,RN,1195,909
2414704,Várzea,RN,112,90
2414753,Venha-Ver,RN,463,372
2414803,Vera Cruz,RN,242,178
2414902,Viçosa,RN,22,10
2415008,Vila Flor,RN,23,11
2500106,Água Branca,PB,863,715
2500205,Aguiar,PB,851,645
2500304,Alagoa Grande,PB,1459,1110
2500403,Alagoa Nova,PB,1682,1286
2500502,Alagoinha,PB,915,657
2500536,Alcantil,PB,475,315
2500577,Algodão de Jandaíra,PB,292,206
2500601,Alhandra,PB,836,605
2500700,São João do Rio do Peixe,PB,1601,1338
2500734,Amparo,PB,248,217
2500775,Aparecida,PB,521,421
2500809,Araçagi,PB,2180,1771
2500908,Arara,PB,825,727
2501005,Araruna,PB,1348,1135
2501104,Areia,PB,1702,1201
2501153,Areia de Baraúnas,PB,113,94
2501203,Areial,PB,568,492
2501302,Aroeiras,PB,2092,1732
2501351,Assunção,PB,161,110
2501401,Baía da Traição,PB,547,441
2501500,Bananeiras,PB,2020,1647
2501534,Baraúna,PB,300,258
2501575,Barra de Santana,PB,1487,1111
2501609,Barra de Santa Rosa,PB,1484,1140
2501708,Barra de São Miguel,PB,505,276
2501807,Bayeux,PB,33,18
2501906,Belém,PB,628,546
2502003,Belém do Brejo do Cruz,PB,298,217
2502052,Bernardino Batista,PB,298,254
2502102,Boa Ventura,PB,371,288
2502151,Boa Vista,PB,681,315
2502201,Bom Jesus,PB,146,112
2502300,Bom Sucesso,PB,374,323
2502409,Bonito de Santa Fé,PB,670,522
2502508,Boqueirão,PB,871,629
2502607,Igaracy,PB,499,467
2502706,Borborema,PB,312,248
2502805,Brejo do Cruz,PB,371,290
2502904,Brejo dos Santos,PB,232,181
2503001,Caaporã,PB,536,396
2503100,Cabaceiras,PB,629,460
2503209,Cabedelo,PB,21,11
2503308,Cachoeira dos Índios,PB,731,576
2503407,Cacimba de Areia,PB,338,280
2503506,Cacimba de Dentro,PB,1361,1178
2503555,Cacimbas,PB,842,720
2503605,Caiçara,PB,582,484
2503704,Cajazeiras,PB,1544,1236
2503753,Cajazeirinhas,PB,336,236
2503803,Caldas Brandão,PB,205,149
2503902,Camalaú,PB,698,497
2504009,Campina Grande,PB,2431,1585
2504033,Capim,PB,78,54
2504074,Caraúbas,PB,396,320
2504108,Carrapateira,PB,74,53
2504157,Casserengue,PB,780,625
2504207,Catingueira,PB,363,198
2504306,Catolé do Rocha,PB,735,543
2504355,Caturité,PB,544,339
2504405,Conceição,PB,1595,1180
2504504,Condado,PB,418,328
2504603,Conde,PB,908,660
2504702,Congo,PB,415,270
2504801,Coremas,PB,667,541
2504850,Coxixola,PB,259,216
2504900,Cruz do Espírito Santo,PB,1855,1325
2505006,Cubati,PB,526,418
2505105,Cuité,PB,1738,1418
2505204,Cuitegi,PB,194,156
2505238,Cuité de Mamanguape,PB,723,577
2505279,Curral de Cima,PB,843,725
2505303,Curral Velho,PB,265,213
2505352,Damião,PB,640,539
2505402,Desterro,PB,516,441
2505501,Vista Serrana,PB,210,162
2505600,Diamante,PB,555,476
2505709,Dona Inês,PB,1022,845
2505808,Duas Estradas,PB,251,192
2505907,Emas,PB,113,89
2506004,Esperança,PB,1697,1258
2506103,Fagundes,PB,1094,938
2506202,Frei Martinho,PB,250,162
2506251,Gado Bravo,PB,1292,1065
2506301,Guarabira,PB,995,623
2506400,Gurinhém,PB,1237,910
2506509,Gurjão,PB,245,158
2506608,Ibiara,PB,581,486
2506707,Imaculada,PB,1099,967
2506806,Ingá,PB,946,750
2506905,Itabaiana,PB,957,827
2507002,Itaporanga,PB,1231,838
2507101,Itapororoca,PB,1160,841
2507200,Itatuba,PB,837,605
2507309,Jacaraú,PB,834,699
2507408,Jericó,PB,466,400
2507507,João Pessoa,PB,150,91
2507606,Juarez Távora,PB,226,176
2507705,Juazeirinho,PB,1377,1008
2507804,Junco do Seridó,PB,432,304
2507903,Juripiranga,PB,171,107
2508000,Juru,PB,1136,1045
2508109,Lagoa,PB,296,213
2508208,Lagoa de Dentro,PB,665,559
2508307,Lagoa Seca,PB,2026,1332
2508406,Lastro,PB,256,183
2508505,Livramento,PB,848,701
2508554,Logradouro,PB,267,238
2508604,Lucena,PB,191,144
2508703,Mãe d'Água,PB,544,438
2508802,Malta,PB,150,91
2508901,Mamanguape,PB,1093,694
2509008,Manaíra,PB,1280,1004
2509057,Marcação,PB,473,373
2509107,Mari,PB,727,615
2509156,Marizópolis,PB,218,158
2509206,Massaranduba,PB,1858,1093
2509305,Mataraca,PB,73,51
2509339,Matinhas,PB,937,697
2509370,Mato Grosso,PB,134,111
2509396,Maturéia,PB,420,390
2509404,Mogeiro,PB,1024,748
2509503,Montadas,PB,502,421
2509602,Monte Horebe,PB,493,399
2509701,Monteiro,PB,3203,2347
2509800,Mulungu,PB,826,548
2509909,Natuba,PB,871,824
2510006,Nazarezinho,PB,603,550
2510105,Nova Floresta,PB,354,251
2510204,Nova Olinda,PB,420,359
2510303,Nova Palmeira,PB,542,368
2510402,Olho d'Água,PB,654,513
2510501,Olivedos,PB,550,357
2510600,Ouro Velho,PB,321,262
2510659,Parari,PB,359,232
2510709,Passagem,PB,99,74
2510808,Patos,PB,497,330
2510907,Paulista,PB,815,601
2511004,Pedra Branca,PB,493,285
2511103,Pedra Lavrada,PB,1194,811
2511202,Pedras de Fogo,PB,1824,1496
2511301,Piancó,PB,892,788
2511400,Picuí,PB,1209,981
2511509,Pilar,PB,599,418
2511608,Pilões,PB,530,490
2511707,Pilõezinhos,PB,588,538
2511806,Pirpirituba,PB,436,254
2511905,Pitimbu,PB,984,847
2512002,Pocinhos,PB,1782,1117
2512036,Poço Dantas,PB,319,271
2512077,Poço de José de Moura,PB,498,393
2512101,Pombal,PB,1334,1021
2512200,Prata,PB,334,278
2512309,Princesa Isabel,PB,1146,981
2512408,Puxinanã,PB,1063,820
2512507,Queimadas,PB,3401,2108
2512606,Quixaba,PB,136,87
2512705,Remígio,PB,875,729
2512721,Pedro Régis,PB,591,456
2512747,Riachão,PB,309,239
2512754,Riachão do Bacamarte,PB,316,216
2512762,Riachão do Poço,PB,400,298
2512788,Riacho de Santo Antônio,PB,51,22
2512804,Riacho dos Cavalos,PB,604,508
2512903,Rio Tinto,PB,1123,813
2513000,Salgadinho,PB,338,293
2513109,Salgado de São Félix,PB,1372,1151
2513158,Santa Cecília,PB,1048,752
2513208,Santa Cruz,PB,497,413
2513307,Santa Helena,PB,446,365
2513356,Santa Inês,PB,403,303
2513406,Santa Luzia,PB,383,315
2513505,Santana de Mangueira,PB,696,627
2513604,Santana dos Garrotes,PB,703,643
2513653,Joca Claudino,PB,176,148
2513703,Santa Rita,PB,612,320
2513802,Santa Teresinha,PB,339,212
2513851,Santo André,PB,396,312
2513901,São Bento,PB,261,187
2513927,São Bentinho,PB,264,207
2513943,São Domingos do Cariri,PB,332,243
2513968,São Domingos,PB,283,169
2513984,São Francisco,PB,292,262
2514008,São João do Cariri,PB,487,308
2514107,São João do Tigre,PB,587,402
2514206,São José da Lagoa Tapada,PB,796,637
2514305,São José de Caiana,PB,545,400
2514404,São José de Espinharas,PB,458,342
2514453,São José dos Ramos,PB,481,424
2514503,São José de Piranhas,PB,1671,1363
2514552,São José de Princesa,PB,718,579
2514602,São José do Bonfim,PB,168,141
2514651,São José do Brejo do Cruz,PB,90,49
2514701,São José do Sabugi,PB,296,254
2514800,São José dos Cordeiros,PB,541,415
2514909,São Mamede,PB,569,387
2515005,São Miguel de Taipu,PB,674,606
2515104,São Sebastião de Lagoa de Roça,PB,1376,1022
2515203,São Sebastião do Umbuzeiro,PB,347,280
2515302,Sapé,PB,1651,1328
2515401,São Vicente do Seridó,PB,1155,845
2515500,Serra Branca,PB,951,743
2515609,Serra da Raiz,PB,299,204
2515708,Serra Grande,PB,430,326
2515807,Serra Redonda,PB,888,617
2515906,Serraria,PB,579,463
2515930,Sertãozinho,PB,338,243
2515971,Sobrado,PB,1011,792
2516003,Solânea,PB,1645,1277
2516102,Soledade,PB,960,680
2516151,Sossêgo,PB,353,290
2516201,Sousa,PB,1726,1375
2516300,Sumé,PB,905,702
2516409,Tacima,PB,674,576
2516508,Taperoá,PB,1033,825
2516607,Tavares,PB,1391,1160
2516706,Teixeira,PB,1272,1018
2516755,Tenório,PB,260,159
2516805,Triunfo,PB,620,534
2516904,Uiraúna,PB,696,584
2517001,Umbuzeiro,PB,886,799
2517100,Várzea,PB,227,182
2517209,Vieirópolis,PB,528,459
2517407,Zabelê,PB,266,214
2600054,Abreu e Lima,PE,408,229
2600104,Afogados da Ingazeira,PE,1882,1697
2600203,Afrânio,PE,3460,2465
2600302,Agrestina,PE,1077,869
2600401,Água Preta,PE,1234,980
2600500,Águas Belas,PE,3060,2605
2600609,Alagoinha,PE,1247,1017
2600708,Aliança,PE,804,699
2600807,Altinho,PE,2851,2396
2600906,Amaraji,PE,1839,1602
2601003,Angelim,PE,708,622
2601052,Araçoiaba,PE,57,46
2601102,Araripina,PE,7375,5939
2601201,Arcoverde,PE,737,696
2601300,Barra de Guabiraba,PE,375,338
2601409,Barreiros,PE,676,546
2601508,Belém de Maria,PE,894,578
2601607,Belém do São Francisco,PE,1620,1365
2601706,Belo Jardim,PE,1502,1057
2601805,Betânia,PE,1808,1693
2601904,Bezerros,PE,1750,1272
2602001,Bodocó,PE,3568,3329
2602100,Bom Conselho,PE,2710,2383
2602209,Bom Jardim,PE,3832,3141
2602308,Bonito,PE,1679,1412
2602407,Brejão,PE,1005,768
2602506,Brejinho,PE,837,729
2602605,Brejo da Madre de Deus,PE,1442,990
2602704,Buenos Aires,PE,419,354
2602803,Buíque,PE,5652,4962
2602902,Cabo de Santo Agostinho,PE,1873,1558
2603009,Cabrobó,PE,1466,1202
2603108,Cachoeirinha,PE,865,779
2603207,Caetés,PE,4463,3724
2603306,Calçado,PE,1908,1692
2603405,Calumbi,PE,613,533
2603454,Camaragibe,PE,12,4
2603504,Camocim de São Félix,PE,322,307
2603603,Camutanga,PE,230,202
2603702,Canhotinho,PE,2180,1667
2603801,Capoeiras,PE,2706,2397
2603900,Carnaíba,PE,2647,2428
2603926,Carnaubeira da Penha,PE,2098,1541
2604007,Carpina,PE,398,332
2604106,Caruaru,PE,1406,1064
2604155,Casinhas,PE,1903,1675
2604205,Catende,PE,892,724
2604304,Cedro,PE,637,567
2604403,Chã de Alegria,PE,321,301
2604502,Chã Grande,PE,1502,984
2604601,Condado,PE,232,165
2604700,Correntes,PE,1291,1081
2604809,Cortês,PE,341,332
2604908,Cumaru,PE,2407,1978
2605004,Cupira,PE,557,446
2605103,Custódia,PE,3789,3328
2605152,Dormentes,PE,3037,2065
2605202,Escada,PE,613,439
2605301,Exu,PE,2597,2325
2605400,Feira Nova,PE,771,716
2605459,Fernando de Noronha,PE,14,6
2605509,Ferreiros,PE,430,185
2605608,Flores,PE,3373,2987
2605707,Floresta,PE,2033,1368
2605806,Frei Miguelinho,PE,1336,1095
2605905,Gameleira,PE,571,490
2606002,Garanhuns,PE,3055,2403
2606101,Glória do Goitá,PE,2347,2117
2606200,Goiana,PE,1546,1454
2606309,Granito,PE,553,472
2606408,Gravatá,PE,1897,1662
2606507,Iati,PE,1832,1639
2606606,Ibimirim,PE,1741,1500
2606705,Ibirajuba,PE,1029,918
2606804,Igarassu,PE,559,488
2606903,Iguaracy,PE,1598,1439
2607000,Inajá,PE,2023,1642
2607109,Ingazeira,PE,626,571
2607208,Ipojuca,PE,1489,1411
2607307,Ipubi,PE,1941,1783
2607406,Itacuruba,PE,297,279
2607505,Itaíba,PE,4232,3608
2607604,Ilha de Itamaracá,PE,95,59
2607653,Itambé,PE,745,475
2607703,Itapetim,PE,1468,1402
2607752,Itapissuma,PE,101,96
2607802,Itaquitinga,PE,746,429
2607901,Jaboatão dos Guararapes,PE,605,453
2607950,Jaqueira,PE,516,491
2608008,Jataúba,PE,1094,893
2608057,Jatobá,PE,853,553
2608107,João Alfredo,PE,2749,2156
2608206,Joaquim Nabuco,PE,404,350
2608255,Jucati,PE,1780,1594
2608305,Jupi,PE,1476,1251
2608404,Jurema,PE,1425,1142
2608453,Lagoa do Carro,PE,659,557
2608503,Lagoa de Itaenga,PE,709,549
2608602,Lagoa do Ouro,PE,1609,1423
2608701,Lagoa dos Gatos,PE,2262,1873
2608750,Lagoa Grande,PE,1412,903
2608800,Lajedo,PE,1531,1268
2608909,Limoeiro,PE,1721,1486
2609006,Macaparana,PE,848,523
2609105,Machados,PE,575,515
2609154,Manari,PE,2877,2706
2609204,Maraial,PE,355,262
2609303,Mirandiba,PE,988,844
2609402,Moreno,PE,795,713
2609501,Nazaré da Mata,PE,389,351
2609600,Olinda,PE,84,55
2609709,Orobó,PE,2229,1846
2609808,Orocó,PE,1535,1294
2609907,Ouricuri,PE,5143,4545
2610004,Palmares,PE,540,516
2610103,Palmeirina,PE,737,636
2610202,Panelas,PE,2440,2071
2610301,Paranatama,PE,2031,1818
2610400,Parnamirim,PE,1917,1461
2610509,Passira,PE,2273,1801
2610608,Paudalho,PE,898,685
2610707,Paulista,PE,165,153
2610806,Pedra,PE,1834,1522
2610905,Pesqueira,PE,2600,2299
2611002,Petrolândia,PE,1579,1183
2611101,Petrolina,PE,7018,4509
2611200,Poção,PE,895,847
2611309,Pombos,PE,2108,1870
2611408,Primavera,PE,617,555
2611507,Quipapá,PE,1670,1600
2611533,Quixaba,PE,1356,1198
2611606,Recife,PE,242,122
2611705,Riacho das Almas,PE,1419,1264
2611804,Ribeirão,PE,312,278
2611903,Rio Formoso,PE,881,712
2612000,Sairé,PE,1235,1156
2612109,Salgadinho,PE,770,661
2612208,Salgueiro,PE,1988,1397
2612307,Saloá,PE,1469,1295
2612406,Sanharó,PE,873,745
2612455,Santa Cruz,PE,1937,1836
2612471,Santa Cruz da Baixa Verde,PE,1127,968
2612505,Santa Cruz do Capibaribe,PE,435,256
2612554,Santa Filomena,PE,2030,1505
2612604,Santa Maria da Boa Vista,PE,4359,3682
2612703,Santa Maria do Cambucá,PE,1740,1158
2612802,Santa Terezinha,PE,813,630
2612901,São Benedito do Sul,PE,557,510
2613008,São Bento do Una,PE,4101,3713
2613107,São Caitano,PE,1684,1521
2613206,São João,PE,2749,2259
2613305,São Joaquim do Monte,PE,1141,1091
2613404,São José da Coroa Grande,PE,326,244
2613503,São José do Belmonte,PE,2975,2371
2613602,São José do Egito,PE,2765,2565
2613701,São Lourenço da Mata,PE,727,635
2613800,São Vicente Férrer,PE,478,345
2613909,Serra Talhada,PE,4229,3469
2614006,Serrita,PE,2223,1945
2614105,Sertânia,PE,3589,2617
2614204,Sirinhaém,PE,718,535
2614303,Moreilândia,PE,779,681
2614402,Solidão,PE,807,751
2614501,Surubim,PE,2442,2049
2614600,Tabira,PE,1741,1587
2614709,Tacaimbó,PE,571,517
2614808,Tacaratu,PE,3061,2137
2614857,Tamandaré,PE,571,369
2615003,Taquaritinga do Norte,PE,1584,1093
2615102,Terezinha,PE,850,714
2615201,Terra Nova,PE,457,369
2615300,Timbaúba,PE,706,605
2615409,Toritama,PE,33,20
2615508,Tracunhaém,PE,242,222
2615607,Trindade,PE,1196,895
2615706,Triunfo,PE,1687,1121
2615805,Tupanatinga,PE,2635,2301
2615904,Tuparetama,PE,373,328
2616001,Venturosa,PE,1134,983
2616100,Verdejante,PE,1243,905
2616183,Vertente do Lério,PE,610,483
2616209,Vertentes,PE,790,528
2616308,Vicência,PE,768,398
2616407,Vitória de Santo Antão,PE,1834,1348
2616506,Xexéu,PE,119,89
2700102,Água Branca,AL,2122,1689
2700201,Anadia,AL,270,177
2700300,Arapiraca,AL,2930,2372
2700409,Atalaia,AL,440,308
2700508,Barra de Santo Antônio,AL,15,4
2700607,Barra de São Miguel,AL,15,9
2700706,Batalha,AL,735,628
2700805,Belém,AL,232,178
2700904,Belo Monte,AL,498,481
2701001,Boca da Mata,AL,210,138
2701100,Branquinha,AL,543,319
2701209,Cacimbinhas,AL,774,614
2701308,Cajueiro,AL,163,127
2701357,Campestre,AL,124,112
2701407,Campo Alegre,AL,337,201
2701506,Campo Grande,AL,1302,1258
2701605,Canapi,AL,1692,1456
2701704,Capela,AL,252,165
2701803,Carneiros,AL,616,511
2701902,Chã Preta,AL,420,345
2702009,Coité do Nóia,AL,1712,1392
2702108,Colônia Leopoldina,AL,354,288
2702207,Coqueiro Seco,AL,41,19
2702306,Coruripe,AL,700,561
2702355,Craíbas,AL,2932,2654
2702405,Delmiro Gouveia,AL,973,704
2702504,Dois Riachos,AL,1156,946
2702553,Estrela de Alagoas,AL,2676,2331
2702603,Feira Grande,AL,3275,2616
2702702,Feliz Deserto,AL,263,163
2702801,Flexeiras,AL,558,456
2702900,Girau do Ponciano,AL,4141,3785
2703007,Ibateguara,AL,419,358
2703106,Igaci,AL,2946,2600
2703205,Igreja Nova,AL,1414,1195
2703304,Inhapi,AL,1745,1366
2703403,Jacaré dos Homens,AL,538,424
2703502,Jacuípe,AL,444,400
2703601,Japaratinga,AL,158,100
2703700,Jaramataia,AL,401,289
2703759,Jequiá da Praia,AL,224,200
2703809,Joaquim Gomes,AL,751,643
2703908,Jundiá,AL,215,195
2704005,Junqueiro,AL,1563,1289
2704104,Lagoa da Canoa,AL,1583,1408
2704203,Limoeiro de Anadia,AL,1985,1668
2704302,Maceió,AL,44,17
2704401,Major Isidoro,AL,1985,1735
2704500,Maragogi,AL,1180,1030
2704609,Maravilha,AL,982,834
2704708,Marechal Deodoro,AL,101,48
2704807,Maribondo,AL,290,218
2704906,Mar Vermelho,AL,341,236
2705002,Mata Grande,AL,3260,2724
2705101,Matriz de Camaragibe,AL,312,267
2705200,Messias,AL,258,171
2705309,Minador do Negrão,AL,793,646
2705408,Monteirópolis,AL,316,298
2705507,Murici,AL,594,401
2705606,Novo Lino,AL,281,241
2705705,Olho d'Água das Flores,AL,1440,1296
2705804,Olho d'Água do Casado,AL,722,665
2705903,Olho d'Água Grande,AL,898,808
2706000,Olivença,AL,1593,1327
2706109,Ouro Branco,AL,835,682
2706208,Palestina,AL,120,88
2706307,Palmeira dos Índios,AL,3492,2689
2706406,Pão de Açúcar,AL,1539,1341
2706422,Pariconha,AL,757,677
2706448,Paripueira,AL,84,50
2706505,Passo de Camaragibe,AL,123,87
2706604,Paulo Jacinto,AL,337,251
2706703,Penedo,AL,1445,1151
2706802,Piaçabuçu,AL,206,133
2706901,Pilar,AL,145,68
2707008,Pindoba,AL,325,248
2707107,Piranhas,AL,1074,942
2707206,Poço das Trincheiras,AL,1486,1282
2707305,Porto Calvo,AL,416,345
2707404,Porto de Pedras,AL,241,172
2707503,Porto Real do Colégio,AL,1209,1144
2707602,Quebrangulo,AL,800,691
2707701,Rio Largo,AL,73,44
2707800,Roteiro,AL,78,55
2707909,Santa Luzia do Norte,AL,19,3
2708006,Santana do Ipanema,AL,2351,1923
2708105,Santana do Mundaú,AL,1679,1202
2708204,São Brás,AL,467,428
2708303,São José da Laje,AL,356,203
2708402,São José da Tapera,AL,2468,2252
2708501,São Luís do Quitunde,AL,883,794
2708600,São Miguel dos Campos,AL,148,76
2708709,São Miguel dos Milagres,AL,111,81
2708808,São Sebastião,AL,2625,2255
2708907,Satuba,AL,23,11
2708956,Senador Rui Palmeira,AL,1558,1397
2709004,Tanque d'Arca,AL,460,311
2709103,Taquarana,AL,2183,1793
2709152,Teotônio Vilela,AL,529,404
2709202,Traipu,AL,3163,2961
2709301,União dos Palmares,AL,1650,1388
2709400,Viçosa,AL,837,643
2800100,Amparo do São Francisco,SE,44,23
2800209,Aquidabã,SE,1516,1225
2800308,Aracaju,SE,114,72
2800407,Arauá,SE,983,706
2800506,Areia Branca,SE,873,670
2800605,Barra dos Coqueiros,SE,266,222
2800670,Boquim,SE,2555,2094
2800704,Brejo Grande,SE,459,312
2801009,Campo do Brito,SE,1156,920
2801108,Canhoba,SE,456,314
2801207,Canindé de São Francisco,SE,1229,1107
2801306,Capela,SE,1511,980
2801405,Carira,SE,1883,1337
2801504,Carmópolis,SE,118,69
2801603,Cedro de São João,SE,358,171
2801702,Cristinápolis,SE,1243,951
2801900,Cumbe,SE,439,223
2802007,Divina Pastora,SE,165,126
2802106,Estância,SE,1844,1282
2802205,Feira Nova,SE,562,355
2802304,Frei Paulo,SE,917,574
2802403,Gararu,SE,2253,1996
2802502,General Maynard,SE,183,136
2802601,Graccho Cardoso,SE,942,727
2802700,Ilha das Flores,SE,331,274
2802809,Indiaroba,SE,1794,1375
2802908,Itabaiana,SE,3262,2764
2803005,Itabaianinha,SE,3591,2380
2803104,Itabi,SE,727,631
2803203,Itaporanga d'Ajuda,SE,1780,1207
2803302,Japaratuba,SE,859,637
2803401,Japoatã,SE,983,835
2803500,Lagarto,SE,6909,4742
2803609,Laranjeiras,SE,263,190
2803708,Macambira,SE,492,407
2803807,Malhada dos Bois,SE,171,138
2803906,Malhador,SE,1189,1032
2804003,Maruim,SE,94,56
2804102,Moita Bonita,SE,2205,1703
2804201,Monte Alegre de Sergipe,SE,1162,1022
2804300,Muribeca,SE,331,232
2804409,Neópolis,SE,976,852
2804458,Nossa Senhora Aparecida,SE,2011,1689
2804508,Nossa Senhora da Glória,SE,2992,2526
2804607,Nossa Senhora das Dores,SE,1415,862
2804706,Nossa Senhora de Lourdes,SE,396,335
2804805,Nossa Senhora do Socorro,SE,331,149
2804904,Pacatuba,SE,1305,1047
2805000,Pedra Mole,SE,293,220
2805109,Pedrinhas,SE,592,508
2805208,Pinhão,SE,478,334
2805307,Pirambu,SE,675,398
2805406,Poço Redondo,SE,4077,3798
2805505,Poço Verde,SE,2105,1893
2805604,Porto da Folha,SE,2647,2293
2805703,Propriá,SE,637,492
2805802,Riachão do Dantas,SE,3594,2930
2805901,Riachuelo,SE,256,185
2806008,Ribeirópolis,SE,1847,1395
2806107,Rosário do Catete,SE,160,101
2806206,Salgado,SE,2075,1328
2806305,Santa Luzia do Itanhy,SE,1172,829
2806404,Santana do São Francisco,SE,60,47
2806503,Santa Rosa de Lima,SE,465,379
2806602,Santo Amaro das Brotas,SE,734,586
2806701,São Cristóvão,SE,946,601
2806800,São Domingos,SE,1509,1075
2806909,São Francisco,SE,165,128
2807006,São Miguel do Aleixo,SE,561,357
2807105,Simão Dias,SE,3491,2983
2807204,Siriri,SE,492,297
2807303,Telha,SE,137,79
2807402,Tobias Barreto,SE,3545,2893
2807501,Tomar do Geru,SE,1832,1389
2807600,Umbaúba,SE,1092,865
2900108,Abaíra,BA,919,820
2900207,Abaré,BA,1885,1700
2900306,Acajutiba,BA,1337,1203
2900355,Adustina,BA,3249,2744
2900405,Água Fria,BA,2165,1705
2900504,Érico Cardoso,BA,1989,1773
2900603,Aiquara,BA,329,202
2900702,Alagoinhas,BA,2546,2113
2900801,Alcobaça,BA,1246,1072
2900900,Almadina,BA,197,107
2901007,Amargosa,BA,2727,2232
2901106,Amélia Rodrigues,BA,323,232
2901155,América Dourada,BA,1301,989
2901205,Anagé,BA,2475,2065
2901304,Andaraí,BA,954,696
2901353,Andorinha,BA,2401,1799
2901403,Angical,BA,1292,991
2901502,Anguera,BA,839,641
2901601,Antas,BA,1823,1245
2901700,Antônio Cardoso,BA,2064,1336
2901809,Antônio Gonçalves,BA,843,670
2901908,Aporá,BA,2633,2090
2901957,Apuarema,BA,416,331
2902005,Aracatu,BA,3017,2159
2902054,Araçás,BA,851,685
2902104,Araci,BA,4779,3635
2902203,Aramari,BA,771,688
2902252,Arataca,BA,768,597
2902302,Aratuípe,BA,914,721
2902401,Aurelino Leal,BA,378,245
2902500,Baianópolis,BA,2130,1578
2902609,Baixa Grande,BA,2642,1951
2902658,Banzaê,BA,1754,1590
2902708,Barra,BA,2904,2612
2902807,Barra da Estiva,BA,3774,2566
2902906,Barra do Choça,BA,1996,1217
2903003,Barra do Mendes,BA,1995,1431
2903102,Barra do Rocha,BA,461,296
2903201,Barreiras,BA,2192,1204
2903235,Barro Alto,BA,1866,1455
2903276,Barrocas,BA,1589,1091
2903300,Barro Preto,BA,393,257
2903409,Belmonte,BA,1397,1113
2903508,Belo Campo,BA,1272,1153
2903607,Biritinga,BA,2577,2018
2903706,Boa Nova,BA,2080,1906
2903805,Boa Vista do Tupim,BA,2536,1901
2903904,Bom Jesus da Lapa,BA,3721,3045
2903953,Bom Jesus da Serra,BA,1570,1433
2904001,Boninal,BA,1114,882
2904050,Bonito,BA,1678,1212
2904100,Boquira,BA,3082,2603
2904209,Botuporã,BA,2223,1634
2904308,Brejões,BA,1428,930
2904407,Brejolândia,BA,1410,1047
2904506,Brotas de Macaúbas,BA,1640,1579
2904605,Brumado,BA,4600,3315
2904704,Buerarema,BA,571,416
2904753,Buritirama,BA,2211,2073
2904803,Caatiba,BA,679,497
2904852,Cabaceiras do Paraguaçu,BA,3118,2484
2904902,Cachoeira,BA,1989,1608
2905008,Caculé,BA,2499,1708
2905107,Caém,BA,1035,849
2905156,Caetanos,BA,1873,1511
2905206,Caetité,BA,4555,3609
2905305,Cafarnaum,BA,2227,1651
2905404,Cairu,BA,26,17
2905503,Caldeirão Grande,BA,1597,1458
2905602,Camacan,BA,747,610
2905701,Camaçari,BA,1175,730
2905800,Camamu,BA,2692,2228
2905909,Campo Alegre de Lourdes,BA,5260,4693
2906006,Campo Formoso,BA,5840,4842
2906105,Canápolis,BA,1601,1308
2906204,Canarana,BA,2588,1947
2906303,Canavieiras,BA,1560,1169
2906402,Candeal,BA,891,662
2906501,Candeias,BA,454,349
2906600,Candiba,BA,1917,1537
2906709,Cândido Sales,BA,1310,883
2906808,Cansanção,BA,3579,2937
2906824,Canudos,BA,1741,1365
2906857,Capela do Alto Alegre,BA,1237,922
2906873,Capim Grosso,BA,1087,839
2906899,Caraíbas,BA,1710,1266
2906907,Caravelas,BA,1005,752
2907004,Cardeal da Silva,BA,171,110
2907103,Carinhanha,BA,2550,2159
2907202,Casa Nova,BA,7509,5729
2907301,Castro Alves,BA,1662,1547
2907400,Catolândia,BA,515,396
2907509,Catu,BA,989,713
2907558,Caturama,BA,1797,1547
2907608,Central,BA,1994,1539
2907707,Chorrochó,BA,1172,1124
2907806,Cícero Dantas,BA,4711,3791
2907905,Cipó,BA,1213,937
2908002,Coaraci,BA,362,252
2908101,Cocos,BA,1657,1392
2908200,Conceição da Feira,BA,807,606
2908309,Conceição do Almeida,BA,1315,1072
2908408,Conceição do Coité,BA,5603,4282
2908507,Conceição do Jacuípe,BA,483,385
2908606,Conde,BA,2195,1276
2908705,Condeúba,BA,2730,2217
2908804,Contendas do Sincorá,BA,347,276
2908903,Coração de Maria,BA,2583,2081
2909000,Cordeiros,BA,1371,1126
2909109,Coribe,BA,1834,1646
2909208,Coronel João Sá,BA,2222,1554
2909307,Correntina,BA,3408,2648
2909406,Cotegipe,BA,1913,1444
2909505,Cravolândia,BA,221,195
2909604,Crisópolis,BA,4237,3627
2909703,Cristópolis,BA,1274,1108
2909802,Cruz das Almas,BA,1436,1255
2909901,Curaçá,BA,4655,3602
2910008,Dário Meira,BA,936,624
2910057,Dias d'Ávila,BA,194,119
2910107,Dom Basílio,BA,2053,1833
2910206,Dom Macedo Costa,BA,507,357
2910305,Elísio Medrado,BA,1266,922
2910404,Encruzilhada,BA,1871,1373
2910503,Entre Rios,BA,620,369
2910602,Esplanada,BA,2493,1616
2910701,Euclides da Cunha,BA,5686,4726
2910727,Eunápolis,BA,954,727
2910750,Fátima,BA,2480,2045
2910776,Feira da Mata,BA,1184,881
2910800,Feira de Santana,BA,9191,5693
2910859,Filadélfia,BA,1680,1376
2910909,Firmino Alves,BA,207,151
2911006,Floresta Azul,BA,410,303
2911105,Formosa do Rio Preto,BA,1352,919
2911204,Gandu,BA,1227,988
2911253,Gavião,BA,592,496
2911303,Gentio do Ouro,BA,871,796
2911402,Glória,BA,1498,1296
2911501,Gongogi,BA,251,173
2911600,Governador Mangabeira,BA,2144,1626
2911659,Guajeru,BA,1867,1538
2911709,Guanambi,BA,4417,3559
2911808,Guaratinga,BA,2121,1649
2911857,Heliópolis,BA,2036,1759
2911907,Iaçu,BA,1675,938
2912004,Ibiassucê,BA,1629,1260
2912103,Ibicaraí,BA,264,157
2912202,Ibicoara,BA,1722,985
2912301,Ibicuí,BA,1061,646
2912400,Ibipeba,BA,2207,1647
2912509,Ibipitanga,BA,2436,1852
2912608,Ibiquera,BA,582,482
2912707,Ibirapitanga,BA,2025,1530
2912806,Ibirapuã,BA,493,341
2912905,Ibirataia,BA,941,666
2913002,Ibitiara,BA,2178,1702
2913101,Ibititá,BA,2571,1948
2913200,Ibotirama,BA,1503,1185
2913309,Ichu,BA,514,375
2913408,Igaporã,BA,1410,1010
2913457,Igrapiúna,BA,2245,1783
2913507,Iguaí,BA,2013,1598
2913606,Ilhéus,BA,3559,2493
2913705,Inhambupe,BA,4151,2813
2913804,Ipecaetá,BA,3484,2777
2913903,Ipiaú,BA,866,608
2914000,Ipirá,BA,6199,4917
2914109,Ipupiara,BA,1066,899
2914208,Irajuba,BA,442,362
2914307,Iramaia,BA,945,657
2914406,Iraquara,BA,2987,2360
2914505,Irará,BA,3294,2864
2914604,Irecê,BA,800,604
2914653,Itabela,BA,660,363
2914703,Itaberaba,BA,2996,2178
2914802,Itabuna,BA,923,601
2914901,Itacaré,BA,2606,1965
2915007,Itaeté,BA,1437,1129
2915106,Itagi,BA,566,419
2915205,Itagibá,BA,956,617
2915304,Itagimirim,BA,236,152
2915353,Itaguaçu da Bahia,BA,1429,1028
2915403,Itaju do Colônia,BA,307,156
2915502,Itajuípe,BA,632,403
2915601,Itamaraju,BA,2213,1510
2915700,Itamari,BA,776,611
2915809,Itambé,BA,1436,881
2915908,Itanagra,BA,311,188
2916005,Itanhém,BA,1514,1158
2916104,Itaparica,BA,86,82
2916203,Itapé,BA,322,169
2916302,Itapebi,BA,242,137
2916401,Itapetinga,BA,672,276
2916500,Itapicuru,BA,5073,3581
2916609,Itapitanga,BA,323,250
2916708,Itaquara,BA,586,500
2916807,Itarantim,BA,926,450
2916856,Itatim,BA,708,464
2916906,Itiruçu,BA,614,445
2917003,Itiúba,BA,3432,3038
2917102,Itororó,BA,490,364
2917201,Ituaçu,BA,2652,1909
2917300,Ituberá,BA,1540,1413
2917334,Iuiu,BA,1096,821
2917359,Jaborandi,BA,1320,1137
2917409,Jacaraci,BA,2493,2123
2917508,Jacobina,BA,2294,1822
2917607,Jaguaquara,BA,2406,2003
2917706,Jaguarari,BA,2007,1657
2917805,Jaguaripe,BA,2067,1761
2917904,Jandaíra,BA,668,394
2918001,Jequié,BA,2657,1975
2918100,Jeremoabo,BA,4169,3529
2918209,Jiquiriçá,BA,2462,2019
2918308,Jitaúna,BA,1023,820
2918357,João Dourado,BA,1347,985
2918407,Juazeiro,BA,7288,4402
2918456,Jucuruçu,BA,1281,1009
2918506,Jussara,BA,1765,1402
2918555,Jussari,BA,194,108
2918605,Jussiape,BA,809,739
2918704,Lafaiete Coutinho,BA,562,376
2918753,Lagoa Real,BA,2307,1853
2918803,Laje,BA,3942,2978
2918902,Lajedão,BA,242,183
2919009,Lajedinho,BA,499,371
2919058,Lajedo do Tabocal,BA,915,799
2919108,Lamarão,BA,1619,1131
2919157,Lapão,BA,2432,1761
2919207,Lauro de Freitas,BA,30,17
2919306,Lençóis,BA,497,277
2919405,Licínio de Almeida,BA,1458,910
2919504,Livramento de Nossa Senhora,BA,4636,4069
2919553,Luís Eduardo Magalhães,BA,429,180
2919603,Macajuba,BA,873,713
2919702,Macarani,BA,344,167
2919801,Macaúbas,BA,7189,5799
2919900,Macururé,BA,996,796
2919959,Maetinga,BA,953,816
2920007,Maiquinique,BA,385,250
2920106,Mairi,BA,2316,1766
2920205,Malhada,BA,1966,1530
2920304,Malhada de Pedras,BA,1662,1072
2920403,Manoel Vitorino,BA,1703,1383
2920452,Mansidão,BA,1237,1038
2920502,Maracás,BA,1465,990
2920601,Maragogipe,BA,4044,3387
2920700,Maraú,BA,2212,1670
2920809,Marcionílio Souza,BA,804,617
2920908,Mascote,BA,567,379
2921005,Mata de São João,BA,515,375
2921054,Matina,BA,1361,1249
2921104,Medeiros Neto,BA,746,485
2921203,Miguel Calmon,BA,2074,1371
2921302,Milagres,BA,267,201
2921401,Mirangaba,BA,1777,1643
2921450,Mirante,BA,1577,1240
2921500,Monte Santo,BA,6488,5548
2921609,Morpará,BA,828,613
2921708,Morro do Chapéu,BA,2471,2091
2921807,Mortugaba,BA,1887,1369
2921906,Mucugê,BA,814,638
2922003,Mucuri,BA,987,752
2922052,Mulungu do Morro,BA,3116,2039
2922102,Mundo Novo,BA,1710,1118
2922201,Muniz Ferreira,BA,1025,675
2922250,Muquém do São Francisco,BA,1488,1162
2922300,Muritiba,BA,1934,1415
2922409,Mutuípe,BA,3782,3279
2922508,Nazaré,BA,957,715
2922607,Nilo Peçanha,BA,1660,1368
2922656,Nordestina,BA,1107,931
2922706,Nova Canaã,BA,2136,1615
2922730,Nova Fátima,BA,1124,901
2922755,Nova Ibiá,BA,873,646
2922805,Nova Itarana,BA,647,419
2922854,Nova Redenção,BA,1069,857
2922904,Nova Soure,BA,3537,2728
2923001,Nova Viçosa,BA,552,446
2923035,Novo Horizonte,BA,878,725
2923050,Novo Triunfo,BA,1195,868
2923100,Olindina,BA,2038,1575
2923209,Oliveira dos Brejinhos,BA,2854,2397
2923308,Ouriçangas,BA,1048,925
2923357,Ourolândia,BA,1279,1032
2923407,Palmas de Monte Alto,BA,3214,2516
2923506,Palmeiras,BA,462,377
2923605,Paramirim,BA,2991,2206
2923704,Paratinga,BA,3621,3125
2923803,Paripiranga,BA,5088,3882
2923902,Pau Brasil,BA,1039,950
2924009,Paulo Afonso,BA,1797,1454
2924058,Pé de Serra,BA,1677,1384
2924108,Pedrão,BA,656,613
2924207,Pedro Alexandre,BA,1788,1141
2924306,Piatã,BA,1991,1572
2924405,Pilão Arcado,BA,5178,4860
2924504,Pindaí,BA,2512,2052
2924603,Pindobaçu,BA,986,650
2924652,Pintadas,BA,1483,1159
2924678,Piraí do Norte,BA,2360,1018
2924702,Piripá,BA,1031,804
2924801,Piritiba,BA,1582,1020
2924900,Planaltino,BA,961,844
2925006,Planalto,BA,1571,1224
2925105,Poções,BA,2496,1902
2925204,Pojuca,BA,379,293
2925253,Ponto Novo,BA,1431,1232
2925303,Porto Seguro,BA,1538,1040
2925402,Potiraguá,BA,299,108
2925501,Prado,BA,1165,887
2925600,Presidente Dutra,BA,2292,1684
2925709,Presidente Jânio Quadros,BA,2104,1937
2925758,Presidente Tancredo Neves,BA,4412,3433
2925808,Queimadas,BA,2311,1613
2925907,Quijingue,BA,4268,3557
2925931,Quixabeira,BA,980,801
2925956,Rafael Jambeiro,BA,3085,2176
2926004,Remanso,BA,3713,3217
2926103,Retirolândia,BA,1310,945
2926202,Riachão das Neves,BA,1628,1215
2926301,Riachão do Jacuípe,BA,2509,1780
2926400,Riacho de Santana,BA,3864,3160
2926509,Ribeira do Amparo,BA,2769,2373
2926608,Ribeira do Pombal,BA,5010,4128
2926657,Ribeirão do Largo,BA,1598,1213
2926707,Rio de Contas,BA,1358,1016
2926806,Rio do Antônio,BA,2454,2060
2926905,Rio do Pires,BA,1406,1126
2927002,Rio Real,BA,3434,2069
2927101,Rodelas,BA,997,789
2927200,Ruy Barbosa,BA,1775,1320
2927309,Salinas da Margarida,BA,87,47
2927408,Salvador,BA,50,33
2927507,Santa Bárbara,BA,1411,1109
2927606,Santa Brígida,BA,2136,1775
2927705,Santa Cruz Cabrália,BA,884,567
2927804,Santa Cruz da Vitória,BA,215,159
2927903,Santa Inês,BA,145,116
2928000,Santaluz,BA,2589,1943
2928059,Santa Luzia,BA,1176,843
2928109,Santa Maria da Vitória,BA,2719,2205
2928208,Santana,BA,2287,1897
2928307,Santanópolis,BA,1323,1077
2928406,Santa Rita de Cássia,BA,2368,1927
2928505,Santa Terezinha,BA,616,531
2928604,Santo Amaro,BA,2963,2604
2928703,Santo Antônio de Jesus,BA,2715,1996
2928802,Santo Estêvão,BA,4973,3769
2928901,São Desidério,BA,2305,1721
2928950,São Domingos,BA,842,639
2929008,São Félix,BA,987,868
2929057,São Félix do Coribe,BA,982,809
2929107,São Felipe,BA,2143,1783
2929206,São Francisco do Conde,BA,370,276
2929255,São Gabriel,BA,2038,1454
2929305,São Gonçalo dos Campos,BA,2279,1411
2929354,São José da Vitória,BA,249,185
2929370,São José do Jacuípe,BA,826,642
2929404,São Miguel das Matas,BA,1981,1538
2929503,São Sebastião do Passé,BA,1166,860
2929602,Sapeaçu,BA,1760,1386
2929701,Sátiro Dias,BA,2325,1844
2929750,Saubara,BA,94,69
2929800,Saúde,BA,870,710
2929909,Seabra,BA,3253,2721
2930006,Sebastião Laranjeiras,BA,1404,994
2930105,Senhor do Bonfim,BA,1487,1195
2930154,Serra do Ramalho,BA,2927,2517
2930204,Sento Sé,BA,2248,2111
2930303,Serra Dourada,BA,2141,1783
2930402,Serra Preta,BA,1760,1250
2930501,Serrinha,BA,5841,3867
2930600,Serrolândia,BA,1080,767
2930709,Simões Filho,BA,355,230
2930758,Sítio do Mato,BA,1370,1264
2930766,Sítio do Quinto,BA,2839,2510
2930774,Sobradinho,BA,561,351
2930808,Souto Soares,BA,2458,1920
2930907,Tabocas do Brejo Velho,BA,1701,1275
2931004,Tanhaçu,BA,2737,2067
2931053,Tanque Novo,BA,2612,2267
2931103,Tanquinho,BA,568,414
2931202,Taperoá,BA,1678,1489
2931301,Tapiramutá,BA,806,582
2931350,Teixeira de Freitas,BA,967,638
2931400,Teodoro Sampaio,BA,192,133
2931509,Teofilândia,BA,1961,1347
2931608,Teolândia,BA,1931,1658
2931707,Terra Nova,BA,154,118
2931806,Tremedal,BA,2542,2219
2931905,Tucano,BA,5007,4315
2932002,Uauá,BA,3215,2917
2932101,Ubaíra,BA,3045,2623
2932200,Ubaitaba,BA,272,211
2932309,Ubatã,BA,607,425
2932408,Uibaí,BA,1837,1288
2932457,Umburanas,BA,1367,907
2932507,Una,BA,1870,1473
2932606,Urandi,BA,2076,1771
2932705,Uruçuca,BA,1376,1114
2932804,Utinga,BA,1049,871
2932903,Valença,BA,5866,4881
2933000,Valente,BA,1511,1191
2933059,Várzea da Roça,BA,2272,2028
2933109,Várzea do Poço,BA,586,471
2933158,Várzea Nova,BA,1542,1395
2933174,Varzedo,BA,1354,1163
2933208,Vera Cruz,BA,231,155
2933257,Vereda,BA,284,194
2933307,Vitória da Conquista,BA,6548,4681
2933406,Wagner,BA,724,554
2933455,Wanderley,BA,1660,1053
2933505,Wenceslau Guimarães,BA,3446,2883
2933604,Xique-Xique,BA,2453,2176
3100104,Abadia dos Dourados,MG,1070,885
3100203,Abaeté,MG,983,526
3100302,Abre Campo,MG,1640,1418
3100401,Acaiaca,MG,290,185
3100500,Açucena,MG,765,612
3100609,Água Boa,MG,1739,1116
3100708,Água Comprida,MG,105,40
3100807,Aguanil,MG,326,220
3100906,Águas Formosas,MG,1515,1317
3101003,Águas Vermelhas,MG,614,453
3101102,Aimorés,MG,1399,1010
3101201,Aiuruoca,MG,554,356
3101300,Alagoa,MG,306,286
3101409,Albertina,MG,206,153
3101508,Além Paraíba,MG,366,169
3101607,Alfenas,MG,972,607
3101631,Alfredo Vasconcelos,MG,377,311
3101706,Almenara,MG,1643,1112
3101805,Alpercata,MG,192,129
3101904,Alpinópolis,MG,1132,852
3102001,Alterosa,MG,1384,1140
3102050,Alto Caparaó,MG,376,264
3102100,Alto Rio Doce,MG,1472,1379
3102209,Alvarenga,MG,468,407
3102308,Alvinópolis,MG,777,616
3102407,Alvorada de Minas,MG,201,101
3102506,Amparo do Serra,MG,462,375
3102605,Andradas,MG,1719,1489
3102704,Cachoeira de Pajeú,MG,754,552
3102803,Andrelândia,MG,612,454
3102852,Angelândia,MG,789,514
3102902,Antônio Carlos,MG,444,286
3103009,Antônio Dias,MG,548,343
3103108,Antônio Prado de Minas,MG,215,188
3103207,Araçaí,MG,101,28
3103306,Aracitaba,MG,140,107
3103405,Araçuaí,MG,2589,2154
3103504,Araguari,MG,2124,1300
3103603,Arantina,MG,121,90
3103702,Araponga,MG,1438,1281
3103751,Araporã,MG,106,55
3103801,Arapuá,MG,408,282
3103900,Araújos,MG,361,282
3104007,Araxá,MG,470,236
3104106,Arceburgo,MG,201,123
3104205,Arcos,MG,942,774
3104304,Areado,MG,770,562
3104403,Argirita,MG,310,171
3104452,Aricanduva,MG,825,583
3104502,Arinos,MG,1803,1232
3104601,Astolfo Dutra,MG,468,416
3104700,Ataléia,MG,1540,1045
3104809,Augusto de Lima,MG,258,144
3104908,Baependi,MG,768,653
3105004,Baldim,MG,354,201
3105103,Bambuí,MG,1525,1004
3105202,Bandeira,MG,478,420
3105301,Bandeira do Sul,MG,160,86
3105400,Barão de Cocais,MG,263,195
3105509,Barão do Monte Alto,MG,335,232
3105608,Barbacena,MG,1449,1179
3105707,Barra Longa,MG,498,339
3105905,Barroso,MG,136,114
3106002,Bela Vista de Minas,MG,50,30
3106101,Belmiro Braga,MG,206,58
3106200,Belo Horizonte,MG,48,32
3106309,Belo Oriente,MG,481,338
3106408,Belo Vale,MG,711,468
3106507,Berilo,MG,1489,1275
3106606,Bertópolis,MG,375,304
3106655,Berizal,MG,266,202
3106705,Betim,MG,233,147
3106804,Bias Fortes,MG,417,290
3106903,Bicas,MG,124,43
3107000,Biquinhas,MG,484,305
3107109,Boa Esperança,MG,1512,983
3107208,Bocaina de Minas,MG,389,286
3107307,Bocaiúva,MG,2551,2070
3107406,Bom Despacho,MG,1121,717
3107505,Bom Jardim de Minas,MG,242,180
3107604,Bom Jesus da Penha,MG,464,369
3107703,Bom Jesus do Amparo,MG,287,139
3107802,Bom Jesus do Galho,MG,1139,950
3107901,Bom Repouso,MG,1521,1465
3108008,Bom Sucesso,MG,532,358
3108107,Bonfim,MG,559,482
3108206,Bonfinópolis de Minas,MG,714,484
3108255,Bonito de Minas,MG,1276,1051
3108305,Borda da Mata,MG,910,710
3108404,Botelhos,MG,899,656
3108503,Botumirim,MG,817,615
3108552,Brasilândia de Minas,MG,537,363
3108602,Brasília de Minas,MG,2463,1992
3108701,Brás Pires,MG,262,228
3108800,Braúnas,MG,535,411
3108909,Brazópolis,MG,785,666
3109006,Brumadinho,MG,443,238
3109105,Bueno Brandão,MG,1679,1541
3109204,Buenópolis,MG,338,211
3109253,Bugre,MG,189,165
3109303,Buritis,MG,1758,1266
3109402,Buritizeiro,MG,759,505
3109451,Cabeceira Grande,MG,342,268
3109501,Cabo Verde,MG,1250,909
3109600,Cachoeira da Prata,MG,35,16
3109709,Cachoeira de Minas,MG,1148,887
3109808,Cachoeira Dourada,MG,76,37
3109907,Caetanópolis,MG,181,97
3110004,Caeté,MG,784,369
3110103,Caiana,MG,555,304
3110202,Cajuri,MG,434,246
3110301,Caldas,MG,1643,1387
3110400,Camacho,MG,362,339
3110509,Camanducaia,MG,1041,761
3110608,Cambuí,MG,997,702
3110707,Cambuquira,MG,454,287
3110806,Campanário,MG,168,73
3110905,Campanha,MG,875,608
3111002,Campestre,MG,2076,1764
3111101,Campina Verde,MG,2211,1218
3111150,Campo Azul,MG,447,358
3111200,Campo Belo,MG,782,580
3111309,Campo do Meio,MG,884,685
3111408,Campo Florido,MG,561,344
3111507,Campos Altos,MG,411,237
3111606,Campos Gerais,MG,3009,2116
3111705,Canaã,MG,666,560
3111804,Canápolis,MG,298,148
3111903,Cana Verde,MG,387,335
3112000,Candeias,MG,1303,879
3112059,Cantagalo,MG,222,134
3112109,Caparaó,MG,562,420
3112208,Capela Nova,MG,437,396
3112307,Capelinha,MG,2078,1407
3112406,Capetinga,MG,375,233
3112505,Capim Branco,MG,76,21
3112604,Capinópolis,MG,328,180
3112653,Capitão Andrade,MG,299,197
3112703,Capitão Enéas,MG,486,296
3112802,Capitólio,MG,597,454
3112901,Caputira,MG,759,575
3113008,Caraí,MG,2310,1799
3113107,Caranaíba,MG,222,182
3113206,Carandaí,MG,695,524
3113305,Carangola,MG,1297,953
3113404,Caratinga,MG,2667,2005
3113503,Carbonita,MG,667,481
3113602,Careaçu,MG,382,250
3113701,Carlos Chagas,MG,951,498
3113800,Carmésia,MG,193,140
3113909,Carmo da Cachoeira,MG,516,311
3114006,Carmo da Mata,MG,403,278
3114105,Carmo de Minas,MG,348,152
3114204,Carmo do Cajuru,MG,1032,623
3114303,Carmo do Paranaíba,MG,1544,1184
3114402,Carmo do Rio Claro,MG,1632,1279
3114501,Carmópolis de Minas,MG,840,691
3114550,Carneirinho,MG,683,374
3114600,Carrancas,MG,226,133
3114709,Carvalhópolis,MG,414,367
3114808,Carvalhos,MG,465,401
3114907,Casa Grande,MG,274,240
3115003,Cascalho Rico,MG,306,208
3115102,Cássia,MG,640,376
3115201,Conceição da Barra de Minas,MG,302,259
3115300,Cataguases,MG,698,527
3115359,Catas Altas,MG,126,58
3115409,Catas Altas da Noruega,MG,290,233
3115458,Catuji,MG,352,312
3115474,Catuti,MG,565,318
3115508,Caxambu,MG,99,51
3115607,Cedro do Abaeté,MG,124,87
3115706,Central de Minas,MG,329,251
3115805,Centralina,MG,165,79
3115904,Chácara,MG,173,112
3116001,Chalé,MG,741,582
3116100,Chapada do Norte,MG,2262,1534
3116159,Chapada Gaúcha,MG,955,671
3116209,Chiador,MG,224,144
3116308,Cipotânea,MG,757,702
3116407,Claraval,MG,606,442
3116506,Claro dos Poções,MG,842,706
3116605,Cláudio,MG,1257,776
3116704,Coimbra,MG,431,337
3116803,Coluna,MG,598,410
3116902,Comendador Gomes,MG,498,282
3117009,Comercinho,MG,1219,1092
3117108,Conceição da Aparecida,MG,1355,1055
3117207,Conceição das Pedras,MG,318,253
3117306,Conceição das Alagoas,MG,465,253
3117405,Conceição de Ipanema,MG,795,616
3117504,Conceição do Mato Dentro,MG,1397,922
3117603,Conceição do Pará,MG,447,263
3117702,Conceição do Rio Verde,MG,371,251
3117801,Conceição dos Ouros,MG,367,237
3117836,Cônego Marinho,MG,838,717
3117876,Confins,MG,8,5
3117900,Congonhal,MG,872,732
3118007,Congonhas,MG,107,57
3118106,Congonhas do Norte,MG,350,288
3118205,Conquista,MG,233,123
3118304,Conselheiro Lafaiete,MG,375,223
3118403,Conselheiro Pena,MG,1386,964
3118502,Consolação,MG,314,236
3118601,Contagem,MG,94,55
3118700,Coqueiral,MG,909,599
3118809,Coração de Jesus,MG,2688,2223
3118908,Cordisburgo,MG,510,301
3119005,Cordislândia,MG,147,73
3119104,Corinto,MG,582,386
3119203,Coroaci,MG,670,467
3119302,Coromandel,MG,2008,1254
3119401,Coronel Fabriciano,MG,183,116
3119500,Coronel Murta,MG,832,564
3119609,Coronel Pacheco,MG,133,76
3119708,Coronel Xavier Chaves,MG,182,151
3119807,Córrego Danta,MG,658,387
3119906,Córrego do Bom Jesus,MG,297,218
3119955,Córrego Fundo,MG,154,113
3120003,Córrego Novo,MG,304,287
3120102,Couto de Magalhães de Minas,MG,155,81
3120151,Crisólita,MG,584,463
3120201,Cristais,MG,911,637
3120300,Cristália,MG,739,644
3120409,Cristiano Otoni,MG,141,101
3120508,Cristina,MG,672,559
3120607,Crucilândia,MG,562,325
3120706,Cruzeiro da Fortaleza,MG,221,145
3120805,Cruzília,MG,549,341
3120839,Cuparaque,MG,277,170
3120870,Curral de Dentro,MG,440,301
3120904,Curvelo,MG,1093,645
3121001,Datas,MG,217,161
3121100,Delfim Moreira,MG,509,367
3121209,Delfinópolis,MG,536,277
3121258,Delta,MG,70,37
3121308,Descoberto,MG,306,207
3121407,Desterro de Entre Rios,MG,1123,847
3121506,Desterro do Melo,MG,391,357
3121605,Diamantina,MG,892,517
3121704,Diogo de Vasconcelos,MG,627,507
3121803,Dionísio,MG,468,320
3121902,Divinésia,MG,237,158
3122009,Divino,MG,2284,1884
3122108,Divino das Laranjeiras,MG,276,180
3122207,Divinolândia de Minas,MG,229,157
3122306,Divinópolis,MG,1627,1054
3122355,Divisa Alegre,MG,96,77
3122405,Divisa Nova,MG,420,330
3122454,Divisópolis,MG,539,309
3122470,Dom Bosco,MG,374,309
3122504,Dom Cavati,MG,155,126
3122603,Dom Joaquim,MG,241,121
3122702,Dom Silvério,MG,327,209
3122801,Dom Viçoso,MG,239,169
3122900,Dona Euzébia,MG,231,165
3123007,Dores de Campos,MG,156,123
3123106,Dores de Guanhães,MG,384,275
3123205,Dores do Indaiá,MG,643,338
3123304,Dores do Turvo,MG,383,256
3123403,Doresópolis,MG,151,124
3123502,Douradoquara,MG,231,168
3123528,Durandé,MG,653,528
3123601,Elói Mendes,MG,1059,741
3123700,Engenheiro Caldas,MG,253,168
3123809,Engenheiro Navarro,MG,472,354
3123858,Entre Folhas,MG,332,279
3123908,Entre Rios de Minas,MG,897,680
3124005,Ervália,MG,1936,1609
3124104,Esmeraldas,MG,961,338
3124203,Espera Feliz,MG,1552,971
3124302,Espinosa,MG,2988,2205
3124401,Espírito Santo do Dourado,MG,695,542
3124500,Estiva,MG,1572,1332
3124609,Estrela Dalva,MG,123,68
3124708,Estrela do Indaiá,MG,442,188
3124807,Estrela do Sul,MG,577,373
3124906,Eugenópolis,MG,938,733
3125002,Ewbank da Câmara,MG,52,26
3125101,Extrema,MG,526,340
3125200,Fama,MG,176,111
3125309,Faria Lemos,MG,235,166
3125408,Felício dos Santos,MG,827,622
3125507,São Gonçalo do Rio Preto,MG,243,173
3125606,Felisburgo,MG,381,264
3125705,Felixlândia,MG,602,437
3125804,Fernandes Tourinho,MG,158,99
3125903,Ferros,MG,1047,744
3125952,Fervedouro,MG,1258,1065
3126000,Florestal,MG,247,166
3126109,Formiga,MG,1616,1164
3126208,Formoso,MG,723,433
3126307,Fortaleza de Minas,MG,388,259
3126406,Fortuna de Minas,MG,193,109
3126505,Francisco Badaró,MG,1384,1165
3126604,Francisco Dumont,MG,349,262
3126703,Francisco Sá,MG,2354,1487
3126752,Franciscópolis,MG,643,449
3126802,Frei Gaspar,MG,443,303
3126901,Frei Inocêncio,MG,283,151
3126950,Frei Lagonegro,MG,401,308
3127008,Fronteira,MG,314,241
3127057,Fronteira dos Vales,MG,345,301
3127073,Fruta de Leite,MG,722,571
3127107,Frutal,MG,1918,1245
3127206,Funilândia,MG,129,58
3127305,Galiléia,MG,486,261
3127339,Gameleiras,MG,944,769
3127354,Glaucilândia,MG,416,303
3127370,Goiabeira,MG,183,158
3127388,Goianá,MG,192,118
3127404,Gonçalves,MG,529,374
3127503,Gonzaga,MG,415,353
3127602,Gouveia,MG,466,332
3127701,Governador Valadares,MG,1710,1117
3127800,Grão Mogol,MG,1948,1404
3127909,Grupiara,MG,82,59
3128006,Guanhães,MG,976,529
3128105,Guapé,MG,1594,1227
3128204,Guaraciaba,MG,1209,982
3128253,Guaraciama,MG,593,417
3128303,Guaranésia,MG,563,411
3128402,Guarani,MG,485,293
3128501,Guarará,MG,119,64
3128600,Guarda-Mor,MG,784,486
3128709,Guaxupé,MG,422,233
3128808,Guidoval,MG,392,336
3128907,Guimarânia,MG,540,404
3129004,Guiricema,MG,1248,948
3129103,Gurinhatã,MG,1048,607
3129202,Heliodora,MG,561,398
3129301,Iapu,MG,891,680
3129400,Ibertioga,MG,239,164
3129509,Ibiá,MG,819,501
3129608,Ibiaí,MG,348,262
3129657,Ibiracatu,MG,485,375
3129707,Ibiraci,MG,948,577
3129806,Ibirité,MG,75,42
3129905,Ibitiúra de Minas,MG,383,372
3130002,Ibituruna,MG,172,129
3130051,Icaraí de Minas,MG,1161,882
3130101,Igarapé,MG,174,108
3130200,Igaratinga,MG,448,373
3130309,Iguatama,MG,460,323
3130408,Ijaci,MG,122,95
3130507,Ilicínea,MG,1042,791
3130556,Imbé de Minas,MG,1064,918
3130606,Inconfidentes,MG,870,776
3130655,Indaiabira,MG,1265,1047
3130705,Indianópolis,MG,433,276
3130804,Ingaí,MG,236,142
3130903,Inhapim,MG,2509,1990
3131000,Inhaúma,MG,183,78
3131109,Inimutaba,MG,254,28
3131158,Ipaba,MG,140,115
3131208,Ipanema,MG,939,757
3131307,Ipatinga,MG,114,62
3131406,Ipiaçu,MG,152,66
3131505,Ipuiúna,MG,461,372
3131604,Iraí de Minas,MG,507,396
3131703,Itabira,MG,1665,854
3131802,Itabirinha,MG,609,466
3131901,Itabirito,MG,242,102
3132008,Itacambira,MG,663,574
3132107,Itacarambi,MG,558,424
3132206,Itaguara,MG,911,767
3132305,Itaipé,MG,1180,982
3132404,Itajubá,MG,784,466
3132503,Itamarandiba,MG,2426,1768
3132602,Itamarati de Minas,MG,445,407
3132701,Itambacuri,MG,1491,934
3132800,Itambé do Mato Dentro,MG,443,267
3132909,Itamogi,MG,793,652
3133006,Itamonte,MG,559,459
3133105,Itanhandu,MG,265,193
3133204,Itanhomi,MG,594,452
3133303,Itaobim,MG,897,731
3133402,Itapagipe,MG,1374,994
3133501,Itapecerica,MG,1202,875
3133600,Itapeva,MG,498,343
3133709,Itatiaiuçu,MG,236,161
3133758,Itaú de Minas,MG,147,114
3133808,Itaúna,MG,618,417
3133907,Itaverava,MG,339,282
3134004,Itinga,MG,1230,1039
3134103,Itueta,MG,757,481
3134202,Ituiutaba,MG,1465,768
3134301,Itumirim,MG,348,248
3134400,Iturama,MG,558,276
3134509,Itutinga,MG,288,207
3134608,Jaboticatubas,MG,736,503
3134707,Jacinto,MG,757,619
3134806,Jacuí,MG,1075,862
3134905,Jacutinga,MG,953,742
3135001,Jaguaraçu,MG,114,70
3135050,Jaíba,MG,2620,1863
3135076,Jampruca,MG,472,258
3135100,Janaúba,MG,1585,1054
3135209,Januária,MG,3418,2714
3135308,Japaraíba,MG,181,137
3135357,Japonvar,MG,1033,843
3135407,Jeceaba,MG,429,349
3135456,Jenipapo de Minas,MG,697,557
3135506,Jequeri,MG,1253,1023
3135605,Jequitaí,MG,415,358
3135704,Jequitibá,MG,419,254
3135803,Jequitinhonha,MG,1734,1174
3135902,Jesuânia,MG,380,278
3136009,Joaíma,MG,915,645
3136108,Joanésia,MG,610,435
3136207,João Monlevade,MG,90,62
3136306,João Pinheiro,MG,2634,1664
3136405,Joaquim Felício,MG,279,202
3136504,Jordânia,MG,611,504
3136520,José Gonçalves de Minas,MG,601,385
3136553,José Raydan,MG,319,247
3136579,Josenópolis,MG,670,521
3136603,Nova União,MG,490,364
3136652,Juatuba,MG,42,18
3136702,Juiz de Fora,MG,1049,564
3136801,Juramento,MG,319,176
3136900,Juruaia,MG,1177,912
3136959,Juvenília,MG,445,322
3137007,Ladainha,MG,2181,1749
3137106,Lagamar,MG,917,701
3137205,Lagoa da Prata,MG,360,232
3137304,Lagoa dos Patos,MG,481,327
3137403,Lagoa Dourada,MG,714,483
3137502,Lagoa Formosa,MG,1464,1203
3137536,Lagoa Grande,MG,697,499
3137601,Lagoa Santa,MG,116,34
3137700,Lajinha,MG,1867,1552
3137809,Lambari,MG,1300,1100
3137908,Lamim,MG,351,257
3138005,Laranjal,MG,704,650
3138104,Lassance,MG,647,471
3138203,Lavras,MG,808,522
3138302,Leandro Ferreira,MG,265,143
3138351,Leme do Prado,MG,327,198
3138401,Leopoldina,MG,1320,737
3138500,Liberdade,MG,472,321
3138609,Lima Duarte,MG,683,448
3138625,Limeira do Oeste,MG,714,420
3138658,Lontra,MG,567,438
3138674,Luisburgo,MG,1113,848
3138682,Luislândia,MG,443,377
3138708,Luminárias,MG,276,186
3138807,Luz,MG,833,468
3138906,Machacalis,MG,347,230
3139003,Machado,MG,1623,1265
3139102,Madre de Deus de Minas,MG,226,121
3139201,Malacacheta,MG,1270,1138
3139250,Mamonas,MG,1133,1026
3139300,Manga,MG,1006,836
3139409,Manhuaçu,MG,2822,2126
3139508,Manhumirim,MG,702,516
3139607,Mantena,MG,1165,986
3139706,Maravilhas,MG,278,199
3139805,Mar de Espanha,MG,428,231
3139904,Maria da Fé,MG,627,477
3140001,Mariana,MG,564,392
3140100,Marilac,MG,142,77
3140159,Mário Campos,MG,140,91
3140209,Maripá de Minas,MG,188,119
3140308,Marliéria,MG,199,112
3140407,Marmelópolis,MG,279,249
3140506,Martinho Campos,MG,529,323
3140530,Martins Soares,MG,639,535
3140555,Mata Verde,MG,377,304
3140605,Materlândia,MG,385,233
3140704,Mateus Leme,MG,452,306
3140803,Matias Barbosa,MG,70,32
3140852,Matias Cardoso,MG,696,446
3140902,Matipó,MG,1043,816
3141009,Mato Verde,MG,1113,734
3141108,Matozinhos,MG,84,24
3141207,Matutina,MG,404,330
3141306,Medeiros,MG,599,379
3141405,Medina,MG,1658,1208
3141504,Mendes Pimentel,MG,562,429
3141603,Mercês,MG,710,572
3141702,Mesquita,MG,637,452
3141801,Minas Novas,MG,3210,2274
3141900,Minduri,MG,95,59
3142007,Mirabela,MG,933,772
3142106,Miradouro,MG,1016,838
3142205,Miraí,MG,747,426
3142254,Miravânia,MG,545,468
3142304,Moeda,MG,130,75
3142403,Moema,MG,310,208
3142502,Monjolos,MG,144,87
3142601,Monsenhor Paulo,MG,367,252
3142700,Montalvânia,MG,1211,1032
3142809,Monte Alegre de Minas,MG,1773,996
3142908,Monte Azul,MG,2386,2027
3143005,Monte Belo,MG,1444,1256
3143104,Monte Carmelo,MG,1218,840
3143153,Monte Formoso,MG,451,393
3143203,Monte Santo de Minas,MG,987,786
3143302,Montes Claros,MG,3562,2495
3143401,Monte Sião,MG,929,815
3143450,Montezuma,MG,1144,795
3143500,Morada Nova de Minas,MG,496,251
3143609,Morro da Garça,MG,160,86
3143708,Morro do Pilar,MG,231,121
3143807,Munhoz,MG,550,392
3143906,Muriaé,MG,1894,1247
3144003,Mutum,MG,3049,2458
3144102,Muzambinho,MG,1185,1047
3144201,Nacip Raydan,MG,195,108
3144300,Nanuque,MG,595,387
3144359,Naque,MG,99,58
3144375,Natalândia,MG,202,166
3144409,Natércia,MG,721,661
3144508,Nazareno,MG,523,435
3144607,Nepomuceno,MG,1532,1061
3144656,Ninheira,MG,1004,749
3144672,Nova Belém,MG,655,408
3144706,Nova Era,MG,201,89
3144805,Nova Lima,MG,56,18
3144904,Nova Módica,MG,293,168
3145000,Nova Ponte,MG,364,212
3145059,Nova Porteirinha,MG,500,311
3145109,Nova Resende,MG,2718,2515
3145208,Nova Serrana,MG,294,197
3145307,Novo Cruzeiro,MG,2979,2612
3145356,Novo Oriente de Minas,MG,550,450
3145372,Novorizonte,MG,377,331
3145406,Olaria,MG,231,141
3145455,Olhos-d'Água,MG,890,519
3145505,Olímpio Noronha,MG,93,68
3145604,Oliveira,MG,1202,776
3145703,Oliveira Fortes,MG,178,128
3145802,Onça de Pitangui,MG,283,213
3145851,Oratórios,MG,199,150
3145877,Orizânia,MG,952,831
3145901,Ouro Branco,MG,269,197
3146008,Ouro Fino,MG,1924,1613
3146107,Ouro Preto,MG,728,506
3146206,Ouro Verde de Minas,MG,546,463
3146255,Padre Carvalho,MG,385,305
3146305,Padre Paraíso,MG,777,709
3146404,Paineiras,MG,476,333
3146503,Pains,MG,320,227
3146552,Pai Pedro,MG,1198,845
3146602,Paiva,MG,138,106
3146701,Palma,MG,635,407
3146750,Palmópolis,MG,647,511
3146909,Papagaios,MG,308,147
3147006,Paracatu,MG,2218,1434
3147105,Pará de Minas,MG,795,428
3147204,Paraguaçu,MG,1345,843
3147303,Paraisópolis,MG,1102,862
3147402,Paraopeba,MG,396,182
3147501,Passabém,MG,155,127
3147600,Passa Quatro,MG,350,258
3147709,Passa Tempo,MG,574,327
3147808,Passa Vinte,MG,216,170
3147907,Passos,MG,1528,890
3147956,Patis,MG,389,326
3148004,Patos de Minas,MG,3779,2861
3148103,Patrocínio,MG,2810,1969
3148202,Patrocínio do Muriaé,MG,699,346
3148301,Paula Cândido,MG,884,645
3148400,Paulistas,MG,268,180
3148509,Pavão,MG,538,375
3148608,Peçanha,MG,1261,869
3148707,Pedra Azul,MG,671,420
3148756,Pedra Bonita,MG,1353,1264
3148806,Pedra do Anta,MG,448,342
3148905,Pedra do Indaiá,MG,578,374
3149002,Pedra Dourada,MG,259,229
3149101,Pedralva,MG,870,718
3149150,Pedras de Maria da Cruz,MG,1024,782
3149200,Pedrinópolis,MG,176,113
3149309,Pedro Leopoldo,MG,184,74
3149408,Pedro Teixeira,MG,165,125
3149507,Pequeri,MG,107,71
3149606,Pequi,MG,244,154
3149705,Perdigão,MG,407,313
3149804,Perdizes,MG,1319,865
3149903,Perdões,MG,703,405
3149952,Periquito,MG,160,93
3150000,Pescador,MG,167,96
3150109,Piau,MG,280,169
3150158,Piedade de Caratinga,MG,533,380
3150208,Piedade de Ponte Nova,MG,111,70
3150307,Piedade do Rio Grande,MG,204,139
3150406,Piedade dos Gerais,MG,700,568
3150505,Pimenta,MG,629,515
3150539,Pingo-d'Água,MG,108,92
3150570,Pintópolis,MG,1145,567
3150604,Piracema,MG,482,374
3150703,Pirajuba,MG,79,32
3150802,Piranga,MG,2324,1850
3150901,Piranguçu,MG,551,456
3151008,Piranguinho,MG,426,281
3151107,Pirapetinga,MG,211,144
3151206,Pirapora,MG,269,181
3151305,Piraúba,MG,423,341
3151404,Pitangui,MG,494,326
3151503,Piumhi,MG,928,629
3151602,Planura,MG,112,64
3151701,Poço Fundo,MG,1972,1839
3151800,Poços de Caldas,MG,296,177
3151909,Pocrane,MG,990,722
3152006,Pompéu,MG,815,452
3152105,Ponte Nova,MG,1006,539
3152131,Ponto Chique,MG,248,206
3152170,Ponto dos Volantes,MG,1053,806
3152204,Porteirinha,MG,3241,2556
3152303,Porto Firme,MG,1123,952
3152402,Poté,MG,1056,826
3152501,Pouso Alegre,MG,1954,1572
3152600,Pouso Alto,MG,548,397
3152709,Prados,MG,344,241
3152808,Prata,MG,1793,925
3152907,Pratápolis,MG,451,336
3153004,Pratinha,MG,471,366
3153103,Presidente Bernardes,MG,875,613
3153202,Presidente Juscelino,MG,167,95
3153301,Presidente Kubitschek,MG,107,66
3153400,Presidente Olegário,MG,2406,1918
3153509,Alto Jequitibá,MG,679,448
3153608,Prudente de Morais,MG,58,12
3153707,Quartel Geral,MG,368,211
3153806,Queluzito,MG,193,165
3153905,Raposos,MG,18,9
3154002,Raul Soares,MG,2332,1708
3154101,Recreio,MG,253,174
3154150,Reduto,MG,393,262
3154200,Resende Costa,MG,935,614
3154309,Resplendor,MG,945,576
3154408,Ressaquinha,MG,362,290
3154457,Riachinho,MG,994,648
3154507,Riacho dos Machados,MG,1230,895
3154606,Ribeirão das Neves,MG,142,76
3154705,Ribeirão Vermelho,MG,94,63
3154804,Rio Acima,MG,97,22
3154903,Rio Casca,MG,425,260
3155009,Rio Doce,MG,194,131
3155108,Rio do Prado,MG,275,227
3155207,Rio Espera,MG,1128,925
3155306,Rio Manso,MG,389,282
3155405,Rio Novo,MG,220,118
3155504,Rio Paranaíba,MG,1080,773
3155603,Rio Pardo de Minas,MG,3429,2750
3155702,Rio Piracicaba,MG,411,285
3155801,Rio Pomba,MG,531,391
3155900,Rio Preto,MG,297,163
3156007,Rio Vermelho,MG,1088,756
3156106,Ritápolis,MG,367,223
3156205,Rochedo de Minas,MG,71,39
3156304,Rodeiro,MG,123,107
3156403,Romaria,MG,196,134
3156452,Rosário da Limeira,MG,399,377
3156502,Rubelita,MG,1219,941
3156601,Rubim,MG,748,515
3156700,Sabará,MG,229,104
3156809,Sabinópolis,MG,1300,782
3156908,Sacramento,MG,1312,853
3157005,Salinas,MG,1970,1667
3157104,Salto da Divisa,MG,325,221
3157203,Santa Bárbara,MG,297,186
3157252,Santa Bárbara do Leste,MG,973,781
3157278,Santa Bárbara do Monte Verde,MG,291,180
3157302,Santa Bárbara do Tugúrio,MG,526,390
3157336,Santa Cruz de Minas,MG,1,
3157377,Santa Cruz de Salinas,MG,877,783
3157401,Santa Cruz do Escalvado,MG,402,311
3157500,Santa Efigênia de Minas,MG,201,157
3157609,Santa Fé de Minas,MG,500,330
3157658,Santa Helena de Minas,MG,293,270
3157708,Santa Juliana,MG,367,256
3157807,Santa Luzia,MG,220,89
3157906,Santa Margarida,MG,2068,1801
3158003,Santa Maria de Itabira,MG,623,341
3158102,Santa Maria do Salto,MG,339,256
3158201,Santa Maria do Suaçuí,MG,694,481
3158300,Santana da Vargem,MG,363,194
3158409,Santana de Cataguases,MG,450,409
3158508,Santana de Pirapama,MG,1123,780
3158607,Santana do Deserto,MG,69,33
3158706,Santana do Garambéu,MG,155,102
3158805,Santana do Jacaré,MG,129,82
3158904,Santana do Manhuaçu,MG,1215,993
3158953,Santana do Paraíso,MG,215,159
3159001,Santana do Riacho,MG,240,129
3159100,Santana dos Montes,MG,459,352
3159209,Santa Rita de Caldas,MG,1116,1009
3159308,Santa Rita de Jacutinga,MG,483,338
3159357,Santa Rita de Minas,MG,263,179
3159407,Santa Rita de Ibitipoca,MG,388,286
3159506,Santa Rita do Itueto,MG,731,571
3159605,Santa Rita do Sapucaí,MG,898,621
3159704,Santa Rosa da Serra,MG,426,307
3159803,Santa Vitória,MG,972,542
3159902,Santo Antônio do Amparo,MG,529,364
3160009,Santo Antônio do Aventureiro,MG,314,188
3160108,Santo Antônio do Grama,MG,239,161
3160207,Santo Antônio do Itambé,MG,192,129
3160306,Santo Antônio do Jacinto,MG,1099,867
3160405,Santo Antônio do Monte,MG,1341,839
3160454,Santo Antônio do Retiro,MG,874,712
3160504,Santo Antônio do Rio Abaixo,MG,156,98
3160603,Santo Hipólito,MG,154,79
3160702,Santos Dumont,MG,541,412
3160801,São Bento Abade,MG,72,51
3160900,São Brás do Suaçuí,MG,134,92
3160959,São Domingos das Dores,MG,625,502
3161007,São Domingos do Prata,MG,1165,767
3161056,São Félix de Minas,MG,302,245
3161106,São Francisco,MG,4207,3645
3161205,São Francisco de Paula,MG,460,300
3161304,São Francisco de Sales,MG,456,201
3161403,São Francisco do Glória,MG,408,321
3161502,São Geraldo,MG,460,374
3161601,São Geraldo da Piedade,MG,300,249
3161650,São Geraldo do Baixio,MG,296,191
3161700,São Gonçalo do Abaeté,MG,396,161
3161809,São Gonçalo do Pará,MG,390,206
3161908,São Gonçalo do Rio Abaixo,MG,445,253
3162005,São Gonçalo do Sapucaí,MG,576,384
3162104,São Gotardo,MG,998,664
3162203,São João Batista do Glória,MG,354,215
3162252,São João da Lagoa,MG,779,602
3162302,São João da Mata,MG,307,270
3162401,São João da Ponte,MG,3311,2341
3162450,São João das Missões,MG,1205,884
3162500,São João del Rei,MG,953,733
3162559,São João do Manhuaçu,MG,914,702
3162575,São João do Manteninha,MG,236,180
3162609,São João do Oriente,MG,315,233
3162658,São João do Pacuí,MG,458,354
3162708,São João do Paraíso,MG,2695,2053
3162807,São João Evangelista,MG,659,523
3162906,São João Nepomuceno,MG,612,460
3162922,São Joaquim de Bicas,MG,120,83
3162948,São José da Barra,MG,447,263
3162955,São José da Lapa,MG,31,17
3163003,São José da Safira,MG,81,42
3163102,São José da Varginha,MG,258,155
3163201,São José do Alegre,MG,237,209
3163300,São José do Divino,MG,337,182
3163409,São José do Goiabal,MG,437,350
3163508,São José do Jacuri,MG,651,442
3163607,São José do Mantimento,MG,296,249
3163706,São Lourenço,MG,76,48
3163805,São Miguel do Anta,MG,846,653
3163904,São Pedro da União,MG,1049,821
3164001,São Pedro dos Ferros,MG,369,225
3164100,São Pedro do Suaçuí,MG,375,265
3164209,São Romão,MG,725,590
3164308,São Roque de Minas,MG,1055,843
3164407,São Sebastião da Bela Vista,MG,275,193
3164431,São Sebastião da Vargem Alegre,MG,516,341
3164472,São Sebastião do Anta,MG,599,555
3164506,São Sebastião do Maranhão,MG,1155,962
3164605,São Sebastião do Oeste,MG,798,546
3164704,São Sebastião do Paraíso,MG,1115,626
3164803,São Sebastião do Rio Preto,MG,261,161
3164902,São Sebastião do Rio Verde,MG,280,186
3165008,São Tiago,MG,908,628
3165107,São Tomás de Aquino,MG,444,316
3165206,São Tomé das Letras,MG,432,378
3165305,São Vicente de Minas,MG,226,115
3165404,Sapucaí-Mirim,MG,289,189
3165503,Sardoá,MG,313,189
3165537,Sarzedo,MG,72,50
3165552,Setubinha,MG,1279,887
3165560,Sem-Peixe,MG,421,358
3165578,Senador Amaral,MG,590,547
3165602,Senador Cortes,MG,115,78
3165701,Senador Firmino,MG,226,193
3165800,Senador José Bento,MG,272,261
3165909,Senador Modestino Gonçalves,MG,771,601
3166006,Senhora de Oliveira,MG,307,245
3166105,Senhora do Porto,MG,286,182
3166204,Senhora dos Remédios,MG,1100,973
3166303,Sericita,MG,766,587
3166402,Seritinga,MG,106,69
3166501,Serra Azul de Minas,MG,354,233
3166600,Serra da Saudade,MG,156,67
3166709,Serra dos Aimorés,MG,100,67
3166808,Serra do Salitre,MG,918,533
3166907,Serrania,MG,227,117
3166956,Serranópolis de Minas,MG,713,613
3167004,Serranos,MG,171,78
3167103,Serro,MG,1683,952
3167202,Sete Lagoas,MG,651,385
3167301,Silveirânia,MG,236,152
3167400,Silvianópolis,MG,1053,932
3167509,Simão Pereira,MG,64,18
3167608,Simonésia,MG,2431,2225
3167707,Sobrália,MG,417,289
3167806,Soledade de Minas,MG,497,395
3167905,Tabuleiro,MG,272,204
3168002,Taiobeiras,MG,1160,869
3168051,Taparuba,MG,333,271
3168101,Tapira,MG,447,257
3168200,Tapiraí,MG,328,237
3168309,Taquaraçu de Minas,MG,203,93
3168408,Tarumirim,MG,955,727
3168507,Teixeiras,MG,722,532
3168606,Teófilo Otoni,MG,2717,1943
3168705,Timóteo,MG,70,55
3168804,Tiradentes,MG,103,87
3168903,Tiros,MG,1110,839
3169000,Tocantins,MG,569,430
3169059,Tocos do Moji,MG,617,592
3169109,Toledo,MG,523,324
3169208,Tombos,MG,586,406
3169307,Três Corações,MG,859,457
3169356,Três Marias,MG,348,183
3169406,Três Pontas,MG,1091,576
3169505,Tumiritinga,MG,461,249
3169604,Tupaciguara,MG,642,338
3169703,Turmalina,MG,1247,873
3169802,Turvolândia,MG,559,402
3169901,Ubá,MG,541,345
3170008,Ubaí,MG,1024,767
3170057,Ubaporanga,MG,1018,837
3170107,Uberaba,MG,2073,1033
3170206,Uberlândia,MG,2706,1704
3170305,Umburatiba,MG,167,83
3170404,Unaí,MG,3849,3177
3170438,União de Minas,MG,511,265
3170479,Uruana de Minas,MG,479,421
3170503,Urucânia,MG,233,129
3170529,Urucuia,MG,1334,923
3170578,Vargem Alegre,MG,269,177
3170602,Vargem Bonita,MG,181,127
3170651,Vargem Grande do Rio Pardo,MG,517,398
3170701,Varginha,MG,462,236
3170750,Varjão de Minas,MG,323,236
3170800,Várzea da Palma,MG,766,517
3170909,Varzelândia,MG,1139,760
3171006,Vazante,MG,990,685
3171030,Verdelândia,MG,745,484
3171071,Veredinha,MG,684,515
3171105,Veríssimo,MG,523,247
3171154,Vermelho Novo,MG,732,592
3171204,Vespasiano,MG,37,23
3171303,Viçosa,MG,909,583
3171402,Vieiras,MG,595,450
3171501,Mathias Lobato,MG,84,34
3171600,Virgem da Lapa,MG,1108,938
3171709,Virgínia,MG,1146,823
3171808,Virginópolis,MG,529,360
3171907,Virgolândia,MG,365,305
3172004,Visconde do Rio Branco,MG,800,605
3172103,Volta Grande,MG,131,54
3172202,Wenceslau Braz,MG,173,143
3200102,Afonso Cláudio,ES,3136,2292
3200136,Águia Branca,ES,1539,1200
3200169,Água Doce do Norte,ES,1350,964
3200201,Alegre,ES,2318,1746
3200300,Alfredo Chaves,ES,1799,1478
3200359,Alto Rio Novo,ES,853,615
3200409,Anchieta,ES,904,563
3200508,Apiacá,ES,674,515
3200607,Aracruz,ES,1036,775
3200706,Atílio Vivácqua,ES,501,401
3200805,Baixo Guandu,ES,1216,863
3200904,Barra de São Francisco,ES,2748,2222
3201001,Boa Esperança,ES,1039,739
3201100,Bom Jesus do Norte,ES,192,117
3201159,Brejetuba,ES,862,631
3201209,Cachoeiro de Itapemirim,ES,1968,1390
3201308,Cariacica,ES,465,319
3201407,Castelo,ES,2460,2096
3201506,Colatina,ES,2409,1568
3201605,Conceição da Barra,ES,646,503
3201704,Conceição do Castelo,ES,1046,718
3201803,Divino de São Lourenço,ES,657,538
3201902,Domingos Martins,ES,4511,3866
3202009,Dores do Rio Preto,ES,662,417
3202108,Ecoporanga,ES,2008,1487
3202207,Fundão,ES,455,351
3202256,Governador Lindenberg,ES,1127,850
3202306,Guaçuí,ES,1492,1050
3202405,Guarapari,ES,772,570
3202454,Ibatiba,ES,1839,1279
3202504,Ibiraçu,ES,382,302
3202553,Ibitirama,ES,1117,754
3202603,Iconha,ES,1023,865
3202652,Irupi,ES,1147,773
3202702,Itaguaçu,ES,1626,1368
3202801,Itapemirim,ES,997,680
3202900,Itarana,ES,1221,1120
3203007,Iúna,ES,2141,1446
3203056,Jaguaré,ES,1516,1179
3203106,Jerônimo Monteiro,ES,797,574
3203130,João Neiva,ES,376,299
3203163,Laranja da Terra,ES,1935,1495
3203205,Linhares,ES,2341,1337
3203304,Mantenópolis,ES,1390,912
3203320,Marataízes,ES,1399,1206
3203346,Marechal Floriano,ES,916,626
3203353,Marilândia,ES,804,458
3203403,Mimoso do Sul,ES,3200,2619
3203502,Montanha,ES,1016,734
3203601,Mucurici,ES,612,383
3203700,Muniz Freire,ES,2379,1840
3203809,Muqui,ES,1251,1035
3203908,Nova Venécia,ES,3090,2439
3204005,Pancas,ES,2000,1308
3204054,Pedro Canário,ES,434,212
3204104,Pinheiros,ES,1010,638
3204203,Piúma,ES,160,101
3204252,Ponto Belo,ES,394,274
3204302,Presidente Kennedy,ES,699,433
3204351,Rio Bananal,ES,1932,1308
3204401,Rio Novo do Sul,ES,673,614
3204500,Santa Leopoldina,ES,2296,2014
3204559,Santa Maria de Jetibá,ES,5183,4367
3204609,Santa Teresa,ES,2012,1611
3204658,São Domingos do Norte,ES,1135,763
3204708,São Gabriel da Palha,ES,1732,1110
3204807,São José do Calçado,ES,787,446
3204906,São Mateus,ES,4189,3261
3204955,São Roque do Canaã,ES,1029,733
3205002,Serra,ES,269,152
3205010,Sooretama,ES,656,452
3205036,Vargem Alta,ES,1255,961
3205069,Venda Nova do Imigrante,ES,715,401
3205101,Viana,ES,624,416
3205150,Vila Pavão,ES,1447,1236
3205176,Vila Valério,ES,1796,1249
3205200,Vila Velha,ES,211,135
3205309,Vitória,ES,16,13
3300100,Angra dos Reis,RJ,420,246
3300159,Aperibé,RJ,288,203
3300209,Araruama,RJ,830,391
3300225,Areal,RJ,84,36
3300233,Armação dos Búzios,RJ,20,14
3300258,Arraial do Cabo,RJ,7,6
3300308,Barra do Piraí,RJ,348,173
3300407,Barra Mansa,RJ,760,395
3300456,Belford Roxo,RJ,17,15
3300506,Bom Jardim,RJ,1006,728
3300605,Bom Jesus do Itabapoana,RJ,1111,664
3300704,Cabo Frio,RJ,349,248
3300803,Cachoeiras de Macacu,RJ,2162,1706
3300902,Cambuci,RJ,1151,840
3300936,Carapebus,RJ,549,300
3300951,Comendador Levy Gasparian,RJ,86,33
3301009,Campos dos Goytacazes,RJ,7789,4972
3301108,Cantagalo,RJ,942,556
3301157,Cardoso Moreira,RJ,588,412
3301207,Carmo,RJ,476,298
3301306,Casimiro de Abreu,RJ,291,155
3301405,Conceição de Macabu,RJ,335,214
3301504,Cordeiro,RJ,184,98
3301603,Duas Barras,RJ,570,409
3301702,Duque de Caxias,RJ,388,216
3301801,Engenheiro Paulo de Frontin,RJ,67,27
3301850,Guapimirim,RJ,258,126
3301876,Iguaba Grande,RJ,66,37
3301900,Itaboraí,RJ,448,236
3302007,Itaguaí,RJ,434,287
3302056,Italva,RJ,409,283
3302106,Itaocara,RJ,1497,1107
3302205,Itaperuna,RJ,1596,959
3302254,Itatiaia,RJ,72,41
3302270,Japeri,RJ,284,258
3302304,Laje do Muriaé,RJ,349,238
3302403,Macaé,RJ,886,484
3302452,Macuco,RJ,73,33
3302502,Magé,RJ,1040,583
3302601,Mangaratiba,RJ,280,164
3302700,Maricá,RJ,294,149
3302809,Mendes,RJ,41,15
3302858,Mesquita,RJ,56,50
3302908,Miguel Pereira,RJ,203,96
3303005,Miracema,RJ,387,170
3303104,Natividade,RJ,703,445
3303302,Niterói,RJ,22,8
3303401,Nova Friburgo,RJ,2057,1693
3303500,Nova Iguaçu,RJ,576,466
3303609,Paracambi,RJ,374,207
3303708,Paraíba do Sul,RJ,314,166
3303807,Paraty,RJ,601,377
3303856,Paty do Alferes,RJ,734,471
3303906,Petrópolis,RJ,768,504
3303955,Pinheiral,RJ,112,80
3304003,Piraí,RJ,596,241
3304102,Porciúncula,RJ,1091,921
3304110,Porto Real,RJ,52,31
3304128,Quatis,RJ,391,206
3304144,Queimados,RJ,138,128
3304151,Quissamã,RJ,305,145
3304201,Resende,RJ,519,285
3304300,Rio Bonito,RJ,637,365
3304409,Rio Claro,RJ,663,425
3304508,Rio das Flores,RJ,228,91
3304524,Rio das Ostras,RJ,208,95
3304557,Rio de Janeiro,RJ,1101,746
3304607,Santa Maria Madalena,RJ,951,425
3304706,Santo Antônio de Pádua,RJ,1082,670
3304755,São Francisco de Itabapoana,RJ,3693,2886
3304805,São Fidélis,RJ,1766,1111
3304904,São Gonçalo,RJ,288,159
3305000,São João da Barra,RJ,692,542
3305109,São João de Meriti,RJ,1,
3305133,São José de Ubá,RJ,533,335
3305158,São José do Vale do Rio Preto,RJ,689,485
3305208,São Pedro da Aldeia,RJ,289,185
3305307,São Sebastião do Alto,RJ,776,566
3305406,Sapucaia,RJ,684,548
3305505,Saquarema,RJ,454,289
3305554,Seropédica,RJ,444,273
3305604,Silva Jardim,RJ,686,388
3305703,Sumidouro,RJ,2674,2331
3305752,Tanguá,RJ,441,292
3305802,Teresópolis,RJ,3492,3018
3305901,Trajano de Moraes,RJ,1101,896
3306008,Três Rios,RJ,305,139
3306107,Valença,RJ,1143,672
3306156,Varre-Sai,RJ,676,461
3306206,Vassouras,RJ,435,207
3306305,Volta Redonda,RJ,248,141
3500105,Adamantina,SP,529,360
3500204,Adolfo,SP,82,62
3500303,Aguaí,SP,507,368
3500402,Águas da Prata,SP,113,71
3500501,Águas de Lindóia,SP,69,42
3500550,Águas de Santa Bárbara,SP,212,109
3500709,Agudos,SP,301,171
3500758,Alambari,SP,168,98
3500808,Alfredo Marcondes,SP,235,163
3500907,Altair,SP,103,67
3501004,Altinópolis,SP,282,156
3501103,Alto Alegre,SP,468,369
3501152,Alumínio,SP,8,2
3501202,Álvares Florence,SP,508,357
3501301,Álvares Machado,SP,660,428
3501400,Álvaro de Carvalho,SP,93,33
3501509,Alvinlândia,SP,102,51
3501608,Americana,SP,42,33
3501707,Américo Brasiliense,SP,17,11
3501806,Américo de Campos,SP,374,318
3501905,Amparo,SP,525,291
3502002,Analândia,SP,116,44
3502101,Andradina,SP,838,642
3502200,Angatuba,SP,931,636
3502309,Anhembi,SP,184,92
3502408,Anhumas,SP,223,131
3502507,Aparecida,SP,83,37
3502606,Aparecida d'Oeste,SP,397,293
3502705,Apiaí,SP,534,346
3502754,Araçariguama,SP,10,4
3502804,Araçatuba,SP,1020,776
3502903,Araçoiaba da Serra,SP,315,174
3503000,Aramina,SP,82,44
3503109,Arandu,SP,185,98
3503158,Arapeí,SP,83,41
3503208,Araraquara,SP,711,541
3503307,Araras,SP,358,219
3503356,Arco-Íris,SP,191,116
3503406,Arealva,SP,645,414
3503505,Areias,SP,82,32
3503604,Areiópolis,SP,21,8
3503703,Ariranha,SP,106,55
3503802,Artur Nogueira,SP,568,383
3503901,Arujá,SP,127,90
3503950,Aspásia,SP,142,106
3504008,Assis,SP,389,255
3504107,Atibaia,SP,600,346
3504206,Auriflama,SP,349,236
3504305,Avaí,SP,374,180
3504404,Avanhandava,SP,170,114
3504503,Avaré,SP,665,354
3504602,Bady Bassitt,SP,153,89
3504701,Balbinos,SP,64,27
3504800,Bálsamo,SP,252,146
3504909,Bananal,SP,236,142
3505005,Barão de Antonina,SP,219,170
3505104,Barbosa,SP,109,69
3505203,Bariri,SP,369,223
3505302,Barra Bonita,SP,55,29
3505351,Barra do Chapéu,SP,441,309
3505401,Barra do Turvo,SP,547,345
3505500,Barretos,SP,975,645
3505609,Barrinha,SP,22,8
3505807,Bastos,SP,382,196
3505906,Batatais,SP,376,241
3506003,Bauru,SP,395,207
3506102,Bebedouro,SP,599,368
3506201,Bento de Abreu,SP,55,28
3506300,Bernardino de Campos,SP,254,187
3506359,Bertioga,SP,1,
3506409,Bilac,SP,263,193
3506508,Birigui,SP,650,465
3506607,Biritiba Mirim,SP,433,294
3506706,Boa Esperança do Sul,SP,167,89
3506805,Bocaina,SP,131,57
3506904,Bofete,SP,227,118
3507001,Boituva,SP,191,126
3507100,Bom Jesus dos Perdões,SP,65,35
3507159,Bom Sucesso de Itararé,SP,56,22
3507209,Borá,SP,38,13
3507308,Boracéia,SP,72,31
3507407,Borborema,SP,410,224
3507456,Borebi,SP,70,38
3507506,Botucatu,SP,359,164
3507605,Bragança Paulista,SP,583,350
3507704,Braúna,SP,156,127
3507753,Brejo Alegre,SP,91,73
3507803,Brodowski,SP,153,78
3507902,Brotas,SP,396,202
3508009,Buri,SP,530,351
3508108,Buritama,SP,397,254
3508207,Buritizal,SP,153,103
3508306,Cabrália Paulista,SP,99,46
3508405,Cabreúva,SP,102,40
3508504,Caçapava,SP,119,39
3508603,Cachoeira Paulista,SP,254,96
3508702,Caconde,SP,1262,961
3508801,Cafelândia,SP,253,81
3508900,Caiabu,SP,189,122
3509007,Caieiras,SP,18,10
3509106,Caiuá,SP,658,530
3509205,Cajamar,SP,72,37
3509254,Cajati,SP,520,351
3509304,Cajobi,SP,181,95
3509403,Cajuru,SP,736,365
3509452,Campina do Monte Alegre,SP,141,97
3509502,Campinas,SP,582,273
3509601,Campo Limpo Paulista,SP,15,11
3509700,Campos do Jordão,SP,34,13
3509809,Campos Novos Paulista,SP,191,117
3509908,Cananéia,SP,115,48
3509957,Canas,SP,41,31
3510005,Cândido Mota,SP,351,213
3510104,Cândido Rodrigues,SP,134,83
3510153,Canitar,SP,21,9
3510203,Capão Bonito,SP,760,488
3510302,Capela do Alto,SP,157,100
3510401,Capivari,SP,133,58
3510500,Caraguatatuba,SP,87,51
3510708,Cardoso,SP,263,186
3510807,Casa Branca,SP,504,286
3510906,Cássia dos Coqueiros,SP,320,221
3511003,Castilho,SP,1199,999
3511102,Catanduva,SP,157,102
3511201,Catiguá,SP,48,34
3511300,Cedral,SP,298,189
3511409,Cerqueira César,SP,394,217
3511508,Cerquilho,SP,180,124
3511607,Cesário Lange,SP,197,100
3511706,Charqueada,SP,107,50
3511904,Clementina,SP,127,80
3512001,Colina,SP,200,88
3512100,Colômbia,SP,221,137
3512209,Conchal,SP,359,245
3512308,Conchas,SP,509,410
3512407,Cordeirópolis,SP,120,102
3512506,Coroados,SP,332,230
3512605,Coronel Macedo,SP,284,166
3512704,Corumbataí,SP,355,165
3512803,Cosmópolis,SP,178,119
3512902,Cosmorama,SP,598,406
3513009,Cotia,SP,183,122
3513108,Cravinhos,SP,113,32
3513207,Cristais Paulista,SP,444,201
3513306,Cruzália,SP,97,58
3513405,Cruzeiro,SP,192,105
3513504,Cubatão,SP,3,1
3513603,Cunha,SP,2287,1691
3513702,Descalvado,SP,396,235
3513801,Diadema,SP,16,15
3513850,Dirce Reis,SP,131,116
3513900,Divinolândia,SP,633,513
3514007,Dobrada,SP,29,10
3514106,Dois Córregos,SP,367,225
3514205,Dolcinópolis,SP,107,64
3514304,Dourado,SP,63,18
3514403,Dracena,SP,572,410
3514502,Duartina,SP,248,125
3514601,Dumont,SP,178,116
3514700,Echaporã,SP,272,144
3514809,Eldorado,SP,848,531
3514908,Elias Fausto,SP,295,184
3514924,Elisiário,SP,49,29
3514957,Embaúba,SP,63,31
3515004,Embu das Artes,SP,27,18
3515103,Embu-Guaçu,SP,105,58
3515129,Emilianópolis,SP,194,103
3515152,Engenheiro Coelho,SP,317,187
3515186,Espírito Santo do Pinhal,SP,481,276
3515194,Espírito Santo do Turvo,SP,97,42
3515202,Estrela d'Oeste,SP,270,205
3515301,Estrela do Norte,SP,136,87
3515350,Euclides da Cunha Paulista,SP,751,667
3515400,Fartura,SP,475,336
3515509,Fernandópolis,SP,584,437
3515608,Fernando Prestes,SP,313,228
3515657,Fernão,SP,205,126
3515707,Ferraz de Vasconcelos,SP,16,9
3515806,Flora Rica,SP,109,52
3515905,Floreal,SP,230,184
3516002,Flórida Paulista,SP,512,345
3516101,Florínea,SP,46,20
3516200,Franca,SP,541,296
3516309,Francisco Morato,SP,26,22
3516408,Franco da Rocha,SP,137,70
3516507,Gabriel Monteiro,SP,178,133
3516606,Gália,SP,316,186
3516705,Garça,SP,578,254
3516804,Gastão Vidigal,SP,209,137
3516853,Gavião Peixoto,SP,56,29
3516903,General Salgado,SP,354,222
3517000,Getulina,SP,218,130
3517109,Glicério,SP,248,201
3517208,Guaiçara,SP,124,87
3517307,Guaimbê,SP,86,36
3517406,Guaíra,SP,313,149
3517505,Guapiaçu,SP,510,331
3517604,Guapiara,SP,819,737
3517703,Guará,SP,146,78
3517802,Guaraçaí,SP,402,263
3517901,Guaraci,SP,189,119
3518008,Guarani d'Oeste,SP,93,60
3518107,Guarantã,SP,298,193
3518206,Guararapes,SP,362,194
3518305,Guararema,SP,221,123
3518404,Guaratinguetá,SP,372,181
3518503,Guareí,SP,764,530
3518602,Guariba,SP,82,49
3518701,Guarujá,SP,9,9
3518800,Guarulhos,SP,83,59
3518859,Guatapará,SP,169,111
3518909,Guzolândia,SP,165,92
3519006,Herculândia,SP,428,261
3519055,Holambra,SP,218,89
3519071,Hortolândia,SP,19,11
3519105,Iacanga,SP,171,84
3519204,Iacri,SP,241,139
3519253,Iaras,SP,432,313
3519303,Ibaté,SP,57,30
3519402,Ibirá,SP,244,126
3519501,Ibirarema,SP,139,89
3519600,Ibitinga,SP,403,172
3519709,Ibiúna,SP,1240,960
3519808,Icém,SP,86,43
3519907,Iepê,SP,266,189
3520004,Igaraçu do Tietê,SP,42,21
3520103,Igarapava,SP,209,118
3520202,Igaratá,SP,120,47
3520301,Iguape,SP,476,321
3520400,Ilhabela,SP,13,8
3520426,Ilha Comprida,SP,6,6
3520442,Ilha Solteira,SP,342,286
3520509,Indaiatuba,SP,332,230
3520608,Indiana,SP,215,135
3520707,Indiaporã,SP,201,134
3520806,Inúbia Paulista,SP,114,91
3520905,Ipaussu,SP,42,29
3521002,Iperó,SP,160,130
3521101,Ipeúna,SP,219,120
3521150,Ipiguá,SP,152,81
3521200,Iporanga,SP,363,215
3521309,Ipuã,SP,105,45
3521408,Iracemápolis,SP,28,16
3521507,Irapuã,SP,211,127
3521606,Irapuru,SP,379,288
3521705,Itaberá,SP,946,703
3521804,Itaí,SP,613,375
3521903,Itajobi,SP,595,477
3522000,Itaju,SP,205,139
3522109,Itanhaém,SP,57,35
3522158,Itaoca,SP,127,65
3522208,Itapecerica da Serra,SP,87,62
3522307,Itapetininga,SP,1291,931
3522406,Itapeva,SP,1231,823
3522505,Itapevi,SP,5,2
3522604,Itapira,SP,495,322
3522653,Itapirapuã Paulista,SP,310,157
3522703,Itápolis,SP,782,437
3522802,Itaporanga,SP,924,678
3522901,Itapuí,SP,80,44
3523008,Itapura,SP,261,207
3523107,Itaquaquecetuba,SP,49,34
3523206,Itararé,SP,682,500
3523305,Itariri,SP,214,126
3523404,Itatiba,SP,331,202
3523503,Itatinga,SP,216,96
3523602,Itirapina,SP,228,70
3523701,Itirapuã,SP,205,116
3523800,Itobi,SP,125,68
3523909,Itu,SP,247,68
3524006,Itupeva,SP,116,63
3524105,Ituverava,SP,247,120
3524204,Jaborandi,SP,136,66
3524303,Jaboticabal,SP,301,139
3524402,Jacareí,SP,398,193
3524501,Jaci,SP,163,76
3524600,Jacupiranga,SP,505,370
3524709,Jaguariúna,SP,67,27
3524808,Jales,SP,1012,719
3524907,Jambeiro,SP,105,65
3525102,Jardinópolis,SP,231,130
3525201,Jarinu,SP,188,108
3525300,Jaú,SP,333,148
3525409,Jeriquara,SP,80,25
3525508,Joanópolis,SP,210,133
3525607,João Ramalho,SP,283,156
3525706,José Bonifácio,SP,648,403
3525805,Júlio Mesquita,SP,58,11
3525854,Jumirim,SP,113,83
3525904,Jundiaí,SP,399,271
3526001,Junqueirópolis,SP,537,386
3526100,Juquiá,SP,376,215
3526209,Juquitiba,SP,123,70
3526308,Lagoinha,SP,257,158
3526407,Laranjal Paulista,SP,461,353
3526506,Lavínia,SP,276,163
3526605,Lavrinhas,SP,61,19
3526704,Leme,SP,267,192
3526803,Lençóis Paulista,SP,273,180
3526902,Limeira,SP,936,661
3527009,Lindóia,SP,64,29
3527108,Lins,SP,137,72
3527207,Lorena,SP,189,92
3527256,Lourdes,SP,112,69
3527306,Louveira,SP,136,97
3527405,Lucélia,SP,443,297
3527504,Lucianópolis,SP,133,62
3527603,Luís Antônio,SP,55,21
3527702,Luiziânia,SP,182,125
3527801,Lupércio,SP,192,104
3527900,Lutécia,SP,159,66
3528007,Macatuba,SP,79,47
3528106,Macaubal,SP,451,391
3528205,Macedônia,SP,327,252
3528304,Magda,SP,172,121
3528403,Mairinque,SP,117,62
3528502,Mairiporã,SP,72,37
3528601,Manduri,SP,191,147
3528700,Marabá Paulista,SP,489,351
3528809,Maracaí,SP,217,143
3528858,Marapoama,SP,148,115
3528908,Mariápolis,SP,387,293
3529005,Marília,SP,881,398
3529104,Marinópolis,SP,155,73
3529203,Martinópolis,SP,559,366
3529302,Matão,SP,171,86
3529401,Mauá,SP,34,29
3529500,Mendonça,SP,285,200
3529609,Meridiano,SP,205,149
3529658,Mesópolis,SP,198,119
3529708,Miguelópolis,SP,195,96
3529807,Mineiros do Tietê,SP,94,60
3529906,Miracatu,SP,675,482
3530003,Mira Estrela,SP,221,149
3530102,Mirandópolis,SP,1013,712
3530201,Mirante do Paranapanema,SP,2097,1832
3530300,Mirassol,SP,359,142
3530409,Mirassolândia,SP,193,118
3530508,Mococa,SP,454,268
3530607,Mogi das Cruzes,SP,1379,929
3530706,Mogi Guaçu,SP,509,305
3530805,Mogi Mirim,SP,716,559
3530904,Mombuca,SP,54,23
3531001,Monções,SP,112,61
3531100,Mongaguá,SP,43,38
3531209,Monte Alegre do Sul,SP,148,105
3531308,Monte Alto,SP,497,321
3531407,Monte Aprazível,SP,825,552
3531506,Monte Azul Paulista,SP,220,94
3531605,Monte Castelo,SP,265,184
3531704,Monteiro Lobato,SP,139,56
3531803,Monte Mor,SP,226,125
3531902,Morro Agudo,SP,208,63
3532009,Morungaba,SP,145,84
3532058,Motuca,SP,184,155
3532108,Murutinga do Sul,SP,489,429
3532157,Nantes,SP,56,21
3532207,Narandiba,SP,138,96
3532306,Natividade da Serra,SP,563,343
3532405,Nazaré Paulista,SP,298,179
3532504,Neves Paulista,SP,274,181
3532603,Nhandeara,SP,673,533
3532702,Nipoã,SP,136,99
3532801,Nova Aliança,SP,209,130
3532827,Nova Campina,SP,154,81
3532843,Nova Canaã Paulista,SP,342,213
3532868,Nova Castilho,SP,106,60
3532900,Nova Europa,SP,76,48
3533007,Nova Granada,SP,430,271
3533106,Nova Guataporanga,SP,89,68
3533205,Nova Independência,SP,127,70
3533254,Novais,SP,91,55
3533304,Nova Luzitânia,SP,98,84
3533403,Nova Odessa,SP,36,26
3533502,Novo Horizonte,SP,669,451
3533601,Nuporanga,SP,197,112
3533700,Ocauçu,SP,340,190
3533809,Óleo,SP,336,252
3533908,Olímpia,SP,605,327
3534005,Onda Verde,SP,73,44
3534104,Oriente,SP,97,31
3534203,Orindiúva,SP,110,57
3534302,Orlândia,SP,89,52
3534401,Osasco,SP,16,12
3534500,Oscar Bressane,SP,187,109
3534609,Osvaldo Cruz,SP,660,500
3534708,Ourinhos,SP,173,122
3534757,Ouroeste,SP,231,125
3534807,Ouro Verde,SP,162,88
3534906,Pacaembu,SP,539,395
3535002,Palestina,SP,642,399
3535101,Palmares Paulista,SP,31,15
3535200,Palmeira d'Oeste,SP,784,620
3535309,Palmital,SP,401,206
3535408,Panorama,SP,134,58
3535507,Paraguaçu Paulista,SP,613,395
3535606,Paraibuna,SP,368,219
3535705,Paraíso,SP,81,53
3535804,Paranapanema,SP,582,249
3535903,Paranapuã,SP,156,102
3536000,Parapuã,SP,505,313
3536109,Pardinho,SP,99,39
3536208,Pariquera-Açu,SP,321,227
3536257,Parisi,SP,193,132
3536307,Patrocínio Paulista,SP,375,200
3536406,Paulicéia,SP,246,176
3536505,Paulínia,SP,42,21
3536570,Paulistânia,SP,168,115
3536604,Paulo de Faria,SP,186,94
3536703,Pederneiras,SP,613,470
3536802,Pedra Bela,SP,266,198
3536901,Pedranópolis,SP,355,304
3537008,Pedregulho,SP,429,235
3537107,Pedreira,SP,64,40
3537156,Pedrinhas Paulista,SP,116,72
3537206,Pedro de Toledo,SP,183,106
3537305,Penápolis,SP,645,442
3537404,Pereira Barreto,SP,446,332
3537503,Pereiras,SP,269,218
3537602,Peruíbe,SP,104,67
3537701,Piacatu,SP,228,174
3537800,Piedade,SP,1722,1326
3537909,Pilar do Sul,SP,692,550
3538006,Pindamonhangaba,SP,301,132
3538105,Pindorama,SP,180,115
3538204,Pinhalzinho,SP,307,237
3538303,Piquerobi,SP,329,202
3538501,Piquete,SP,87,49
3538600,Piracaia,SP,305,160
3538709,Piracicaba,SP,691,357
3538808,Piraju,SP,420,217
3538907,Pirajuí,SP,331,185
3539004,Pirangi,SP,311,198
3539103,Pirapora do Bom Jesus,SP,11,6
3539202,Pirapozinho,SP,255,142
3539301,Pirassununga,SP,579,409
3539400,Piratininga,SP,339,172
3539509,Pitangueiras,SP,222,151
3539608,Planalto,SP,118,67
3539707,Platina,SP,220,144
3539806,Poá,SP,7,4
3539905,Poloni,SP,203,129
3540002,Pompéia,SP,296,111
3540101,Pongaí,SP,137,70
3540200,Pontal,SP,50,22
3540259,Pontalinda,SP,233,161
3540309,Pontes Gestal,SP,116,98
3540408,Populina,SP,225,129
3540507,Porangaba,SP,391,289
3540606,Porto Feliz,SP,442,254
3540705,Porto Ferreira,SP,141,72
3540754,Potim,SP,34,17
3540804,Potirendaba,SP,726,610
3540853,Pracinha,SP,94,60
3540903,Pradópolis,SP,219,155
3541059,Pratânia,SP,88,36
3541109,Presidente Alves,SP,182,116
3541208,Presidente Bernardes,SP,972,680
3541307,Presidente Epitácio,SP,722,606
3541406,Presidente Prudente,SP,533,390
3541505,Presidente Venceslau,SP,612,461
3541604,Promissão,SP,1058,907
3541653,Quadra,SP,204,113
3541703,Quatá,SP,246,142
3541802,Queiroz,SP,66,28
3541901,Queluz,SP,50,18
3542008,Quintana,SP,134,49
3542107,Rafard,SP,69,28
3542206,Rancharia,SP,806,539
3542305,Redenção da Serra,SP,271,155
3542404,Regente Feijó,SP,285,148
3542503,Reginópolis,SP,124,84
3542602,Registro,SP,627,332
3542701,Restinga,SP,227,173
3542800,Ribeira,SP,208,125
3542909,Ribeirão Bonito,SP,237,96
3543006,Ribeirão Branco,SP,957,607
3543105,Ribeirão Corrente,SP,199,127
3543204,Ribeirão do Sul,SP,253,181
3543238,Ribeirão dos Índios,SP,125,85
3543253,Ribeirão Grande,SP,331,243
3543303,Ribeirão Pires,SP,12,8
3543402,Ribeirão Preto,SP,655,420
3543501,Riversul,SP,422,306
3543600,Rifaina,SP,40,15
3543709,Rincão,SP,76,48
3543808,Rinópolis,SP,370,249
3543907,Rio Claro,SP,798,381
3544004,Rio das Pedras,SP,75,45
3544103,Rio Grande da Serra,SP,5,5
3544202,Riolândia,SP,180,94
3544251,Rosana,SP,792,657
3544301,Roseira,SP,56,24
3544400,Rubiácea,SP,87,37
3544509,Rubinéia,SP,154,108
3544608,Sabino,SP,98,59
3544707,Sagres,SP,216,174
3544806,Sales,SP,187,91
3544905,Sales Oliveira,SP,103,30
3545001,Salesópolis,SP,332,207
3545100,Salmourão,SP,173,124
3545159,Saltinho,SP,89,53
3545209,Salto,SP,73,36
3545308,Salto de Pirapora,SP,224,108
3545407,Salto Grande,SP,159,97
3545506,Sandovalina,SP,261,190
3545605,Santa Adélia,SP,178,125
3545704,Santa Albertina,SP,393,259
3545803,Santa Bárbara d'Oeste,SP,75,45
3546009,Santa Branca,SP,94,37
3546108,Santa Clara d'Oeste,SP,210,146
3546207,Santa Cruz da Conceição,SP,145,94
3546256,Santa Cruz da Esperança,SP,63,41
3546306,Santa Cruz das Palmeiras,SP,108,58
3546405,Santa Cruz do Rio Pardo,SP,653,474
3546504,Santa Ernestina,SP,58,31
3546603,Santa Fé do Sul,SP,466,338
3546702,Santa Gertrudes,SP,35,19
3546801,Santa Isabel,SP,304,194
3546900,Santa Lúcia,SP,33,10
3547007,Santa Maria da Serra,SP,124,49
3547106,Santa Mercedes,SP,109,67
3547205,Santana da Ponte Pensa,SP,318,283
3547304,Santana de Parnaíba,SP,21,13
3547403,Santa Rita d'Oeste,SP,410,298
3547502,Santa Rita do Passa Quatro,SP,549,364
3547601,Santa Rosa de Viterbo,SP,271,194
3547650,Santa Salete,SP,219,170
3547700,Santo Anastácio,SP,495,343
3547809,Santo André,SP,55,46
3547908,Santo Antônio da Alegria,SP,502,363
3548005,Santo Antônio de Posse,SP,205,127
3548054,Santo Antônio do Aracanguá,SP,425,217
3548104,Santo Antônio do Jardim,SP,269,195
3548203,Santo Antônio do Pinhal,SP,166,101
3548302,Santo Expedito,SP,172,117
3548401,Santópolis do Aguapeí,SP,87,44
3548500,Santos,SP,1,
3548609,São Bento do Sapucaí,SP,576,368
3548708,São Bernardo do Campo,SP,62,52
3548807,São Caetano do Sul,SP,5,5
3548906,São Carlos,SP,508,319
3549003,São Francisco,SP,255,177
3549102,São João da Boa Vista,SP,582,386
3549201,São João das Duas Pontes,SP,85,57
3549250,São João de Iracema,SP,120,82
3549300,São João do Pau d'Alho,SP,182,118
3549409,São Joaquim da Barra,SP,143,73
3549508,São José da Bela Vista,SP,193,119
3549607,São José do Barreiro,SP,222,134
3549706,São José do Rio Pardo,SP,490,326
3549805,São José do Rio Preto,SP,502,270
3549904,São José dos Campos,SP,544,263
3549953,São Lourenço da Serra,SP,86,42
3550001,São Luiz do Paraitinga,SP,510,334
3550100,São Manuel,SP,133,54
3550209,São Miguel Arcanjo,SP,1916,1350
3550308,São Paulo,SP,550,340
3550407,São Pedro,SP,424,294
3550506,São Pedro do Turvo,SP,538,367
3550605,São Roque,SP,142,79
3550704,São Sebastião,SP,25,16
3550803,São Sebastião da Grama,SP,271,161
3550902,São Simão,SP,250,161
3551009,São Vicente,SP,7,5
3551108,Sarapuí,SP,348,225
3551207,Sarutaiá,SP,125,63
3551306,Sebastianópolis do Sul,SP,216,136
3551405,Serra Azul,SP,136,105
3551504,Serrana,SP,19,9
3551603,Serra Negra,SP,492,234
3551702,Sertãozinho,SP,139,74
3551801,Sete Barras,SP,816,515
3551900,Severínia,SP,97,55
3552007,Silveiras,SP,338,214
3552106,Socorro,SP,1749,1274
3552205,Sorocaba,SP,193,90
3552304,Sud Mennucci,SP,200,116
3552403,Sumaré,SP,170,116
3552502,Suzano,SP,349,255
3552551,Suzanápolis,SP,282,187
3552601,Tabapuã,SP,229,101
3552700,Tabatinga,SP,429,244
3552809,Taboão da Serra,SP,2,1
3552908,Taciba,SP,194,106
3553005,Taguaí,SP,165,108
3553104,Taiaçu,SP,187,123
3553203,Taiúva,SP,164,97
3553302,Tambaú,SP,258,141
3553401,Tanabi,SP,1062,856
3553500,Tapiraí,SP,141,88
3553609,Tapiratiba,SP,93,48
3553658,Taquaral,SP,45,19
3553708,Taquaritinga,SP,559,320
3553807,Taquarituba,SP,594,346
3553856,Taquarivaí,SP,116,68
3553906,Tarabai,SP,126,74
3553955,Tarumã,SP,80,41
3554003,Tatuí,SP,342,173
3554102,Taubaté,SP,351,184
3554201,Tejupá,SP,309,198
3554300,Teodoro Sampaio,SP,976,845
3554409,Terra Roxa,SP,140,93
3554508,Tietê,SP,417,280
3554607,Timburi,SP,139,80
3554656,Torre de Pedra,SP,175,92
3554706,Torrinha,SP,421,283
3554755,Trabiju,SP,24,7
3554805,Tremembé,SP,162,107
3554904,Três Fronteiras,SP,310,224
3554953,Tuiuti,SP,456,360
3555000,Tupã,SP,723,404
3555109,Tupi Paulista,SP,516,338
3555208,Turiúba,SP,227,170
3555307,Turmalina,SP,260,165
3555356,Ubarana,SP,57,36
3555406,Ubatuba,SP,133,108
3555505,Ubirajara,SP,317,186
3555604,Uchoa,SP,360,259
3555703,União Paulista,SP,78,53
3555802,Urânia,SP,425,354
3555901,Uru,SP,86,34
3556008,Urupês,SP,519,379
3556107,Valentim Gentil,SP,222,167
3556206,Valinhos,SP,266,162
3556305,Valparaíso,SP,177,88
3556354,Vargem,SP,228,125
3556404,Vargem Grande do Sul,SP,195,123
3556453,Vargem Grande Paulista,SP,53,37
3556503,Várzea Paulista,SP,8,3
3556602,Vera Cruz,SP,264,104
3556701,Vinhedo,SP,85,58
3556800,Viradouro,SP,278,186
3556909,Vista Alegre do Alto,SP,111,66
3556958,Vitória Brasil,SP,109,63
3557006,Votorantim,SP,53,25
3557105,Votuporanga,SP,515,338
3557154,Zacarias,SP,156,96
3557204,Chavantes,SP,29,12
3557303,Estiva Gerbi,SP,91,66
4100103,Abatiá,PR,673,522
4100202,Adrianópolis,PR,663,393
4100301,Agudos do Sul,PR,1002,864
4100400,Almirante Tamandaré,PR,206,169
4100459,Altamira do Paraná,PR,543,399
4100509,Altônia,PR,1571,1297
4100608,Alto Paraná,PR,592,335
4100707,Alto Piquiri,PR,754,463
4100806,Alvorada do Sul,PR,371,242
4100905,Amaporã,PR,319,182
4101002,Ampére,PR,1185,931
4101051,Anahy,PR,208,137
4101101,Andirá,PR,291,210
4101150,Ângulo,PR,265,182
4101200,Antonina,PR,304,157
4101309,Antônio Olinto,PR,1008,778
4101408,Apucarana,PR,1308,862
4101507,Arapongas,PR,568,372
4101606,Arapoti,PR,858,497
4101655,Arapuã,PR,476,378
4101705,Araruna,PR,611,381
4101804,Araucária,PR,1387,1155
4101853,Ariranha do Ivaí,PR,524,386
4101903,Assaí,PR,598,416
4102000,Assis Chateaubriand,PR,1472,1128
4102109,Astorga,PR,705,453
4102208,Atalaia,PR,279,187
4102307,Balsa Nova,PR,295,169
4102406,Bandeirantes,PR,774,645
4102505,Barbosa Ferraz,PR,909,632
4102604,Barracão,PR,794,648
4102703,Barra do Jacaré,PR,282,228
4102752,Bela Vista da Caroba,PR,838,686
4102802,Bela Vista do Paraíso,PR,342,216
4102901,Bituruna,PR,1561,1169
4103008,Boa Esperança,PR,378,270
4103024,Boa Esperança do Iguaçu,PR,431,359
4103040,Boa Ventura de São Roque,PR,1292,933
4103057,Boa Vista da Aparecida,PR,857,774
4103107,Bocaiúva do Sul,PR,378,216
4103156,Bom Jesus do Sul,PR,832,642
4103206,Bom Sucesso,PR,363,149
4103222,Bom Sucesso do Sul,PR,333,252
4103305,Borrazópolis,PR,670,482
4103354,Braganey,PR,511,369
4103370,Brasilândia do Sul,PR,203,126
4103404,Cafeara,PR,158,99
4103453,Cafelândia,PR,444,314
4103479,Cafezal do Sul,PR,538,306
4103503,Califórnia,PR,438,335
4103602,Cambará,PR,398,287
4103701,Cambé,PR,563,357
4103800,Cambira,PR,554,460
4103909,Campina da Lagoa,PR,729,494
4103958,Campina do Simão,PR,460,353
4104006,Campina Grande do Sul,PR,447,205
4104055,Campo Bonito,PR,552,390
4104105,Campo do Tenente,PR,322,238
4104204,Campo Largo,PR,2233,1471
4104253,Campo Magro,PR,858,599
4104303,Campo Mourão,PR,626,372
4104402,Cândido de Abreu,PR,2452,1850
4104428,Candói,PR,1481,1101
4104451,Cantagalo,PR,943,732
4104501,Capanema,PR,1917,1684
4104600,Capitão Leônidas Marques,PR,987,751
4104659,Carambeí,PR,222,86
4104709,Carlópolis,PR,1273,1113
4104808,Cascavel,PR,3221,2155
4104907,Castro,PR,2603,1766
4105003,Catanduvas,PR,1076,788
4105102,Centenário do Sul,PR,795,670
4105201,Cerro Azul,PR,1991,1622
4105300,Céu Azul,PR,801,592
4105409,Chopinzinho,PR,1550,1220
4105508,Cianorte,PR,1349,850
4105607,Cidade Gaúcha,PR,332,140
4105706,Clevelândia,PR,761,573
4105805,Colombo,PR,374,328
4105904,Colorado,PR,393,228
4106001,Congonhinhas,PR,974,759
4106100,Conselheiro Mairinck,PR,218,146
4106209,Contenda,PR,1074,845
4106308,Corbélia,PR,454,281
4106407,Cornélio Procópio,PR,729,497
4106456,Coronel Domingos Soares,PR,1198,819
4106506,Coronel Vivida,PR,1481,1181
4106555,Corumbataí do Sul,PR,382,292
4106571,Cruzeiro do Iguaçu,PR,448,328
4106605,Cruzeiro do Oeste,PR,1019,756
4106704,Cruzeiro do Sul,PR,257,169
4106803,Cruz Machado,PR,3051,2482
4106852,Cruzmaltina,PR,325,226
4106902,Curitiba,PR,123,82
4107009,Curiúva,PR,911,596
4107108,Diamante do Norte,PR,176,105
4107124,Diamante do Sul,PR,544,350
4107157,Diamante D'Oeste,PR,696,496
4107207,Dois Vizinhos,PR,1880,1454
4107256,Douradina,PR,512,319
4107306,Doutor Camargo,PR,288,234
4107405,Enéas Marques,PR,910,678
4107504,Engenheiro Beltrão,PR,543,358
4107520,Esperança Nova,PR,352,266
4107538,Entre Rios do Oeste,PR,316,283
4107546,Espigão Alto do Iguaçu,PR,674,547
4107553,Farol,PR,282,177
4107603,Faxinal,PR,539,330
4107652,Fazenda Rio Grande,PR,134,104
4107702,Fênix,PR,322,240
4107736,Fernandes Pinheiro,PR,521,399
4107751,Figueira,PR,326,217
4107801,Floraí,PR,218,121
4107850,Flor da Serra do Sul,PR,661,537
4107900,Floresta,PR,158,108
4108007,Florestópolis,PR,211,168
4108106,Flórida,PR,100,64
4108205,Formosa do Oeste,PR,771,626
4108304,Foz do Iguaçu,PR,568,379
4108320,Francisco Alves,PR,679,516
4108403,Francisco Beltrão,PR,2621,2068
4108452,Foz do Jordão,PR,259,149
4108502,General Carneiro,PR,668,429
4108551,Godoy Moreira,PR,465,357
4108601,Goioerê,PR,532,370
4108650,Goioxim,PR,856,707
4108700,Grandes Rios,PR,572,401
4108809,Guaíra,PR,661,537
4108908,Guairaçá,PR,499,245
4108957,Guamiranga,PR,1034,876
4109005,Guapirama,PR,325,208
4109104,Guaporema,PR,200,107
4109203,Guaraci,PR,216,133
4109302,Guaraniaçu,PR,1658,1118
4109401,Guarapuava,PR,2134,1297
4109500,Guaraqueçaba,PR,493,365
4109609,Guaratuba,PR,376,255
4109658,Honório Serpa,PR,733,603
4109708,Ibaiti,PR,1453,1025
4109757,Ibema,PR,398,270
4109807,Ibiporã,PR,482,287
4109906,Icaraíma,PR,630,464
4110003,Iguaraçu,PR,223,156
4110052,Iguatu,PR,265,187
4110078,Imbaú,PR,580,354
4110102,Imbituva,PR,1599,1457
4110201,Inácio Martins,PR,794,515
4110300,Inajá,PR,120,53
4110409,Indianópolis,PR,398,282
4110508,Ipiranga,PR,1766,1566
4110607,Iporã,PR,1263,956
4110656,Iracema do Oeste,PR,194,149
4110706,Irati,PR,2394,2104
4110805,Iretama,PR,1183,992
4110904,Itaguajé,PR,273,210
4110953,Itaipulândia,PR,517,401
4111001,Itambaracá,PR,202,120
4111100,Itambé,PR,243,139
4111209,Itapejara d'Oeste,PR,709,575
4111258,Itaperuçu,PR,552,374
4111308,Itaúna do Sul,PR,292,191
4111407,Ivaí,PR,1683,1481
4111506,Ivaiporã,PR,1161,927
4111555,Ivaté,PR,531,385
4111605,Ivatuba,PR,88,41
4111704,Jaboti,PR,638,497
4111803,Jacarezinho,PR,811,558
4111902,Jaguapitã,PR,409,309
4112009,Jaguariaíva,PR,1014,510
4112108,Jandaia do Sul,PR,469,342
4112207,Janiópolis,PR,472,340
4112306,Japira,PR,577,380
4112405,Japurá,PR,405,296
4112504,Jardim Alegre,PR,1232,1101
4112603,Jardim Olinda,PR,76,57
4112702,Jataizinho,PR,222,176
4112751,Jesuítas,PR,754,617
4112801,Joaquim Távora,PR,665,411
4112900,Jundiaí do Sul,PR,324,233
4112959,Juranda,PR,440,321
4113007,Jussara,PR,227,135
4113106,Kaloré,PR,441,305
4113205,Lapa,PR,2290,1740
4113254,Laranjal,PR,814,691
4113304,Laranjeiras do Sul,PR,1345,1009
4113403,Leópolis,PR,300,211
4113429,Lidianópolis,PR,345,298
4113452,Lindoeste,PR,770,598
4113502,Loanda,PR,421,197
4113601,Lobato,PR,158,95
4113700,Londrina,PR,2205,1442
4113734,Luiziana,PR,429,225
4113759,Lunardelli,PR,369,273
4113809,Lupionópolis,PR,173,123
4113908,Mallet,PR,1524,1240
4114005,Mamborê,PR,514,293
4114104,Mandaguaçu,PR,346,202
4114203,Mandaguari,PR,743,530
4114302,Mandirituba,PR,836,666
4114351,Manfrinópolis,PR,562,447
4114401,Mangueirinha,PR,1559,1232
4114500,Manoel Ribas,PR,1262,1134
4114609,Marechal Cândido Rondon,PR,1934,1540
4114708,Maria Helena,PR,763,537
4114807,Marialva,PR,1351,1098
4114906,Marilândia do Sul,PR,435,299
4115002,Marilena,PR,489,353
4115101,Mariluz,PR,458,404
4115200,Maringá,PR,654,380
4115309,Mariópolis,PR,504,401
4115358,Maripá,PR,665,514
4115408,Marmeleiro,PR,1149,974
4115457,Marquinho,PR,930,694
4115507,Marumbi,PR,372,177
4115606,Matelândia,PR,971,723
4115705,Matinhos,PR,6,2
4115739,Mato Rico,PR,599,483
4115754,Mauá da Serra,PR,168,98
4115804,Medianeira,PR,1153,875
4115853,Mercedes,PR,706,589
4115903,Mirador,PR,175,111
4116000,Miraselva,PR,134,69
4116059,Missal,PR,1331,1096
4116109,Moreira Sales,PR,724,532
4116208,Morretes,PR,527,376
4116307,Munhoz de Melo,PR,301,226
4116406,Nossa Senhora das Graças,PR,190,119
4116505,Nova Aliança do Ivaí,PR,239,134
4116604,Nova América da Colina,PR,166,132
4116703,Nova Aurora,PR,839,628
4116802,Nova Cantu,PR,711,537
4116901,Nova Esperança,PR,777,550
4116950,Nova Esperança do Sudoeste,PR,940,737
4117008,Nova Fátima,PR,245,125
4117057,Nova Laranjeiras,PR,2041,1603
4117107,Nova Londrina,PR,300,155
4117206,Nova Olímpia,PR,258,183
4117214,Nova Santa Bárbara,PR,186,162
4117222,Nova Santa Rosa,PR,686,563
4117255,Nova Prata do Iguaçu,PR,980,792
4117271,Nova Tebas,PR,1051,799
4117297,Novo Itacolomi,PR,422,332
4117305,Ortigueira,PR,2968,2227
4117404,Ourizona,PR,203,122
4117453,Ouro Verde do Oeste,PR,461,317
4117503,Paiçandu,PR,179,129
4117602,Palmas,PR,644,304
4117701,Palmeira,PR,1987,1611
4117800,Palmital,PR,1684,1339
4117909,Palotina,PR,1249,887
4118006,Paraíso do Norte,PR,358,183
4118105,Paranacity,PR,246,153
4118204,Paranaguá,PR,137,90
4118303,Paranapoema,PR,25,11
4118402,Paranavaí,PR,1328,750
4118451,Pato Bragado,PR,321,264
4118501,Pato Branco,PR,1116,842
4118600,Paula Freitas,PR,485,391
4118709,Paulo Frontin,PR,1168,1036
4118808,Peabiru,PR,545,374
4118857,Perobal,PR,658,442
4118907,Pérola,PR,581,460
4119004,Pérola d'Oeste,PR,1079,940
4119103,Piên,PR,1213,1151
4119152,Pinhais,PR,37,16
4119202,Pinhalão,PR,616,496
4119251,Pinhal de São Bento,PR,405,333
4119301,Pinhão,PR,2852,2058
4119400,Piraí do Sul,PR,1238,827
4119509,Piraquara,PR,210,97
4119608,Pitanga,PR,3008,2332
4119657,Pitangueiras,PR,247,194
4119707,Planaltina do Paraná,PR,468,302
4119806,Planalto,PR,1852,1643
4119905,Ponta Grossa,PR,1258,656
4119954,Pontal do Paraná,PR,46,21
4120002,Porecatu,PR,166,134
4120101,Porto Amazonas,PR,102,55
4120150,Porto Barreiro,PR,744,583
4120200,Porto Rico,PR,131,77
4120309,Porto Vitória,PR,418,324
4120333,Prado Ferreira,PR,100,51
4120358,Pranchita,PR,460,392
4120408,Presidente Castelo Branco,PR,288,145
4120507,Primeiro de Maio,PR,445,333
4120606,Prudentópolis,PR,6625,5703
4120655,Quarto Centenário,PR,219,159
4120705,Quatiguá,PR,304,248
4120804,Quatro Barras,PR,133,51
4120853,Quatro Pontes,PR,365,270
4120903,Quedas do Iguaçu,PR,3143,2752
4121000,Querência do Norte,PR,1035,856
4121109,Quinta do Sol,PR,258,185
4121208,Quitandinha,PR,1488,1390
4121257,Ramilândia,PR,601,493
4121307,Rancho Alegre,PR,234,168
4121356,Rancho Alegre D'Oeste,PR,240,173
4121406,Realeza,PR,917,754
4121505,Rebouças,PR,1242,1040
4121604,Renascença,PR,787,651
4121703,Reserva,PR,1471,1104
4121752,Reserva do Iguaçu,PR,693,483
4121802,Ribeirão Claro,PR,799,601
4121901,Ribeirão do Pinhal,PR,602,400
4122008,Rio Azul,PR,2042,1930
4122107,Rio Bom,PR,313,249
4122156,Rio Bonito do Iguaçu,PR,2919,2791
4122172,Rio Branco do Ivaí,PR,607,414
4122206,Rio Branco do Sul,PR,1083,745
4122305,Rio Negro,PR,1094,982
4122404,Rolândia,PR,666,361
4122503,Roncador,PR,905,712
4122602,Rondon,PR,508,322
4122651,Rosário do Ivaí,PR,839,588
4122701,Sabáudia,PR,326,211
4122800,Salgado Filho,PR,552,445
4122909,Salto do Itararé,PR,469,390
4123006,Salto do Lontra,PR,1417,1159
4123105,Santa Amélia,PR,172,128
4123204,Santa Cecília do Pavão,PR,180,137
4123303,Santa Cruz de Monte Castelo,PR,445,356
4123402,Santa Fé,PR,436,284
4123501,Santa Helena,PR,1599,1305
4123600,Santa Inês,PR,88,43
4123709,Santa Isabel do Ivaí,PR,467,320
4123808,Santa Izabel do Oeste,PR,1077,867
4123824,Santa Lúcia,PR,493,381
4123857,Santa Maria do Oeste,PR,1861,1383
4123907,Santa Mariana,PR,299,162
4123956,Santa Mônica,PR,278,195
4124004,Santana do Itararé,PR,419,323
4124020,Santa Tereza do Oeste,PR,389,277
4124053,Santa Terezinha de Itaipu,PR,438,312
4124103,Santo Antônio da Platina,PR,1638,1237
4124202,Santo Antônio do Caiuá,PR,231,110
4124301,Santo Antônio do Paraíso,PR,179,113
4124400,Santo Antônio do Sudoeste,PR,1350,1149
4124509,Santo Inácio,PR,225,147
4124608,São Carlos do Ivaí,PR,152,80
4124707,São Jerônimo da Serra,PR,1357,1057
4124806,São João,PR,1215,1022
4124905,São João do Caiuá,PR,319,173
4125001,São João do Ivaí,PR,678,484
4125100,São João do Triunfo,PR,1959,1617
4125209,São Jorge d'Oeste,PR,1024,868
4125308,São Jorge do Ivaí,PR,253,119
4125357,São Jorge do Patrocínio,PR,688,523
4125407,São José da Boa Vista,PR,805,603
4125456,São José das Palmeiras,PR,408,283
4125506,São José dos Pinhais,PR,1515,1187
4125555,São Manoel do Paraná,PR,217,140
4125605,São Mateus do Sul,PR,3406,2560
4125704,São Miguel do Iguaçu,PR,1588,1228
4125753,São Pedro do Iguaçu,PR,509,402
4125803,São Pedro do Ivaí,PR,347,185
4125902,São Pedro do Paraná,PR,343,204
4126009,São Sebastião da Amoreira,PR,184,148
4126108,São Tomé,PR,292,228
4126207,Sapopema,PR,653,415
4126256,Sarandi,PR,144,93
4126272,Saudade do Iguaçu,PR,535,476
4126306,Sengés,PR,783,496
4126355,Serranópolis do Iguaçu,PR,712,592
4126405,Sertaneja,PR,169,83
4126504,Sertanópolis,PR,393,226
4126603,Siqueira Campos,PR,1071,794
4126652,Sulina,PR,499,453
4126678,Tamarana,PR,597,399
4126702,Tamboara,PR,286,178
4126801,Tapejara,PR,289,168
4126900,Tapira,PR,625,409
4127007,Teixeira Soares,PR,743,563
4127106,Telêmaco Borba,PR,96,70
4127205,Terra Boa,PR,451,313
4127304,Terra Rica,PR,989,708
4127403,Terra Roxa,PR,1209,879
4127502,Tibagi,PR,1040,665
4127601,Tijucas do Sul,PR,691,505
4127700,Toledo,PR,2608,2001
4127809,Tomazina,PR,1290,843
4127858,Três Barras do Paraná,PR,1167,949
4127882,Tunas do Paraná,PR,163,61
4127908,Tuneiras do Oeste,PR,720,486
4127957,Tupãssi,PR,613,471
4127965,Turvo,PR,1219,859
4128005,Ubiratã,PR,811,609
4128104,Umuarama,PR,1818,1247
4128203,União da Vitória,PR,799,550
4128302,Uniflor,PR,226,132
4128401,Uraí,PR,600,483
4128500,Wenceslau Braz,PR,1166,904
4128534,Ventania,PR,426,279
4128559,Vera Cruz do Oeste,PR,796,623
4128609,Verê,PR,1011,886
4128625,Alto Paraíso,PR,301,143
4128633,Doutor Ulysses,PR,1093,783
4128658,Virmond,PR,507,434
4128708,Vitorino,PR,472,305
4128807,Xambrê,PR,612,416
4200051,Abdon Batista,SC,693,521
4200101,Abelardo Luz,SC,1757,1500
4200200,Agrolândia,SC,510,384
4200309,Agronômica,SC,572,504
4200408,Água Doce,SC,866,603
4200507,Águas de Chapecó,SC,747,689
4200556,Águas Frias,SC,363,306
4200606,Águas Mornas,SC,809,636
4200705,Alfredo Wagner,SC,1656,1435
4200754,Alto Bela Vista,SC,354,299
4200804,Anchieta,SC,703,607
4200903,Angelina,SC,884,741
4201000,Anita Garibaldi,SC,1343,919
4201109,Anitápolis,SC,500,405
4201208,Antônio Carlos,SC,545,514
4201257,Apiúna,SC,437,290
4201273,Arabutã,SC,727,647
4201307,Araquari,SC,351,215
4201406,Araranguá,SC,1195,929
4201505,Armazém,SC,565,406
4201604,Arroio Trinta,SC,325,260
4201653,Arvoredo,SC,385,298
4201703,Ascurra,SC,156,104
4201802,Atalanta,SC,524,438
4201901,Aurora,SC,723,663
4201950,Balneário Arroio do Silva,SC,67,43
4202008,Balneário Camboriú,SC,11,6
4202057,Balneário Barra do Sul,SC,74,47
4202073,Balneário Gaivota,SC,178,141
4202081,Bandeirante,SC,446,373
4202099,Barra Bonita,SC,342,295
4202107,Barra Velha,SC,270,179
4202131,Bela Vista do Toldo,SC,1122,990
4202156,Belmonte,SC,352,301
4202206,Benedito Novo,SC,1004,541
4202305,Biguaçu,SC,346,248
4202404,Blumenau,SC,666,414
4202438,Bocaina do Sul,SC,607,384
4202453,Bombinhas,SC,105,9
4202503,Bom Jardim da Serra,SC,669,381
4202537,Bom Jesus,SC,213,160
4202578,Bom Jesus do Oeste,SC,402,358
4202602,Bom Retiro,SC,750,546
4202701,Botuverá,SC,447,262
4202800,Braço do Norte,SC,692,565
4202859,Braço do Trombudo,SC,240,185
4202875,Brunópolis,SC,557,429
4202909,Brusque,SC,105,53
4203006,Caçador,SC,1316,980
4203105,Caibi,SC,615,553
4203154,Calmon,SC,279,187
4203204,Camboriú,SC,295,243
4203253,Capão Alto,SC,710,323
4203303,Campo Alegre,SC,658,495
4203402,Campo Belo do Sul,SC,1040,732
4203501,Campo Erê,SC,566,407
4203600,Campos Novos,SC,1670,1098
4203709,Canelinha,SC,210,133
4203808,Canoinhas,SC,2916,2296
4203907,Capinzal,SC,451,343
4203956,Capivari de Baixo,SC,93,46
4204004,Catanduvas,SC,206,127
4204103,Caxambu do Sul,SC,596,546
4204152,Celso Ramos,SC,556,460
4204178,Cerro Negro,SC,791,468
4204194,Chapadão do Lageado,SC,652,583
4204202,Chapecó,SC,1661,1303
4204251,Cocal do Sul,SC,244,178
4204301,Concórdia,SC,2765,2326
4204350,Cordilheira Alta,SC,354,309
4204400,Coronel Freitas,SC,832,725
4204459,Coronel Martins,SC,444,388
4204509,Corupá,SC,752,648
4204558,Correia Pinto,SC,884,586
4204608,Criciúma,SC,520,391
4204707,Cunha Porã,SC,910,816
4204756,Cunhataí,SC,385,339
4204806,Curitibanos,SC,893,598
4204905,Descanso,SC,924,829
4205001,Dionísio Cerqueira,SC,964,856
4205100,Dona Emma,SC,440,347
4205159,Doutor Pedrinho,SC,413,199
4205175,Entre Rios,SC,498,414
4205191,Ermo,SC,204,163
4205209,Erval Velho,SC,394,302
4205308,Faxinal dos Guedes,SC,491,368
4205357,Flor do Sertão,SC,244,209
4205407,Florianópolis,SC,211,74
4205431,Formosa do Sul,SC,388,371
4205456,Forquilhinha,SC,554,415
4205506,Fraiburgo,SC,939,687
4205555,Frei Rogério,SC,429,365
4205605,Galvão,SC,270,230
4205704,Garopaba,SC,253,208
4205803,Garuva,SC,364,258
4205902,Gaspar,SC,560,353
4206009,Governador Celso Ramos,SC,92,35
4206108,Grão-Pará,SC,867,653
4206207,Gravatal,SC,750,579
4206306,Guabiruba,SC,286,184
4206405,Guaraciaba,SC,1146,1014
4206504,Guaramirim,SC,394,324
4206603,Guarujá do Sul,SC,353,306
4206652,Guatambú,SC,582,511
4206702,Herval d'Oeste,SC,531,479
4206751,Ibiam,SC,391,303
4206801,Ibicaré,SC,566,441
4206900,Ibirama,SC,596,367
4207007,Içara,SC,1040,821
4207106,Ilhota,SC,356,239
4207205,Imaruí,SC,1135,818
4207304,Imbituba,SC,317,238
4207403,Imbuia,SC,765,721
4207502,Indaial,SC,717,490
4207577,Iomerê,SC,315,253
4207601,Ipira,SC,594,480
4207650,Iporã do Oeste,SC,882,818
4207684,Ipuaçu,SC,590,514
4207700,Ipumirim,SC,872,798
4207759,Iraceminha,SC,665,590
4207809,Irani,SC,598,490
4207858,Irati,SC,313,262
4207908,Irineópolis,SC,1445,1306
4208005,Itá,SC,617,508
4208104,Itaiópolis,SC,2615,2264
4208203,Itajaí,SC,318,212
4208302,Itapema,SC,69,42
4208401,Itapiranga,SC,1148,992
4208450,Itapoá,SC,91,43
4208500,Ituporanga,SC,1687,1525
4208609,Jaborá,SC,487,417
4208708,Jacinto Machado,SC,882,796
4208807,Jaguaruna,SC,591,544
4208906,Jaraguá do Sul,SC,711,558
4208955,Jardinópolis,SC,266,226
4209003,Joaçaba,SC,837,699
4209102,Joinville,SC,1476,991
4209151,José Boiteux,SC,605,467
4209177,Jupiá,SC,337,300
4209201,Lacerdópolis,SC,203,190
4209300,Lages,SC,1389,581
4209409,Laguna,SC,175,120
4209458,Lajeado Grande,SC,268,214
4209508,Laurentino,SC,243,204
4209607,Lauro Müller,SC,499,362
4209706,Lebon Régis,SC,951,645
4209805,Leoberto Leal,SC,639,591
4209854,Lindóia do Sul,SC,660,589
4209904,Lontras,SC,500,354
4210001,Luiz Alves,SC,621,471
4210035,Luzerna,SC,354,305
4210050,Macieira,SC,341,258
4210100,Mafra,SC,1938,1604
4210209,Major Gercino,SC,465,355
4210308,Major Vieira,SC,1112,910
4210407,Maracajá,SC,267,208
4210506,Maravilha,SC,884,724
4210555,Marema,SC,370,319
4210605,Massaranduba,SC,1108,798
4210704,Matos Costa,SC,400,268
4210803,Meleiro,SC,526,435
4210852,Mirim Doce,SC,360,252
4210902,Modelo,SC,360,303
4211009,Mondaí,SC,872,753
4211058,Monte Carlo,SC,285,191
4211108,Monte Castelo,SC,458,323
4211207,Morro da Fumaça,SC,263,182
4211256,Morro Grande,SC,335,284
4211306,Navegantes,SC,107,74
4211405,Nova Erechim,SC,282,261
4211454,Nova Itaberaba,SC,552,518
4211504,Nova Trento,SC,491,358
4211603,Nova Veneza,SC,542,371
4211652,Novo Horizonte,SC,472,397
4211702,Orleans,SC,1260,1008
4211751,Otacílio Costa,SC,508,245
4211801,Ouro,SC,674,607
4211850,Ouro Verde,SC,300,242
4211876,Paial,SC,356,317
4211892,Painel,SC,633,311
4211900,Palhoça,SC,234,105
4212007,Palma Sola,SC,532,443
4212056,Palmeira,SC,520,259
4212106,Palmitos,SC,1455,1328
4212205,Papanduva,SC,1189,979
4212239,Paraíso,SC,600,517
4212254,Passo de Torres,SC,107,86
4212270,Passos Maia,SC,682,532
4212304,Paulo Lopes,SC,235,124
4212403,Pedras Grandes,SC,446,366
4212502,Penha,SC,119,43
4212601,Peritiba,SC,354,313
4212650,Pescaria Brava,SC,272,222
4212700,Petrolândia,SC,1010,824
4212809,Balneário Piçarras,SC,131,88
4212908,Pinhalzinho,SC,729,616
4213005,Pinheiro Preto,SC,206,147
4213104,Piratuba,SC,488,405
4213153,Planalto Alegre,SC,357,338
4213203,Pomerode,SC,746,486
4213302,Ponte Alta,SC,409,252
4213351,Ponte Alta do Norte,SC,81,32
4213401,Ponte Serrada,SC,372,250
4213500,Porto Belo,SC,73,34
4213609,Porto União,SC,1354,893
4213708,Pouso Redondo,SC,1180,1000
4213807,Praia Grande,SC,344,313
4213906,Presidente Castello Branco,SC,261,230
4214003,Presidente Getúlio,SC,1019,725
4214102,Presidente Nereu,SC,364,260
4214151,Princesa,SC,379,354
4214201,Quilombo,SC,1162,1025
4214300,Rancho Queimado,SC,353,267
4214409,Rio das Antas,SC,696,547
4214508,Rio do Campo,SC,901,694
4214607,Rio do Oeste,SC,770,696
4214706,Rio dos Cedros,SC,786,453
4214805,Rio do Sul,SC,689,489
4214904,Rio Fortuna,SC,732,605
4215000,Rio Negrinho,SC,824,595
4215059,Rio Rufino,SC,306,234
4215075,Riqueza,SC,690,583
4215109,Rodeio,SC,467,358
4215208,Romelândia,SC,811,717
4215307,Salete,SC,713,468
4215356,Saltinho,SC,610,547
4215406,Salto Veloso,SC,272,216
4215455,Sangão,SC,202,179
4215505,Santa Cecília,SC,358,161
4215554,Santa Helena,SC,331,301
4215604,Santa Rosa de Lima,SC,449,272
4215653,Santa Rosa do Sul,SC,537,499
4215679,Santa Terezinha,SC,2198,1802
4215687,Santa Terezinha do Progresso,SC,550,469
4215695,Santiago do Sul,SC,215,181
4215703,Santo Amaro da Imperatriz,SC,435,284
4215752,São Bernardino,SC,446,383
4215802,São Bento do Sul,SC,476,362
4215901,São Bonifácio,SC,530,358
4216008,São Carlos,SC,834,720
4216057,São Cristóvão do Sul,SC,178,95
4216107,São Domingos,SC,653,560
4216206,São Francisco do Sul,SC,168,86
4216255,São João do Oeste,SC,777,671
4216305,São João Batista,SC,578,341
4216354,São João do Itaperiú,SC,283,227
4216404,São João do Sul,SC,728,690
4216503,São Joaquim,SC,2360,1592
4216602,São José,SC,107,58
4216701,São José do Cedro,SC,1137,1008
4216800,São José do Cerrito,SC,2063,1510
4216909,São Lourenço do Oeste,SC,1270,1047
4217006,São Ludgero,SC,377,272
4217105,São Martinho,SC,452,311
4217154,São Miguel da Boa Vista,SC,397,342
4217204,São Miguel do Oeste,SC,878,709
4217253,São Pedro de Alcântara,SC,323,177
4217303,Saudades,SC,1120,971
4217402,Schroeder,SC,229,206
4217501,Seara,SC,1193,1006
4217550,Serra Alta,SC,427,355
4217600,Siderópolis,SC,427,322
4217709,Sombrio,SC,602,540
4217758,Sul Brasil,SC,502,410
4217808,Taió,SC,1400,979
4217907,Tangará,SC,840,656
4217956,Tigrinhos,SC,285,248
4218004,Tijucas,SC,445,227
4218103,Timbé do Sul,SC,392,341
4218202,Timbó,SC,321,206
4218251,Timbó Grande,SC,731,398
4218301,Três Barras,SC,393,238
4218350,Treviso,SC,175,147
4218400,Treze de Maio,SC,604,489
4218509,Treze Tílias,SC,431,311
4218608,Trombudo Central,SC,266,199
4218707,Tubarão,SC,990,721
4218756,Tunápolis,SC,548,494
4218806,Turvo,SC,661,547
4218855,União do Oeste,SC,422,365
4218905,Urubici,SC,658,418
4218954,Urupema,SC,322,213
4219002,Urussanga,SC,660,504
4219101,Vargeão,SC,337,263
4219150,Vargem,SC,714,491
4219176,Vargem Bonita,SC,326,235
4219200,Vidal Ramos,SC,1049,924
4219309,Videira,SC,1047,857
4219358,Vitor Meireles,SC,793,660
4219408,Witmarsum,SC,645,494
4219507,Xanxerê,SC,711,572
4219606,Xavantina,SC,738,665
4219705,Xaxim,SC,923,788
4219853,Zortéa,SC,257,138
4220000,Balneário Rincão,SC,85,46
4300034,Aceguá,RS,806,475
4300059,Água Santa,RS,579,480
4300109,Agudo,RS,2073,1946
4300208,Ajuricaba,RS,753,609
4300307,Alecrim,RS,1358,1201
4300406,Alegrete,RS,2671,1288
4300455,Alegria,RS,720,644
4300471,Almirante Tamandaré do Sul,RS,422,329
4300505,Alpestre,RS,1417,1296
4300554,Alto Alegre,RS,391,331
4300570,Alto Feliz,RS,443,335
4300604,Alvorada,RS,27,12
4300638,Amaral Ferrador,RS,1062,913
4300646,Ametista do Sul,RS,645,571
4300661,André da Rocha,RS,245,144
4300703,Anta Gorda,RS,939,844
4300802,Antônio Prado,RS,1036,869
4300851,Arambaré,RS,171,69
4300877,Araricá,RS,58,41
4300901,Aratiba,RS,950,862
4301008,Arroio do Meio,RS,809,722
4301057,Arroio do Sal,RS,67,45
4301073,Arroio do Padre,RS,427,400
4301107,Arroio dos Ratos,RS,395,289
4301206,Arroio do Tigre,RS,1940,1662
4301305,Arroio Grande,RS,961,682
4301404,Arvorezinha,RS,1231,1096
4301503,Augusto Pestana,RS,922,826
4301552,Áurea,RS,661,592
4301602,Bagé,RS,1127,517
4301636,Balneário Pinhal,RS,19,6
4301651,Barão,RS,734,645
4301701,Barão de Cotegipe,RS,1030,1001
4301750,Barão do Triunfo,RS,1775,1540
4301800,Barracão,RS,1021,854
4301859,Barra do Guarita,RS,213,191
4301875,Barra do Quaraí,RS,146,38
4301909,Barra do Ribeiro,RS,497,343
4301925,Barra do Rio Azul,RS,451,419
4301958,Barra Funda,RS,234,210
4302006,Barros Cassal,RS,1662,1527
4302055,Benjamin Constant do Sul,RS,390,357
4302105,Bento Gonçalves,RS,1128,860
4302154,Boa Vista das Missões,RS,239,173
4302204,Boa Vista do Buricá,RS,542,518
4302220,Boa Vista do Cadeado,RS,521,343
4302238,Boa Vista do Incra,RS,346,261
4302253,Boa Vista do Sul,RS,886,691
4302303,Bom Jesus,RS,916,419
4302352,Bom Princípio,RS,616,507
4302378,Bom Progresso,RS,211,174
4302402,Bom Retiro do Sul,RS,341,269
4302451,Boqueirão do Leão,RS,1315,1191
4302501,Bossoroca,RS,934,587
4302584,Bozano,RS,363,291
4302600,Braga,RS,380,337
4302659,Brochier,RS,710,603
4302709,Butiá,RS,339,178
4302808,Caçapava do Sul,RS,2653,1697
4302907,Cacequi,RS,465,194
4303004,Cachoeira do Sul,RS,2780,1759
4303103,Cachoeirinha,RS,6,
4303202,Cacique Doble,RS,900,860
4303301,Caibaté,RS,565,451
4303400,Caiçara,RS,936,869
4303509,Camaquã,RS,2629,2207
4303558,Camargo,RS,437,408
4303608,Cambará do Sul,RS,357,145
4303673,Campestre da Serra,RS,614,488
4303707,Campina das Missões,RS,1126,1007
4303806,Campinas do Sul,RS,351,298
4303905,Campo Bom,RS,99,55
4304002,Campo Novo,RS,284,206
4304101,Campos Borges,RS,501,346
4304200,Candelária,RS,3647,3259
4304309,Cândido Godói,RS,1347,1185
4304358,Candiota,RS,561,434
4304408,Canela,RS,269,172
4304507,Canguçu,RS,8075,6691
4304606,Canoas,RS,40,27
4304614,Canudos do Vale,RS,423,404
4304622,Capão Bonito do Sul,RS,369,252
4304630,Capão da Canoa,RS,28,7
4304655,Capão do Cipó,RS,531,401
4304663,Capão do Leão,RS,198,118
4304671,Capivari do Sul,RS,95,31
4304689,Capela de Santana,RS,384,278
4304697,Capitão,RS,340,297
4304705,Carazinho,RS,342,159
4304713,Caraá,RS,1332,1001
4304804,Carlos Barbosa,RS,1313,973
4304853,Carlos Gomes,RS,337,316
4304903,Casca,RS,793,682
4304952,Caseiros,RS,358,295
4305009,Catuípe,RS,814,637
4305108,Caxias do Sul,RS,2752,2054
4305116,Centenário,RS,577,523
4305124,Cerrito,RS,651,471
4305132,Cerro Branco,RS,715,669
4305157,Cerro Grande,RS,321,277
4305173,Cerro Grande do Sul,RS,1409,1253
4305207,Cerro Largo,RS,780,660
4305306,Chapada,RS,1165,1007
4305355,Charqueadas,RS,137,99
4305371,Charrua,RS,490,433
4305405,Chiapetta,RS,417,329
4305439,Chuí,RS,80,45
4305447,Chuvisca,RS,1012,945
4305454,Cidreira,RS,59,25
4305504,Ciríaco,RS,642,550
4305587,Colinas,RS,346,296
4305603,Colorado,RS,424,334
4305702,Condor,RS,579,500
4305801,Constantina,RS,824,758
4305835,Coqueiro Baixo,RS,362,331
4305850,Coqueiros do Sul,RS,427,334
4305871,Coronel Barros,RS,399,349
4305900,Coronel Bicaco,RS,753,603
4305934,Coronel Pilar,RS,521,458
4305959,Cotiporã,RS,527,475
4305975,Coxilha,RS,351,227
4306007,Crissiumal,RS,1592,1414
4306056,Cristal,RS,591,443
4306072,Cristal do Sul,RS,449,415
4306106,Cruz Alta,RS,580,290
4306130,Cruzaltense,RS,493,460
4306205,Cruzeiro do Sul,RS,1050,901
4306304,David Canabarro,RS,689,642
4306320,Derrubadas,RS,542,473
4306353,Dezesseis de Novembro,RS,797,647
4306379,Dilermando de Aguiar,RS,488,318
4306403,Dois Irmãos,RS,221,178
4306429,Dois Irmãos das Missões,RS,217,168
4306452,Dois Lajeados,RS,476,431
4306502,Dom Feliciano,RS,2691,2375
4306551,Dom Pedro de Alcântara,RS,266,255
4306601,Dom Pedrito,RS,1119,520
4306700,Dona Francisca,RS,311,306
4306734,Doutor Maurício Cardoso,RS,798,723
4306759,Doutor Ricardo,RS,450,349
4306767,Eldorado do Sul,RS,332,232
4306809,Encantado,RS,580,538
4306908,Encruzilhada do Sul,RS,2051,1428
4306924,Engenho Velho,RS,156,121
4306932,Entre-Ijuís,RS,954,817
4306957,Entre Rios do Sul,RS,255,226
4306973,Erebango,RS,348,285
4307005,Erechim,RS,1082,941
4307054,Ernestina,RS,461,387
4307104,Herval,RS,1141,862
4307203,Erval Grande,RS,671,550
4307302,Erval Seco,RS,1219,1082
4307401,Esmeralda,RS,396,242
4307450,Esperança do Sul,RS,558,512
4307500,Espumoso,RS,1162,936
4307559,Estação,RS,231,197
4307609,Estância Velha,RS,107,74
4307708,Esteio,RS,1,
4307807,Estrela,RS,968,741
4307815,Estrela Velha,RS,681,600
4307831,Eugênio de Castro,RS,431,319
4307864,Fagundes Varela,RS,315,253
4307906,Farroupilha,RS,1272,1128
4308003,Faxinal do Soturno,RS,507,471
4308052,Faxinalzinho,RS,287,252
4308078,Fazenda Vilanova,RS,280,227
4308102,Feliz,RS,593,507
4308201,Flores da Cunha,RS,1150,1019
4308250,Floriano Peixoto,RS,548,483
4308300,Fontoura Xavier,RS,1761,1292
4308409,Formigueiro,RS,905,647
4308433,Forquetinha,RS,579,512
4308458,Fortaleza dos Valos,RS,393,270
4308508,Frederico Westphalen,RS,995,885
4308607,Garibaldi,RS,819,538
4308656,Garruchos,RS,571,389
4308706,Gaurama,RS,838,770
4308805,General Câmara,RS,806,623
4308854,Gentil,RS,251,194
4308904,Getúlio Vargas,RS,649,555
4309001,Giruá,RS,1586,1337
4309050,Glorinha,RS,638,355
4309100,Gramado,RS,516,393
4309126,Gramado dos Loureiros,RS,344,309
4309159,Gramado Xavier,RS,666,614
4309209,Gravataí,RS,485,332
4309258,Guabiju,RS,275,232
4309308,Guaíba,RS,280,167
4309407,Guaporé,RS,726,578
4309506,Guarani das Missões,RS,930,848
4309555,Harmonia,RS,446,393
4309571,Herveiras,RS,519,475
4309605,Horizontina,RS,905,749
4309654,Hulha Negra,RS,1183,998
4309704,Humaitá,RS,573,533
4309753,Ibarama,RS,1051,990
4309803,Ibiaçá,RS,602,504
4309902,Ibiraiaras,RS,634,584
4309951,Ibirapuitã,RS,483,376
4310009,Ibirubá,RS,1213,1033
4310108,Igrejinha,RS,407,281
4310207,Ijuí,RS,1626,1366
4310306,Ilópolis,RS,549,511
4310330,Imbé,RS,17,10
4310363,Imigrante,RS,437,355
4310405,Independência,RS,969,859
4310413,Inhacorá,RS,241,193
4310439,Ipê,RS,850,643
4310462,Ipiranga do Sul,RS,414,376
4310504,Iraí,RS,765,697
4310538,Itaara,RS,145,110
4310553,Itacurubi,RS,748,554
4310579,Itapuca,RS,558,469
4310603,Itaqui,RS,478,152
4310652,Itati,RS,339,298
4310702,Itatiba do Sul,RS,698,645
4310751,Ivorá,RS,465,451
4310801,Ivoti,RS,205,159
4310850,Jaboticaba,RS,628,548
4310876,Jacuizinho,RS,571,465
4310900,Jacutinga,RS,328,295
4311007,Jaguarão,RS,614,355
4311106,Jaguari,RS,1552,1299
4311122,Jaquirana,RS,546,301
4311130,Jari,RS,945,788
4311155,Jóia,RS,1444,1240
4311205,Júlio de Castilhos,RS,976,683
4311239,Lagoa Bonita do Sul,RS,472,443
4311254,Lagoão,RS,1074,944
4311270,Lagoa dos Três Cantos,RS,297,241
4311304,Lagoa Vermelha,RS,1034,732
4311403,Lajeado,RS,388,294
4311429,Lajeado do Bugre,RS,543,485
4311502,Lavras do Sul,RS,869,402
4311601,Liberato Salzano,RS,1178,1062
4311627,Lindolfo Collor,RS,143,123
4311643,Linha Nova,RS,329,239
4311700,Machadinho,RS,823,742
4311718,Maçambará,RS,235,49
4311734,Mampituba,RS,445,425
4311759,Manoel Viana,RS,647,426
4311775,Maquiné,RS,532,488
4311791,Maratá,RS,521,432
4311809,Marau,RS,1170,1026
4311908,Marcelino Ramos,RS,572,532
4311981,Mariana Pimentel,RS,800,637
4312005,Mariano Moro,RS,257,233
4312054,Marques de Souza,RS,696,608
4312104,Mata,RS,768,641
4312138,Mato Castelhano,RS,452,307
4312153,Mato Leitão,RS,357,308
4312179,Mato Queimado,RS,368,350
4312203,Maximiliano de Almeida,RS,603,566
4312252,Minas do Leão,RS,72,21
4312302,Miraguaí,RS,656,587
4312351,Montauri,RS,320,306
4312377,Monte Alegre dos Campos,RS,639,510
4312385,Monte Belo do Sul,RS,463,423
4312401,Montenegro,RS,1211,874
4312427,Mormaço,RS,485,331
4312443,Morrinhos do Sul,RS,592,556
4312450,Morro Redondo,RS,485,369
4312476,Morro Reuter,RS,360,284
4312500,Mostardas,RS,737,435
4312609,Muçum,RS,356,285
4312617,Muitos Capões,RS,466,258
4312625,Muliterno,RS,350,327
4312658,Não-Me-Toque,RS,500,371
4312674,Nicolau Vergueiro,RS,240,201
4312708,Nonoai,RS,437,361
4312757,Nova Alvorada,RS,468,391
4312807,Nova Araçá,RS,246,219
4312906,Nova Bassano,RS,589,477
4312955,Nova Boa Vista,RS,374,353
4313003,Nova Bréscia,RS,482,385
4313011,Nova Candelária,RS,530,511
4313037,Nova Esperança do Sul,RS,411,339
4313060,Nova Hartz,RS,154,122
4313086,Nova Pádua,RS,384,357
4313102,Nova Palma,RS,570,503
4313201,Nova Petrópolis,RS,1003,821
4313300,Nova Prata,RS,388,324
4313334,Nova Ramada,RS,501,430
4313359,Nova Roma do Sul,RS,421,391
4313375,Nova Santa Rita,RS,417,255
4313391,Novo Cabrais,RS,709,622
4313409,Novo Hamburgo,RS,269,180
4313425,Novo Machado,RS,712,646
4313441,Novo Tiradentes,RS,365,330
4313466,Novo Xingu,RS,364,315
4313490,Novo Barreiro,RS,664,586
4313508,Osório,RS,529,404
4313607,Paim Filho,RS,541,493
4313656,Palmares do Sul,RS,259,147
4313706,Palmeira das Missões,RS,1155,793
4313805,Palmitinho,RS,954,834
4313904,Panambi,RS,851,686
4313953,Pantano Grande,RS,263,112
4314001,Paraí,RS,484,383
4314027,Paraíso do Sul,RS,1057,1007
4314035,Pareci Novo,RS,378,311
4314050,Parobé,RS,201,155
4314068,Passa Sete,RS,1015,921
4314076,Passo do Sobrado,RS,1079,942
4314100,Passo Fundo,RS,909,575
4314134,Paulo Bento,RS,289,254
4314159,Paverama,RS,1219,987
4314175,Pedras Altas,RS,519,310
4314209,Pedro Osório,RS,165,62
4314308,Pejuçara,RS,283,182
4314407,Pelotas,RS,2697,2444
4314423,Picada Café,RS,176,143
4314456,Pinhal,RS,440,374
4314464,Pinhal da Serra,RS,563,442
4314472,Pinhal Grande,RS,679,624
4314498,Pinheirinho do Vale,RS,680,576
4314506,Pinheiro Machado,RS,1375,827
4314548,Pinto Bandeira,RS,413,348
4314555,Pirapó,RS,614,504
4314605,Piratini,RS,2697,2043
4314704,Planalto,RS,1080,956
4314753,Poço das Antas,RS,468,383
4314779,Pontão,RS,440,348
4314787,Ponte Preta,RS,299,271
4314803,Portão,RS,372,192
4314902,Porto Alegre,RS,384,211
4315008,Porto Lucena,RS,1098,966
4315057,Porto Mauá,RS,432,383
4315073,Porto Vera Cruz,RS,494,419
4315107,Porto Xavier,RS,1120,910
4315131,Pouso Novo,RS,306,244
4315149,Presidente Lucena,RS,281,263
4315156,Progresso,RS,1033,952
4315172,Protásio Alves,RS,330,181
4315206,Putinga,RS,634,602
4315305,Quaraí,RS,933,413
4315313,Quatro Irmãos,RS,210,166
4315321,Quevedos,RS,562,470
4315354,Quinze de Novembro,RS,433,379
4315404,Redentora,RS,1086,935
4315453,Relvado,RS,352,318
4315503,Restinga Sêca,RS,1153,883
4315552,Rio dos Índios,RS,564,504
4315602,Rio Grande,RS,915,556
4315701,Rio Pardo,RS,2437,1903
4315750,Riozinho,RS,428,268
4315800,Roca Sales,RS,816,660
4315909,Rodeio Bonito,RS,515,455
4315958,Rolador,RS,712,609
4316006,Rolante,RS,940,688
4316105,Ronda Alta,RS,782,654
4316204,Rondinha,RS,763,695
4316303,Roque Gonzales,RS,999,867
4316402,Rosário do Sul,RS,1661,871
4316428,Sagrada Família,RS,350,294
4316436,Saldanha Marinho,RS,249,189
4316451,Salto do Jacuí,RS,437,374
4316477,Salvador das Missões,RS,355,306
4316501,Salvador do Sul,RS,419,366
4316600,Sananduva,RS,1338,1222
4316709,Santa Bárbara do Sul,RS,651,435
4316733,Santa Cecília do Sul,RS,429,351
4316758,Santa Clara do Sul,RS,619,560
4316808,Santa Cruz do Sul,RS,2455,2301
4316907,Santa Maria,RS,1703,1245
4316956,Santa Maria do Herval,RS,578,547
4316972,Santa Margarida do Sul,RS,506,323
4317004,Santana da Boa Vista,RS,1737,1304
4317103,Sant'Ana do Livramento,RS,2962,1746
4317202,Santa Rosa,RS,1383,1207
4317251,Santa Tereza,RS,270,250
4317301,Santa Vitória do Palmar,RS,632,251
4317400,Santiago,RS,1496,1128
4317509,Santo Ângelo,RS,1216,1036
4317558,Santo Antônio do Palma,RS,393,299
4317608,Santo Antônio da Patrulha,RS,2701,2113
4317707,Santo Antônio das Missões,RS,1210,833
4317756,Santo Antônio do Planalto,RS,310,204
4317806,Santo Augusto,RS,586,460
4317905,Santo Cristo,RS,1693,1438
4317954,Santo Expedito do Sul,RS,498,467
4318002,São Borja,RS,1017,535
4318051,São Domingos do Sul,RS,297,271
4318101,São Francisco de Assis,RS,2325,1788
4318200,São Francisco de Paula,RS,1355,693
4318309,São Gabriel,RS,2208,1348
4318408,São Jerônimo,RS,1499,1172
4318424,São João da Urtiga,RS,634,605
4318432,São João do Polêsine,RS,184,153
4318440,São Jorge,RS,391,345
4318457,São José das Missões,RS,563,468
4318465,São José do Herval,RS,383,313
4318481,São José do Hortêncio,RS,269,232
4318499,São José do Inhacorá,RS,424,359
4318507,São José do Norte,RS,1649,1359
4318606,São José do Ouro,RS,664,572
4318614,São José do Sul,RS,351,343
4318622,São José dos Ausentes,RS,508,235
4318705,São Leopoldo,RS,65,35
4318804,São Lourenço do Sul,RS,3850,3334
4318903,São Luiz Gonzaga,RS,1265,934
4319000,São Marcos,RS,617,519
4319109,São Martinho,RS,462,400
4319125,São Martinho da Serra,RS,629,482
4319158,São Miguel das Missões,RS,1079,826
4319208,São Nicolau,RS,686,535
4319307,São Paulo das Missões,RS,1096,992
4319356,São Pedro da Serra,RS,218,198
4319364,São Pedro das Missões,RS,332,283
4319372,São Pedro do Butiá,RS,425,348
4319406,São Pedro do Sul,RS,1350,1083
4319505,São Sebastião do Caí,RS,622,469
4319604,São Sepé,RS,1587,1114
4319703,São Valentim,RS,420,399
4319711,São Valentim do Sul,RS,412,358
4319737,São Valério do Sul,RS,281,236
4319752,São Vendelino,RS,153,126
4319802,São Vicente do Sul,RS,955,504
4319901,Sapiranga,RS,242,158
4320008,Sapucaia do Sul,RS,37,26
4320107,Sarandi,RS,739,643
4320206,Seberi,RS,1160,979
4320230,Sede Nova,RS,335,288
4320263,Segredo,RS,982,935
4320305,Selbach,RS,490,411
4320321,Senador Salgado Filho,RS,539,459
4320354,Sentinela do Sul,RS,888,686
4320404,Serafina Corrêa,RS,473,441
4320453,Sério,RS,517,452
4320503,Sertão,RS,736,630
4320552,Sertão Santana,RS,947,821
4320578,Sete de Setembro,RS,351,306
4320602,Severiano de Almeida,RS,648,573
4320651,Silveira Martins,RS,356,334
4320677,Sinimbu,RS,1675,1595
4320701,Sobradinho,RS,655,589
4320800,Soledade,RS,1353,963
4320859,Tabaí,RS,677,499
4320909,Tapejara,RS,652,573
4321006,Tapera,RS,364,301
4321105,Tapes,RS,276,139
4321204,Taquara,RS,1360,1047
4321303,Taquari,RS,849,574
4321329,Taquaruçu do Sul,RS,416,367
4321352,Tavares,RS,717,546
4321402,Tenente Portela,RS,876,776
4321436,Terra de Areia,RS,301,233
4321451,Teutônia,RS,960,858
4321469,Tio Hugo,RS,323,306
4321477,Tiradentes do Sul,RS,927,884
4321493,Toropi,RS,597,544
4321501,Torres,RS,352,302
4321600,Tramandaí,RS,69,39
4321626,Travesseiro,RS,415,360
4321634,Três Arroios,RS,570,508
4321667,Três Cachoeiras,RS,681,609
4321709,Três Coroas,RS,420,315
4321808,Três de Maio,RS,1395,1200
4321832,Três Forquilhas,RS,409,341
4321857,Três Palmeiras,RS,478,402
4321907,Três Passos,RS,1285,1152
4321956,Trindade do Sul,RS,529,442
4322004,Triunfo,RS,1236,884
4322103,Tucunduva,RS,536,468
4322152,Tunas,RS,772,713
4322186,Tupanci do Sul,RS,412,345
4322202,Tupanciretã,RS,1180,905
4322251,Tupandi,RS,492,417
4322301,Tuparendi,RS,1006,859
4322327,Turuçu,RS,372,333
4322343,Ubiretama,RS,664,623
4322350,União da Serra,RS,374,311
4322376,Unistalda,RS,514,397
4322400,Uruguaiana,RS,1116,394
4322509,Vacaria,RS,1039,506
4322525,Vale Verde,RS,479,393
4322533,Vale do Sol,RS,1719,1630
4322541,Vale Real,RS,125,122
4322558,Vanini,RS,320,299
4322608,Venâncio Aires,RS,4367,3981
4322707,Vera Cruz,RS,1597,1501
4322806,Veranópolis,RS,729,545
4322855,Vespasiano Corrêa,RS,401,365
4322905,Viadutos,RS,726,680
4323002,Viamão,RS,1542,868
4323101,Vicente Dutra,RS,798,763
4323200,Victor Graeff,RS,579,455
4323309,Vila Flores,RS,260,238
4323358,Vila Lângaro,RS,416,381
4323408,Vila Maria,RS,545,505
4323457,Vila Nova do Sul,RS,527,330
4323507,Vista Alegre,RS,413,366
4323606,Vista Alegre do Prata,RS,316,261
4323705,Vista Gaúcha,RS,391,353
4323754,Vitória das Missões,RS,774,694
4323770,Westfália,RS,460,380
4323804,Xangri-lá,RS,18,4
5000203,Água Clara,MS,376,22
5000252,Alcinópolis,MS,604,184
5000609,Amambai,MS,1429,879
5000708,Anastácio,MS,1058,813
5000807,Anaurilândia,MS,777,461
5000856,Angélica,MS,487,278
5000906,Antônio João,MS,298,168
5001003,Aparecida do Taboado,MS,734,307
5001102,Aquidauana,MS,1223,720
5001243,Aral Moreira,MS,618,371
5001508,Bandeirantes,MS,704,316
5001904,Bataguassu,MS,904,595
5002001,Batayporã,MS,492,282
5002100,Bela Vista,MS,1316,782
5002159,Bodoquena,MS,670,494
5002209,Bonito,MS,895,397
5002308,Brasilândia,MS,831,393
5002407,Caarapó,MS,910,537
5002605,Camapuã,MS,974,404
5002704,Campo Grande,MS,1849,758
5002803,Caracol,MS,472,156
5002902,Cassilândia,MS,698,231
5002951,Chapadão do Sul,MS,265,71
5003108,Corguinho,MS,638,350
5003157,Coronel Sapucaia,MS,478,216
5003207,Corumbá,MS,1766,938
5003256,Costa Rica,MS,590,295
5003306,Coxim,MS,1036,565
5003454,Deodápolis,MS,681,473
5003488,Dois Irmãos do Buriti,MS,752,523
5003504,Douradina,MS,223,136
5003702,Dourados,MS,1718,1013
5003751,Eldorado,MS,427,318
5003801,Fátima do Sul,MS,620,494
5003900,Figueirão,MS,495,180
5004007,Glória de Dourados,MS,744,527
5004106,Guia Lopes da Laguna,MS,672,520
5004304,Iguatemi,MS,927,632
5004403,Inocência,MS,817,238
5004502,Itaporã,MS,822,477
5004601,Itaquiraí,MS,2820,2392
5004700,Ivinhema,MS,1315,990
5004809,Japorã,MS,922,814
5004908,Jaraguari,MS,1527,1025
5005004,Jardim,MS,657,396
5005103,Jateí,MS,381,220
5005152,Juti,MS,339,209
5005202,Ladário,MS,161,112
5005251,Laguna Carapã,MS,424,231
5005400,Maracaju,MS,701,252
5005608,Miranda,MS,864,678
5005681,Mundo Novo,MS,424,293
5005707,Naviraí,MS,442,189
5005806,Nioaque,MS,2003,1442
5006002,Nova Alvorada do Sul,MS,956,616
5006200,Nova Andradina,MS,1930,1483
5006259,Novo Horizonte do Sul,MS,611,476
5006275,Paraíso das Águas,MS,492,174
5006309,Paranaíba,MS,1711,739
5006358,Paranhos,MS,294,195
5006408,Pedro Gomes,MS,563,304
5006606,Ponta Porã,MS,2844,2196
5006903,Porto Murtinho,MS,484,123
5007109,Ribas do Rio Pardo,MS,1203,291
5007208,Rio Brilhante,MS,1102,650
5007307,Rio Negro,MS,444,225
5007406,Rio Verde de Mato Grosso,MS,825,293
5007505,Rochedo,MS,694,384
5007554,Santa Rita do Pardo,MS,985,514
5007695,São Gabriel do Oeste,MS,726,381
5007703,Sete Quedas,MS,262,146
5007802,Selvíria,MS,606,364
5007901,Sidrolândia,MS,4087,3314
5007935,Sonora,MS,243,137
5007950,Tacuru,MS,686,507
5007976,Taquarussu,MS,330,237
5008008,Terenos,MS,2606,1952
5008305,Três Lagoas,MS,1101,458
5008404,Vicentina,MS,409,307
5100102,Acorizal,MT,565,337
5100201,Água Boa,MT,1009,601
5100250,Alta Floresta,MT,1675,1198
5100300,Alto Araguaia,MT,691,284
5100359,Alto Boa Vista,MT,207,183
5100409,Alto Garças,MT,298,106
5100508,Alto Paraguai,MT,617,446
5100607,Alto Taquari,MT,159,71
5100805,Apiacás,MT,696,437
5101001,Araguaiana,MT,251,96
5101209,Araguainha,MT,64,27
5101258,Araputanga,MT,697,507
5101308,Arenápolis,MT,284,211
5101407,Aripuanã,MT,2084,1527
5101605,Barão de Melgaço,MT,822,629
5101704,Barra do Bugres,MT,532,369
5101803,Barra do Garças,MT,823,439
5101852,Bom Jesus do Araguaia,MT,943,724
5101902,Brasnorte,MT,943,707
5102504,Cáceres,MT,3536,2603
5102603,Campinápolis,MT,831,622
5102637,Campo Novo do Parecis,MT,269,94
5102678,Campo Verde,MT,1166,894
5102686,Campos de Júlio,MT,111,21
5102694,Canabrava do Norte,MT,744,578
5102702,Canarana,MT,444,122
5102793,Carlinda,MT,1329,1100
5102850,Castanheira,MT,1440,1240
5103007,Chapada dos Guimarães,MT,1094,803
5103056,Cláudia,MT,706,409
5103106,Cocalinho,MT,505,195
5103205,Colíder,MT,1783,1382
5103254,Colniza,MT,3475,2759
5103304,Comodoro,MT,1207,825
5103353,Confresa,MT,2300,1939
5103361,Conquista D'Oeste,MT,204,160
5103379,Cotriguaçu,MT,2047,1554
5103403,Cuiabá,MT,1505,811
5103437,Curvelândia,MT,466,393
5103452,Denise,MT,541,426
5103502,Diamantino,MT,795,524
5103601,Dom Aquino,MT,567,328
5103700,Feliz Natal,MT,304,174
5103809,Figueirópolis D'Oeste,MT,717,593
5103858,Gaúcha do Norte,MT,522,242
5103908,General Carneiro,MT,359,187
5103957,Glória D'Oeste,MT,343,260
5104104,Guarantã do Norte,MT,1453,1051
5104203,Guiratinga,MT,636,348
5104500,Indiavaí,MT,210,144
5104526,Ipiranga do Norte,MT,167,58
5104542,Itanhangá,MT,1246,1142
5104559,Itaúba,MT,238,88
5104609,Itiquira,MT,512,189
5104807,Jaciara,MT,634,503
5104906,Jangada,MT,546,420
5105002,Jauru,MT,967,827
5105101,Juara,MT,1689,1149
5105150,Juína,MT,2759,1957
5105176,Juruena,MT,1059,738
5105200,Juscimeira,MT,920,726
5105234,Lambari D'Oeste,MT,424,258
5105259,Lucas do Rio Verde,MT,321,116
5105309,Luciara,MT,218,103
5105507,Vila Bela da Santíssima Trindade,MT,1521,1048
5105580,Marcelândia,MT,910,498
5105606,Matupá,MT,967,707
5105622,Mirassol d'Oeste,MT,1424,1129
5105903,Nobres,MT,656,441
5106000,Nortelândia,MT,446,295
5106109,Nossa Senhora do Livramento,MT,1842,1129
5106158,Nova Bandeirantes,MT,1626,1353
5106174,Nova Nazaré,MT,275,153
5106182,Nova Lacerda,MT,659,510
5106190,Nova Santa Helena,MT,361,258
5106208,Nova Brasilândia,MT,409,300
5106216,Nova Canaã do Norte,MT,1587,1262
5106224,Nova Mutum,MT,661,285
5106232,Nova Olímpia,MT,451,319
5106240,Nova Ubiratã,MT,725,493
5106257,Nova Xavantina,MT,1362,940
5106265,Novo Mundo,MT,1203,863
5106273,Novo Horizonte do Norte,MT,548,445
5106281,Novo São Joaquim,MT,823,602
5106299,Paranaíta,MT,1736,1180
5106307,Paranatinga,MT,1157,667
5106315,Novo Santo Antônio,MT,229,111
5106372,Pedra Preta,MT,1079,692
5106422,Peixoto de Azevedo,MT,1873,1416
5106455,Planalto da Serra,MT,253,190
5106505,Poconé,MT,2551,1684
5106653,Pontal do Araguaia,MT,391,144
5106703,Ponte Branca,MT,143,75
5106752,Pontes e Lacerda,MT,1302,912
5106778,Porto Alegre do Norte,MT,793,635
5106802,Porto dos Gaúchos,MT,300,149
5106828,Porto Esperidião,MT,1169,866
5106851,Porto Estrela,MT,316,186
5107008,Poxoréu,MT,1629,951
5107040,Primavera do Leste,MT,361,89
5107065,Querência,MT,678,462
5107107,São José dos Quatro Marcos,MT,1568,1258
5107156,Reserva do Cabaçal,MT,267,175
5107180,Ribeirão Cascalheira,MT,861,583
5107198,Ribeirãozinho,MT,176,117
5107206,Rio Branco,MT,277,202
5107248,Santa Carmem,MT,172,58
5107263,Santo Afonso,MT,385,249
5107297,São José do Povo,MT,482,384
5107305,São José do Rio Claro,MT,708,442
5107354,São José do Xingu,MT,342,191
5107404,São Pedro da Cipa,MT,203,146
5107578,Rondolândia,MT,462,302
5107602,Rondonópolis,MT,2341,1519
5107701,Rosário Oeste,MT,1631,1042
5107743,Santa Cruz do Xingu,MT,262,174
5107750,Salto do Céu,MT,598,436
5107768,Santa Rita do Trivelato,MT,99,15
5107776,Santa Terezinha,MT,818,656
5107792,Santo Antônio do Leste,MT,121,41
5107800,Santo Antônio de Leverger,MT,2382,1465
5107859,São Félix do Araguaia,MT,1070,717
5107875,Sapezal,MT,134,36
5107883,Serra Nova Dourada,MT,462,319
5107909,Sinop,MT,936,557
5107925,Sorriso,MT,830,335
5107941,Tabaporã,MT,756,558
5107958,Tangará da Serra,MT,1565,1155
5108006,Tapurah,MT,264,105
5108055,Terra Nova do Norte,MT,1428,1069
5108105,Tesouro,MT,258,73
5108204,Torixoréu,MT,465,249
5108303,União do Sul,MT,308,146
5108352,Vale de São Domingos,MT,495,433
5108402,Várzea Grande,MT,693,402
5108501,Vera,MT,428,252
5108600,Vila Rica,MT,1514,1077
5108808,Nova Guarita,MT,587,501
5108857,Nova Marilândia,MT,225,115
5108907,Nova Maringá,MT,288,121
5108956,Nova Monte Verde,MT,733,567
5200050,Abadia de Goiás,GO,177,95
5200100,Abadiânia,GO,995,518
5200134,Acreúna,GO,407,211
5200159,Adelândia,GO,130,96
5200175,Água Fria de Goiás,GO,647,361
5200209,Água Limpa,GO,354,268
5200258,Águas Lindas de Goiás,GO,32,23
5200308,Alexânia,GO,598,393
5200506,Aloândia,GO,170,141
5200555,Alto Horizonte,GO,223,132
5200605,Alto Paraíso de Goiás,GO,385,183
5200803,Alvorada do Norte,GO,363,238
5200829,Amaralina,GO,636,493
5200852,Americano do Brasil,GO,201,165
5200902,Amorinópolis,GO,310,174
5201108,Anápolis,GO,1511,981
5201207,Anhanguera,GO,24,12
5201306,Anicuns,GO,961,673
5201405,Aparecida de Goiânia,GO,229,133
5201454,Aparecida do Rio Doce,GO,114,43
5201504,Aporé,GO,275,82
5201603,Araçu,GO,221,122
5201702,Aragarças,GO,261,187
5201801,Aragoiânia,GO,385,210
5202155,Araguapaz,GO,669,432
5202353,Arenópolis,GO,566,379
5202502,Aruanã,GO,271,74
5202601,Aurilândia,GO,365,212
5202809,Avelinópolis,GO,199,147
5203104,Baliza,GO,909,754
5203203,Barro Alto,GO,383,186
5203302,Bela Vista de Goiás,GO,1791,1140
5203401,Bom Jardim de Goiás,GO,769,515
5203500,Bom Jesus de Goiás,GO,272,120
5203559,Bonfinópolis,GO,197,134
5203575,Bonópolis,GO,508,287
5203609,Brazabrantes,GO,216,119
5203807,Britânia,GO,182,87
5203906,Buriti Alegre,GO,362,183
5203939,Buriti de Goiás,GO,243,153
5203962,Buritinópolis,GO,222,168
5204003,Cabeceiras,GO,398,291
5204102,Cachoeira Alta,GO,624,273
5204201,Cachoeira de Goiás,GO,134,42
5204250,Cachoeira Dourada,GO,153,79
5204300,Caçu,GO,615,382
5204409,Caiapônia,GO,1863,1105
5204508,Caldas Novas,GO,761,533
5204557,Caldazinha,GO,459,327
5204607,Campestre de Goiás,GO,306,215
5204656,Campinaçu,GO,472,282
5204706,Campinorte,GO,574,401
5204805,Campo Alegre de Goiás,GO,406,137
5204854,Campo Limpo de Goiás,GO,370,220
5204904,Campos Belos,GO,353,210
5204953,Campos Verdes,GO,173,126
5205000,Carmo do Rio Verde,GO,667,537
5205059,Castelândia,GO,95,46
5205109,Catalão,GO,1589,955
5205208,Caturaí,GO,502,192
5205307,Cavalcante,GO,1239,860
5205406,Ceres,GO,454,306
5205455,Cezarina,GO,484,317
5205471,Chapadão do Céu,GO,106,46
5205497,Cidade Ocidental,GO,156,87
5205513,Cocalzinho de Goiás,GO,717,470
5205521,Colinas do Sul,GO,355,217
5205703,Córrego do Ouro,GO,440,270
5205802,Corumbá de Goiás,GO,767,533
5205901,Corumbaíba,GO,565,300
5206206,Cristalina,GO,1763,1094
5206305,Cristianópolis,GO,181,116
5206404,Crixás,GO,1587,902
5206503,Cromínia,GO,330,212
5206602,Cumari,GO,243,128
5206701,Damianópolis,GO,338,235
5206800,Damolândia,GO,261,185
5206909,Davinópolis,GO,247,114
5207105,Diorama,GO,435,262
5207253,Doverlândia,GO,997,703
5207352,Edealina,GO,353,269
5207402,Edéia,GO,449,240
5207501,Estrela do Norte,GO,135,85
5207535,Faina,GO,1204,788
5207600,Fazenda Nova,GO,927,578
5207808,Firminópolis,GO,636,371
5207907,Flores de Goiás,GO,1790,1221
5208004,Formosa,GO,2476,1802
5208103,Formoso,GO,577,373
5208152,Gameleira de Goiás,GO,533,336
5208301,Divinópolis de Goiás,GO,309,182
5208400,Goianápolis,GO,174,131
5208509,Goiandira,GO,344,192
5208608,Goianésia,GO,1052,636
5208707,Goiânia,GO,461,214
5208806,Goianira,GO,327,144
5208905,Goiás,GO,2215,1477
5209101,Goiatuba,GO,725,443
5209150,Gouvelândia,GO,147,70
5209200,Guapó,GO,533,338
5209291,Guaraíta,GO,353,230
5209408,Guarani de Goiás,GO,569,365
5209457,Guarinos,GO,478,368
5209606,Heitoraí,GO,329,265
5209705,Hidrolândia,GO,1016,556
5209804,Hidrolina,GO,453,275
5209903,Iaciara,GO,514,320
5209937,Inaciolândia,GO,169,62
5209952,Indiara,GO,705,498
5210000,Inhumas,GO,1068,729
5210109,Ipameri,GO,1193,565
5210158,Ipiranga de Goiás,GO,428,331
5210208,Iporá,GO,964,667
5210307,Israelândia,GO,219,123
5210406,Itaberaí,GO,1917,1326
5210562,Itaguari,GO,277,265
5210604,Itaguaru,GO,421,350
5210802,Itajá,GO,228,59
5210901,Itapaci,GO,698,438
5211008,Itapirapuã,GO,796,492
5211206,Itapuranga,GO,1704,1265
5211305,Itarumã,GO,517,170
5211404,Itauçu,GO,519,356
5211503,Itumbiara,GO,1114,627
5211602,Ivolândia,GO,487,220
5211701,Jandaia,GO,683,516
5211800,Jaraguá,GO,1834,1038
5211909,Jataí,GO,1906,1067
5212006,Jaupaci,GO,192,87
5212055,Jesúpolis,GO,168,127
5212105,Joviânia,GO,183,101
5212204,Jussara,GO,846,521
5212253,Lagoa Santa,GO,113,46
5212303,Leopoldo de Bulhões,GO,774,475
5212501,Luziânia,GO,1485,906
5212600,Mairipotaba,GO,370,220
5212709,Mambaí,GO,371,289
5212808,Mara Rosa,GO,771,479
5212907,Marzagão,GO,159,101
5212956,Matrinchã,GO,426,247
5213004,Maurilândia,GO,114,58
5213053,Mimoso de Goiás,GO,453,309
5213087,Minaçu,GO,1485,1166
5213103,Mineiros,GO,1488,663
5213400,Moiporá,GO,258,141
5213509,Monte Alegre de Goiás,GO,980,603
5213707,Montes Claros de Goiás,GO,763,423
5213756,Montividiu,GO,287,115
5213772,Montividiu do Norte,GO,686,496
5213806,Morrinhos,GO,2168,1467
5213855,Morro Agudo de Goiás,GO,314,250
5213905,Mossâmedes,GO,584,301
5214002,Mozarlândia,GO,427,244
5214051,Mundo Novo,GO,820,593
5214101,Mutunópolis,GO,438,268
5214408,Nazário,GO,196,107
5214507,Nerópolis,GO,305,181
5214606,Niquelândia,GO,2032,1431
5214705,Nova América,GO,260,170
5214804,Nova Aurora,GO,139,78
5214838,Nova Crixás,GO,861,329
5214861,Nova Glória,GO,515,407
5214879,Nova Iguaçu de Goiás,GO,297,183
5214903,Nova Roma,GO,514,334
5215009,Nova Veneza,GO,449,323
5215207,Novo Brasil,GO,461,246
5215231,Novo Gama,GO,79,62
5215256,Novo Planalto,GO,386,192
5215306,Orizona,GO,2179,1472
5215405,Ouro Verde de Goiás,GO,499,341
5215504,Ouvidor,GO,242,172
5215603,Padre Bernardo,GO,2086,1307
5215652,Palestina de Goiás,GO,496,315
5215702,Palmeiras de Goiás,GO,1512,994
5215801,Palmelo,GO,63,43
5215900,Palminópolis,GO,510,412
5216007,Panamá,GO,210,125
5216304,Paranaiguara,GO,279,147
5216403,Paraúna,GO,760,339
5216452,Perolândia,GO,201,119
5216809,Petrolina de Goiás,GO,955,709
5216908,Pilar de Goiás,GO,554,423
5217104,Piracanjuba,GO,2135,1440
5217203,Piranhas,GO,998,697
5217302,Pirenópolis,GO,2022,1194
5217401,Pires do Rio,GO,676,433
5217609,Planaltina,GO,1341,875
5217708,Pontalina,GO,1028,701
5218003,Porangatu,GO,1926,1115
5218052,Porteirão,GO,45,9
5218102,Portelândia,GO,277,222
5218300,Posse,GO,1461,1031
5218391,Professor Jamil,GO,295,171
5218508,Quirinópolis,GO,1234,711
5218607,Rialma,GO,239,163
5218706,Rianápolis,GO,177,105
5218789,Rio Quente,GO,367,209
5218805,Rio Verde,GO,2970,1592
5218904,Rubiataba,GO,872,616
5219001,Sanclerlândia,GO,494,334
5219100,Santa Bárbara de Goiás,GO,158,97
5219209,Santa Cruz de Goiás,GO,673,419
5219258,Santa Fé de Goiás,GO,300,193
5219308,Santa Helena de Goiás,GO,563,346
5219357,Santa Isabel,GO,516,336
5219407,Santa Rita do Araguaia,GO,243,143
5219456,Santa Rita do Novo Destino,GO,467,307
5219506,Santa Rosa de Goiás,GO,255,203
5219605,Santa Tereza de Goiás,GO,208,105
5219704,Santa Terezinha de Goiás,GO,655,402
5219712,Santo Antônio da Barra,GO,173,70
5219738,Santo Antônio de Goiás,GO,128,50
5219753,Santo Antônio do Descoberto,GO,583,473
5219803,São Domingos,GO,1112,707
5219902,São Francisco de Goiás,GO,630,384
5220009,São João d'Aliança,GO,1088,744
5220058,São João da Paraúna,GO,179,135
5220108,São Luís de Montes Belos,GO,1212,753
5220157,São Luiz do Norte,GO,258,172
5220207,São Miguel do Araguaia,GO,1083,641
5220264,São Miguel do Passa Quatro,GO,589,433
5220280,São Patrício,GO,291,191
5220405,São Simão,GO,83,35
5220454,Senador Canedo,GO,208,84
5220504,Serranópolis,GO,494,119
5220603,Silvânia,GO,2091,1263
5220686,Simolândia,GO,402,282
5220702,Sítio d'Abadia,GO,440,329
5221007,Taquaral de Goiás,GO,296,261
5221080,Teresina de Goiás,GO,165,113
5221197,Terezópolis de Goiás,GO,105,63
5221304,Três Ranchos,GO,147,114
5221403,Trindade,GO,723,416
5221452,Trombas,GO,504,344
5221502,Turvânia,GO,429,223
5221551,Turvelândia,GO,195,113
5221577,Uirapuru,GO,410,229
5221601,Uruaçu,GO,937,604
5221700,Uruana,GO,727,478
5221809,Urutaí,GO,384,216
5221858,Valparaíso de Goiás,GO,6,4
5221908,Varjão,GO,502,310
5222005,Vianópolis,GO,843,645
5222054,Vicentinópolis,GO,158,77
5222203,Vila Boa,GO,149,60
5222302,Vila Propício,GO,854,556
5300108,Brasília,DF,5246,2733
