ibge7,municipio,uf,domicilios_total,domicilios_com_internet
1100015,Alta Floresta D'Oeste,RO,7699,6725
1100023,Ariquemes,RO,34739,30940
1100031,Cabixi,RO,1967,1807
1100049,Cacoal,RO,31930,29156
1100056,Cerejeiras,RO,5876,5324
1100064,Colorado do Oeste,RO,5991,5332
1100072,Corumbiara,RO,2841,2372
1100080,Costa Marques,RO,4161,3486
1100098,Espigão D'Oeste,RO,10475,9425
1100106,Guajará-Mirim,RO,11785,9668
1100114,Jaru,RO,19099,17113
1100122,Ji-Paraná,RO,45045,41273
1100130,Machadinho D'Oeste,RO,10841,8966
1100148,Nova Brasilândia D'Oeste,RO,5801,5071
1100155,Ouro Preto do Oeste,RO,13316,12245
1100189,Pimenta Bueno,RO,12353,11086
1100205,Porto Velho,RO,152077,136380
1100254,Presidente Médici,RO,7232,6486
1100262,Rio Crespo,RO,1245,1069
1100288,Rolim de Moura,RO,20998,19492
1100296,Santa Luzia D'Oeste,RO,2758,2406
1100304,Vilhena,RO,34983,31778
1100320,São Miguel do Guaporé,RO,7883,6893
1100338,Nova Mamoré,RO,8437,7334
1100346,Alvorada D'Oeste,RO,4819,4129
1100379,Alto Alegre dos Parecis,RO,4047,3434
1100403,Alto Paraíso,RO,5775,5016
1100452,Buritis,RO,9893,8705
1100502,Novo Horizonte do Oeste,RO,2796,2482
1100601,Cacaulândia,RO,1484,1262
1100700,Campo Novo de Rondônia,RO,3069,2709
1100809,Candeias do Jamari,RO,7442,5861
1100908,Castanheiras,RO,1197,1041
1100924,Chupinguaia,RO,3220,2858
1100940,Cujubim,RO,5227,4271
1101005,Governador Jorge Teixeira,RO,2883,2247
1101104,Itapuã do Oeste,RO,2911,2521
1101203,Ministro Andreazza,RO,2383,2130
1101302,Mirante da Serra,RO,3508,3161
1101401,Monte Negro,RO,4226,3630
1101435,Nova União,RO,2236,2059
1101450,Parecis,RO,1529,1282
1101468,Pimenteiras do Oeste,RO,743,615
1101476,Primavera de Rondônia,RO,1133,955
1101484,São Felipe D'Oeste,RO,1962,1760
1101492,São Francisco do Guaporé,RO,5799,5245
1101500,Seringueiras,RO,3949,3201
1101559,Teixeirópolis,RO,1582,1404
1101609,Theobroma,RO,3008,2515
1101708,Urupá,RO,3952,3514
1101757,Vale do Anari,RO,2812,2097
1101807,Vale do Paraíso,RO,2448,2041
1200013,Acrelândia,AC,4466,3602
1200054,Assis Brasil,AC,2424,1557
1200104,Brasiléia,AC,8621,6194
1200138,Bujari,AC,4193,2822
1200179,Capixaba,AC,3464,2226
1200203,Cruzeiro do Sul,AC,26701,20033
1200252,Epitaciolândia,AC,6472,5050
1200302,Feijó,AC,9351,4663
1200328,Jordão,AC,1999,958
1200336,Mâncio Lima,AC,5661,3250
1200344,Manoel Urbano,AC,3240,1719
1200351,Marechal Thaumaturgo,AC,4321,1865
1200385,Plácido de Castro,AC,5563,4197
1200393,Porto Walter,AC,2611,1411
1200401,Rio Branco,AC,123858,106384
1200427,Rodrigues Alves,AC,4194,2398
1200435,Santa Rosa do Purus,AC,1340,519
1200450,Senador Guiomard,AC,6952,5431
1200500,Sena Madureira,AC,12620,7894
1200609,Tarauacá,AC,11241,5076
1200708,Xapuri,AC,6098,3887
1200807,Porto Acre,AC,5446,3957
1300029,Alvarães,AM,3399,1678
1300060,Amaturá,AM,2153,1161
1300086,Anamã,AM,2307,1749
1300102,Anori,AM,4147,2875
1300144,Apuí,AM,5791,3346
1300201,Atalaia do Norte,AM,3390,1472
1300300,Autazes,AM,10994,7314
1300409,Barcelos,AM,4264,1992
1300508,Barreirinha,AM,6894,3765
1300607,Benjamin Constant,AM,7743,4446
1300631,Beruri,AM,4544,2834
1300680,Boa Vista do Ramos,AM,4590,2352
1300706,Boca do Acre,AM,10135,6654
1300805,Borba,AM,7990,4817
1300839,Caapiranga,AM,2960,2201
1300904,Canutama,AM,4556,2327
1301001,Carauari,AM,7221,4607
1301100,Careiro,AM,9056,5551
1301159,Careiro da Várzea,AM,5759,3624
1301209,Coari,AM,17545,10992
1301308,Codajás,AM,5534,3824
1301407,Eirunepé,AM,8133,4970
1301506,Envira,AM,4171,2325
1301605,Fonte Boa,AM,5341,2157
1301654,Guajará,AM,3608,2241
1301704,Humaitá,AM,14429,11516
1301803,Ipixuna,AM,4799,2014
1301852,Iranduba,AM,17742,13975
1301902,Itacoatiara,AM,27618,19262
1301951,Itamarati,AM,2334,1538
1302009,Itapiranga,AM,2598,1971
1302108,Japurá,AM,1734,1151
1302207,Juruá,AM,2529,1625
1302306,Jutaí,AM,4846,2346
1302405,Lábrea,AM,11262,7232
1302504,Manacapuru,AM,26901,19693
1302553,Manaquiri,AM,4964,2967
1302603,Manaus,AM,629888,561967
1302702,Manicoré,AM,12162,7330
1302801,Maraã,AM,3026,1405
1302900,Maués,AM,13276,6954
1303007,Nhamundá,AM,4579,2219
1303106,Nova Olinda do Norte,AM,6466,4089
1303205,Novo Airão,AM,4169,3070
1303304,Novo Aripuanã,AM,4779,2602
1303403,Parintins,AM,23890,17341
1303502,Pauini,AM,3965,1993
1303536,Presidente Figueiredo,AM,9397,7327
1303569,Rio Preto da Eva,AM,7800,5470
1303601,Santa Isabel do Rio Negro,AM,2742,775
1303700,Santo Antônio do Içá,AM,5257,2021
1303809,São Gabriel da Cachoeira,AM,10630,4625
1303908,São Paulo de Olivença,AM,6008,2665
1303957,São Sebastião do Uatumã,AM,2665,1856
1304005,Silves,AM,2825,1672
1304062,Tabatinga,AM,13831,7802
1304104,Tapauá,AM,4792,2149
1304203,Tefé,AM,17469,11455
1304237,Tonantins,AM,3381,1179
1304260,Uarini,AM,3053,1445
1304302,Urucará,AM,4277,2774
1304401,Urucurituba,AM,5174,3085
1400027,Amajari,RR,2999,1406
1400050,Alto Alegre,RR,5047,2580
1400100,Boa Vista,RR,119005,107776
1400159,Bonfim,RR,3495,1888
1400175,Cantá,RR,5437,3475
1400209,Caracaraí,RR,6091,3836
1400233,Caroebe,RR,3126,2384
1400282,Iracema,RR,2924,1688
1400308,Mucajaí,RR,5340,4009
1400407,Normandia,RR,2717,1255
1400456,Pacaraima,RR,3967,2565
1400472,Rorainópolis,RR,10050,7190
1400506,São João da Baliza,RR,2604,1975
1400605,São Luiz do Anauá,RR,2262,1531
1400704,Uiramutã,RR,2339,597
1500107,Abaetetuba,PA,43053,33574
1500131,Abel Figueiredo,PA,1999,1719
1500206,Acará,PA,17048,8438
1500305,Afuá,PA,9022,4567
1500347,Água Azul do Norte,PA,5604,4760
1500404,Alenquer,PA,17877,10502
1500503,Almeirim,PA,9121,6403
1500602,Altamira,PA,41176,34124
1500701,Anajás,PA,6400,3376
1500800,Ananindeua,PA,154835,137085
1500859,Anapu,PA,9344,7085
1500909,Augusto Corrêa,PA,12361,6199
1500958,Aurora do Pará,PA,6609,4040
1501006,Aveiro,PA,4651,2757
1501105,Bagre,PA,5752,2544
1501204,Baião,PA,12122,7091
1501253,Bannach,PA,1323,1028
1501303,Barcarena,PA,37976,31740
1501402,Belém,PA,422874,368081
1501451,Belterra,PA,5346,3968
1501501,Benevides,PA,20462,16915
1501576,Bom Jesus do Tocantins,PA,5099,3947
1501600,Bonito,PA,4218,2827
1501709,Bragança,PA,37069,26689
1501725,Brasil Novo,PA,7206,5030
1501758,Brejo Grande do Araguaia,PA,2132,1855
1501782,Breu Branco,PA,13531,10504
1501808,Breves,PA,24362,13203
1501907,Bujaru,PA,7110,3200
1501956,Cachoeira do Piriá,PA,5633,3597
1502004,Cachoeira do Arari,PA,6539,3579
1502103,Cametá,PA,33267,21492
1502152,Canaã dos Carajás,PA,24387,22719
1502202,Capanema,PA,23052,18387
1502301,Capitão Poço,PA,18186,12443
1502400,Castanhal,PA,63817,54283
1502509,Chaves,PA,4749,2468
1502608,Colares,PA,3992,2664
1502707,Conceição do Araguaia,PA,15170,12811
1502756,Concórdia do Pará,PA,7982,5108
1502764,Cumaru do Norte,PA,3844,2769
1502772,Curionópolis,PA,6424,5486
1502806,Curralinho,PA,8147,4293
1502855,Curuá,PA,3909,2827
1502905,Curuçá,PA,12112,8026
1502939,Dom Eliseu,PA,15368,13103
1502954,Eldorado do Carajás,PA,8882,7659
1503002,Faro,PA,2096,1427
1503044,Floresta do Araguaia,PA,5975,4532
1503077,Garrafão do Norte,PA,7718,5355
1503093,Goianésia do Pará,PA,8279,6413
1503101,Gurupá,PA,7376,4538
1503200,Igarapé-Açu,PA,11538,7100
1503309,Igarapé-Miri,PA,16880,11154
1503408,Inhangapi,PA,3207,2088
1503457,Ipixuna do Pará,PA,8758,5729
1503507,Irituia,PA,9565,6121
1503606,Itaituba,PA,36402,31100
1503705,Itupiranga,PA,13765,10245
1503754,Jacareacanga,PA,5100,2776
1503804,Jacundá,PA,12613,10025
1503903,Juruti,PA,12311,7967
1504000,Limoeiro do Ajuru,PA,7172,4054
1504059,Mãe do Rio,PA,9898,7214
1504109,Magalhães Barata,PA,2485,1540
1504208,Marabá,PA,85966,74982
1504307,Maracanã,PA,7722,4513
1504406,Marapanim,PA,8371,4782
1504422,Marituba,PA,35873,30405
1504455,Medicilândia,PA,8938,6247
1504505,Melgaço,PA,5736,2244
1504604,Mocajuba,PA,6843,4553
1504703,Moju,PA,25016,13946
1504752,Mojuí dos Campos,PA,7478,4771
1504802,Monte Alegre,PA,18338,12065
1504901,Muaná,PA,10651,5987
1504950,Nova Esperança do Piriá,PA,6027,3573
1504976,Nova Ipixuna,PA,4582,2549
1505007,Nova Timboteua,PA,4560,2949
1505031,Novo Progresso,PA,10443,8603
1505064,Novo Repartimento,PA,18541,13867
1505106,Óbidos,PA,14514,8921
1505205,Oeiras do Pará,PA,8044,4563
1505304,Oriximiná,PA,17965,12297
1505403,Ourém,PA,5760,4011
1505437,Ourilândia do Norte,PA,10367,9102
1505486,Pacajá,PA,12479,8044
1505494,Palestina do Pará,PA,2201,1796
1505502,Paragominas,PA,33028,27692
1505536,Parauapebas,PA,87654,80192
1505551,Pau D'Arco,PA,2226,1687
1505601,Peixe-Boi,PA,2949,1903
1505635,Piçarra,PA,4074,3387
1505650,Placas,PA,5886,4020
1505700,Ponta de Pedras,PA,7091,3804
1505809,Portel,PA,13295,7128
1505908,Porto de Moz,PA,9078,5559
1506005,Prainha,PA,9206,5467
1506104,Primavera,PA,3522,2327
1506112,Quatipuru,PA,3645,2352
1506138,Redenção,PA,28030,25042
1506161,Rio Maria,PA,6506,5518
1506187,Rondon do Pará,PA,15274,11369
1506195,Rurópolis,PA,9092,7306
1506203,Salinópolis,PA,13506,11009
1506302,Salvaterra,PA,7399,5158
1506351,Santa Bárbara do Pará,PA,6790,5073
1506401,Santa Cruz do Arari,PA,1760,889
1506500,Santa Izabel do Pará,PA,21505,16594
1506559,Santa Luzia do Pará,PA,6306,4040
1506583,Santa Maria das Barreiras,PA,5426,4632
1506609,Santa Maria do Pará,PA,8433,5611
1506708,Santana do Araguaia,PA,10532,8973
1506807,Santarém,PA,95605,79270
1506906,Santarém Novo,PA,1958,1295
1507003,Santo Antônio do Tauá,PA,8816,6243
1507102,São Caetano de Odivelas,PA,5178,3572
1507151,São Domingos do Araguaia,PA,6807,5452
1507201,São Domingos do Capim,PA,8465,4255
1507300,São Félix do Xingu,PA,20831,16840
1507409,São Francisco do Pará,PA,4955,3241
1507458,São Geraldo do Araguaia,PA,7711,6758
1507466,São João da Ponta,PA,1457,764
1507474,São João de Pirabas,PA,6551,4147
1507508,São João do Araguaia,PA,4401,3007
1507607,São Miguel do Guamá,PA,16388,11528
1507706,São Sebastião da Boa Vista,PA,6560,4208
1507755,Sapucaia,PA,1772,1514
1507805,Senador José Porfírio,PA,6478,3849
1507904,Soure,PA,7084,4841
1507953,Tailândia,PA,21567,17625
1507961,Terra Alta,PA,3359,2297
1507979,Terra Santa,PA,4996,4066
1508001,Tomé-Açu,PA,19816,13046
1508035,Tracuateua,PA,8729,4642
1508050,Trairão,PA,4691,3504
1508084,Tucumã,PA,12826,11378
1508100,Tucuruí,PA,27396,23749
1508126,Ulianópolis,PA,9699,8375
1508159,Uruará,PA,14272,10021
1508209,Vigia,PA,15810,12066
1508308,Viseu,PA,16237,8361
1508357,Vitória do Xingu,PA,4906,3715
1508407,Xinguara,PA,17897,15885
1600055,Serra do Navio,AP,1361,1181
1600105,Amapá,AP,2073,1502
1600154,Pedra Branca do Amapari,AP,3275,2359
1600204,Calçoene,AP,2786,2177
1600212,Cutias,AP,1155,755
1600238,Ferreira Gomes,AP,1790,1420
1600253,Itaubal,AP,1365,959
1600279,Laranjal do Jari,AP,10328,8487
1600303,Macapá,AP,123412,109933
1600402,Mazagão,AP,5311,3367
1600501,Oiapoque,AP,7024,5022
1600535,Porto Grande,AP,5000,4018
1600550,Pracuúba,AP,910,628
1600600,Santana,AP,28779,24985
1600709,Tartarugalzinho,AP,3326,2303
1600808,Vitória do Jari,AP,3006,2207
1700251,Abreulândia,TO,924,726
1700301,Aguiarnópolis,TO,1441,1196
1700350,Aliança do Tocantins,TO,1852,1438
1700400,Almas,TO,2078,1519
1700707,Alvorada,TO,3125,2829
1701002,Ananás,TO,3179,2552
1701051,Angico,TO,891,741
1701101,Aparecida do Rio Negro,TO,1661,1300
1701309,Aragominas,TO,1837,1360
1701903,Araguacema,TO,2063,1566
1702000,Araguaçu,TO,3045,2585
1702109,Araguaína,TO,57630,51552
1702158,Araguanã,TO,1468,988
1702208,Araguatins,TO,10155,8220
1702307,Arapoema,TO,1961,1605
1702406,Arraias,TO,3730,2392
1702554,Augustinópolis,TO,5658,4851
1702703,Aurora do Tocantins,TO,1275,924
1702901,Axixá do Tocantins,TO,2916,2502
1703008,Babaçulândia,TO,2681,1698
1703057,Bandeirantes do Tocantins,TO,1158,868
1703073,Barra do Ouro,TO,1364,920
1703107,Barrolândia,TO,1754,1320
1703206,Bernardo Sayão,TO,1523,1320
1703305,Bom Jesus do Tocantins,TO,1338,926
1703602,Brasilândia do Tocantins,TO,689,591
1703701,Brejinho de Nazaré,TO,1711,1231
1703800,Buriti do Tocantins,TO,2852,2131
1703826,Cachoeirinha,TO,638,475
1703842,Campos Lindos,TO,2423,1819
1703867,Cariri do Tocantins,TO,1281,987
1703883,Carmolândia,TO,749,615
1703891,Carrasco Bonito,TO,1012,708
1703909,Caseara,TO,1634,1121
1704105,Centenário,TO,772,517
1704600,Chapada de Areia,TO,564,349
1705102,Chapada da Natividade,TO,1028,625
1705508,Colinas do Tocantins,TO,11813,10630
1705557,Combinado,TO,1740,1464
1705607,Conceição do Tocantins,TO,1295,896
1706001,Couto Magalhães,TO,1847,1237
1706100,Cristalândia,TO,2344,1871
1706258,Crixás do Tocantins,TO,508,422
1706506,Darcinópolis,TO,1988,1468
1707009,Dianópolis,TO,5817,4843
1707108,Divinópolis do Tocantins,TO,2530,2055
1707207,Dois Irmãos do Tocantins,TO,2290,1665
1707306,Dueré,TO,1623,1198
1707405,Esperantina,TO,2318,1692
1707553,Fátima,TO,1193,972
1707652,Figueirópolis,TO,1948,1607
1707702,Filadélfia,TO,2558,1764
1708205,Formoso do Araguaia,TO,6457,5672
1708254,Tabocão,TO,1146,984
1708304,Goianorte,TO,1691,1182
1709005,Goiatins,TO,3701,2334
1709302,Guaraí,TO,8837,7282
1709500,Gurupi,TO,30617,27601
1709807,Ipueiras,TO,562,304
1710508,Itacajá,TO,2161,1463
1710706,Itaguatins,TO,1744,1172
1710904,Itapiratins,TO,1276,1008
1711100,Itaporã do Tocantins,TO,823,735
1711506,Jaú do Tocantins,TO,1238,997
1711803,Juarina,TO,737,584
1711902,Lagoa da Confusão,TO,4806,4252
1711951,Lagoa do Tocantins,TO,1068,665
1712009,Lajeado,TO,1163,1056
1712157,Lavandeira,TO,586,420
1712405,Lizarda,TO,990,598
1712454,Luzinópolis,TO,869,701
1712504,Marianópolis do Tocantins,TO,1594,1235
1712702,Mateiros,TO,812,635
1712801,Maurilândia do Tocantins,TO,997,677
1713205,Miracema do Tocantins,TO,6355,5171
1713304,Miranorte,TO,4399,3724
1713601,Monte do Carmo,TO,1931,1298
1713700,Monte Santo do Tocantins,TO,880,693
1713809,Palmeiras do Tocantins,TO,1554,1303
1713957,Muricilândia,TO,1178,837
1714203,Natividade,TO,3063,2402
1714302,Nazaré,TO,1532,1155
1714880,Nova Olinda,TO,3522,2895
1715002,Nova Rosalândia,TO,1167,892
1715101,Novo Acordo,TO,1336,899
1715150,Novo Alegre,TO,718,583
1715259,Novo Jardim,TO,707,434
1715507,Oliveira de Fátima,TO,398,316
1715705,Palmeirante,TO,1665,1135
1715754,Palmeirópolis,TO,2527,2125
1716109,Paraíso do Tocantins,TO,18258,15632
1716208,Paranã,TO,3661,2239
1716307,Pau D'Arco,TO,1373,1053
1716505,Pedro Afonso,TO,4744,3940
1716604,Peixe,TO,3412,2787
1716653,Pequizeiro,TO,1706,1339
1716703,Colméia,TO,3199,2512
1717008,Pindorama do Tocantins,TO,1489,903
1717206,Piraquê,TO,793,466
1717503,Pium,TO,2370,1762
1717800,Ponte Alta do Bom Jesus,TO,1581,1072
1717909,Ponte Alta do Tocantins,TO,2496,1529
1718006,Porto Alegre do Tocantins,TO,923,722
1718204,Porto Nacional,TO,21358,18249
1718303,Praia Norte,TO,2457,2074
1718402,Presidente Kennedy,TO,1064,817
1718451,Pugmil,TO,784,679
1718501,Recursolândia,TO,1041,517
1718550,Riachinho,TO,1261,980
1718659,Rio da Conceição,TO,569,472
1718709,Rio dos Bois,TO,961,732
1718758,Rio Sono,TO,1664,1150
1718808,Sampaio,TO,1253,979
1718840,Sandolândia,TO,1308,1119
1718865,Santa Fé do Araguaia,TO,2363,1917
1718881,Santa Maria do Tocantins,TO,921,663
1718899,Santa Rita do Tocantins,TO,779,672
1718907,Santa Rosa do Tocantins,TO,1566,1091
1719004,Santa Tereza do Tocantins,TO,853,636
1720002,Santa Terezinha do Tocantins,TO,791,630
1720101,São Bento do Tocantins,TO,1705,1219
1720150,São Félix do Tocantins,TO,550,468
1720200,São Miguel do Tocantins,TO,4060,3458
1720259,São Salvador do Tocantins,TO,859,654
1720309,São Sebastião do Tocantins,TO,1235,1037
1720499,São Valério,TO,1691,1261
1720655,Silvanópolis,TO,1728,1390
1720804,Sítio Novo do Tocantins,TO,3261,2569
1720853,Sucupira,TO,591,485
1720903,Taguatinga,TO,5006,3472
1720937,Taipas do Tocantins,TO,680,441
1720978,Talismã,TO,918,758
1721000,Palmas,TO,106015,99470
1721109,Tocantínia,TO,2003,1298
1721208,Tocantinópolis,TO,7387,5739
1721257,Tupirama,TO,658,491
1721307,Tupiratins,TO,672,415
1722081,Wanderlândia,TO,3538,2705
1722107,Xambioá,TO,3503,2730
2100055,Açailândia,MA,34336,29967
2100105,Afonso Cunha,MA,1696,1031
2100154,Água Doce do Maranhão,MA,3546,2685
2100204,Alcântara,MA,6276,3570
2100303,Aldeias Altas,MA,6666,4055
2100402,Altamira do Maranhão,MA,1951,1431
2100436,Alto Alegre do Maranhão,MA,7548,5155
2100477,Alto Alegre do Pindaré,MA,7403,5825
2100501,Alto Parnaíba,MA,3384,2348
2100550,Amapá do Maranhão,MA,2025,1577
2100600,Amarante do Maranhão,MA,10859,6927
2100709,Anajatuba,MA,8159,5423
2100808,Anapurus,MA,3992,2540
2100832,Apicum-Açu,MA,5040,3659
2100873,Araguanã,MA,3213,2185
2100907,Araioses,MA,11983,7432
2100956,Arame,MA,7149,3754
2101004,Arari,MA,8964,6119
2101103,Axixá,MA,3342,2552
2101202,Bacabal,MA,32999,27477
2101251,Bacabeira,MA,5292,3790
2101301,Bacuri,MA,5124,2898
2101350,Bacurituba,MA,1743,946
2101400,Balsas,MA,30814,27548
2101509,Barão de Grajaú,MA,6234,5051
2101608,Barra do Corda,MA,27096,20982
2101707,Barreirinhas,MA,17943,12139
2101731,Belágua,MA,2070,983
2101772,Bela Vista do Maranhão,MA,3490,2748
2101806,Benedito Leite,MA,1761,1209
2101905,Bequimão,MA,6689,4076
2101939,Bernardo do Mearim,MA,1803,1252
2101970,Boa Vista do Gurupi,MA,2147,1613
2102002,Bom Jardim,MA,9769,7268
2102036,Bom Jesus das Selvas,MA,8239,6108
2102077,Bom Lugar,MA,3563,2708
2102101,Brejo,MA,9626,7476
2102150,Brejo de Areia,MA,2543,1775
2102200,Buriti,MA,8093,4526
2102309,Buriti Bravo,MA,6654,4552
2102325,Buriticupu,MA,16336,12604
2102358,Buritirana,MA,4118,3301
2102374,Cachoeira Grande,MA,2686,1308
2102408,Cajapió,MA,3145,2014
2102507,Cajari,MA,4911,2993
2102556,Campestre do Maranhão,MA,3844,2963
2102606,Cândido Mendes,MA,5687,3821
2102705,Cantanhede,MA,6026,3840
2102754,Capinzal do Norte,MA,3577,2664
2102804,Carolina,MA,7794,6142
2102903,Carutapera,MA,7067,5211
2103000,Caxias,MA,48193,37461
2103109,Cedral,MA,3205,2181
2103125,Central do Maranhão,MA,2213,1411
2103158,Centro do Guilherme,MA,3284,2223
2103174,Centro Novo do Maranhão,MA,4511,3372
2103208,Chapadinha,MA,23970,15996
2103257,Cidelândia,MA,4144,3170
2103307,Codó,MA,34909,23794
2103406,Coelho Neto,MA,11916,8637
2103505,Colinas,MA,12484,8853
2103554,Conceição do Lago-Açu,MA,4103,2823
2103604,Coroatá,MA,18889,12803
2103703,Cururupu,MA,10019,6669
2103752,Davinópolis,MA,4567,3731
2103802,Dom Pedro,MA,7297,6274
2103901,Duque Bacelar,MA,2744,1827
2104008,Esperantinópolis,MA,5625,3925
2104057,Estreito,MA,10770,9288
2104073,Feira Nova do Maranhão,MA,2484,2016
2104081,Fernando Falcão,MA,2665,1415
2104099,Formosa da Serra Negra,MA,5127,4037
2104107,Fortaleza dos Nogueiras,MA,3901,2993
2104206,Fortuna,MA,5132,4117
2104305,Godofredo Viana,MA,3137,2557
2104404,Gonçalves Dias,MA,5344,4050
2104503,Governador Archer,MA,2968,2249
2104552,Governador Edison Lobão,MA,5948,5006
2104602,Governador Eugênio Barros,MA,4351,3618
2104628,Governador Luiz Rocha,MA,2186,1434
2104651,Governador Newton Bello,MA,2805,1936
2104677,Governador Nunes Freire,MA,6740,5352
2104701,Graça Aranha,MA,1979,1655
2104800,Grajaú,MA,21762,15987
2104909,Guimarães,MA,3511,2401
2105005,Humberto de Campos,MA,7000,3184
2105104,Icatu,MA,6916,3622
2105153,Igarapé do Meio,MA,4037,3119
2105203,Igarapé Grande,MA,3222,2475
2105302,Imperatriz,MA,90451,81271
2105351,Itaipava do Grajaú,MA,3812,2742
2105401,Itapecuru Mirim,MA,18845,12714
2105427,Itinga do Maranhão,MA,7291,5933
2105450,Jatobá,MA,2274,1677
2105476,Jenipapo dos Vieiras,MA,4679,2027
2105500,João Lisboa,MA,7622,6474
2105609,Joselândia,MA,4466,3396
2105658,Junco do Maranhão,MA,1501,1215
2105708,Lago da Pedra,MA,13489,10881
2105807,Lago do Junco,MA,2871,2321
2105906,Lago Verde,MA,4305,2737
2105922,Lagoa do Mato,MA,3169,2205
2105948,Lago dos Rodrigues,MA,2785,2223
2105963,Lagoa Grande do Maranhão,MA,3368,2565
2105989,Lajeado Novo,MA,2342,1727
2106003,Lima Campos,MA,3660,2745
2106102,Loreto,MA,3204,2566
2106201,Luís Domingues,MA,2117,1541
2106300,Magalhães de Almeida,MA,4218,3138
2106326,Maracaçumé,MA,6007,4789
2106359,Marajá do Sena,MA,1919,940
2106375,Maranhãozinho,MA,3326,2080
2106409,Mata Roma,MA,4807,2881
2106508,Matinha,MA,6793,4494
2106607,Matões,MA,9363,6668
2106631,Matões do Norte,MA,3903,2664
2106672,Milagres do Maranhão,MA,2366,1408
2106706,Mirador,MA,6227,3986
2106755,Miranda do Norte,MA,6595,4803
2106805,Mirinzal,MA,4534,2848
2106904,Monção,MA,7958,4947
2107001,Montes Altos,MA,2890,2060
2107100,Morros,MA,5181,2625
2107209,Nina Rodrigues,MA,3529,2359
2107258,Nova Colinas,MA,1470,1142
2107308,Nova Iorque,MA,1336,1001
2107357,Nova Olinda do Maranhão,MA,4300,3062
2107407,Olho d'Água das Cunhãs,MA,5668,4600
2107456,Olinda Nova do Maranhão,MA,4162,3019
2107506,Paço do Lumiar,MA,47868,41809
2107605,Palmeirândia,MA,6059,3373
2107704,Paraibano,MA,5879,4596
2107803,Parnarama,MA,9450,6536
2107902,Passagem Franca,MA,5296,3408
2108009,Pastos Bons,MA,5708,4092
2108058,Paulino Neves,MA,4419,3274
2108108,Paulo Ramos,MA,5959,4856
2108207,Pedreiras,MA,12105,10190
2108256,Pedro do Rosário,MA,6932,3515
2108306,Penalva,MA,9684,6487
2108405,Peri Mirim,MA,3783,1928
2108454,Peritoró,MA,6194,4222
2108504,Pindaré-Mirim,MA,9437,6999
2108603,Pinheiro,MA,26088,19243
2108702,Pio XII,MA,6525,4934
2108801,Pirapemas,MA,5243,3106
2108900,Poção de Pedras,MA,5706,4226
2109007,Porto Franco,MA,7802,6321
2109056,Porto Rico do Maranhão,MA,1871,1097
2109106,Presidente Dutra,MA,14348,11822
2109205,Presidente Juscelino,MA,3154,1692
2109239,Presidente Médici,MA,1388,851
2109270,Presidente Sarney,MA,4940,3076
2109304,Presidente Vargas,MA,3108,1639
2109403,Primeira Cruz,MA,3606,1662
2109452,Raposa,MA,9504,7906
2109502,Riachão,MA,7152,5646
2109551,Ribamar Fiquene,MA,2430,2086
2109601,Rosário,MA,12117,8834
2109700,Sambaíba,MA,1679,1085
2109759,Santa Filomena do Maranhão,MA,1999,1424
2109809,Santa Helena,MA,11021,7482
2109908,Santa Inês,MA,26869,22614
2110005,Santa Luzia,MA,17021,13446
2110039,Santa Luzia do Paruá,MA,7128,5479
2110104,Santa Quitéria do Maranhão,MA,6485,4620
2110203,Santa Rita,MA,11288,7133
2110237,Santana do Maranhão,MA,2953,1769
2110278,Santo Amaro do Maranhão,MA,3555,1980
2110302,Santo Antônio dos Lopes,MA,4368,3581
2110401,São Benedito do Rio Preto,MA,5026,2781
2110500,São Bento,MA,11904,8004
2110609,São Bernardo,MA,7750,5832
2110658,São Domingos do Azeitão,MA,2250,1733
2110708,São Domingos do Maranhão,MA,10775,8436
2110807,São Félix de Balsas,MA,1417,915
2110856,São Francisco do Brejão,MA,2840,2331
2110906,São Francisco do Maranhão,MA,3809,2490
2111003,São João Batista,MA,5907,3134
2111029,São João do Carú,MA,3316,2342
2111052,São João do Paraíso,MA,3207,2502
2111078,São João do Soter,MA,5136,3754
2111102,São João dos Patos,MA,8264,6259
2111201,São José de Ribamar,MA,81064,70938
2111250,São José dos Basílios,MA,2102,1763
2111300,São Luís,MA,348484,308801
2111409,São Luís Gonzaga do Maranhão,MA,5558,3361
2111508,São Mateus do Maranhão,MA,11966,9143
2111532,São Pedro da Água Branca,MA,3936,3201
2111573,São Pedro dos Crentes,MA,1711,1364
2111607,São Raimundo das Mangabeiras,MA,5790,4493
2111631,São Raimundo do Doca Bezerra,MA,1685,1242
2111672,São Roberto,MA,1363,1029
2111706,São Vicente Ferrer,MA,6235,4021
2111722,Satubinha,MA,2452,1812
2111748,Senador Alexandre Costa,MA,3028,2309
2111763,Senador La Rocque,MA,4614,3567
2111789,Serrano do Maranhão,MA,3149,1636
2111805,Sítio Novo,MA,5199,4027
2111904,Sucupira do Norte,MA,3130,2162
2111953,Sucupira do Riachão,MA,1566,1048
2112001,Tasso Fragoso,MA,2636,1773
2112100,Timbiras,MA,7576,4827
2112209,Timon,MA,54182,45409
2112233,Trizidela do Vale,MA,7268,5759
2112274,Tufilândia,MA,1567,1179
2112308,Tuntum,MA,11371,8174
2112407,Turiaçu,MA,10209,6200
2112456,Turilândia,MA,7213,4966
2112506,Tutóia,MA,14744,10858
2112605,Urbano Santos,MA,8601,5103
2112704,Vargem Grande,MA,12884,7784
2112803,Viana,MA,15782,11486
2112852,Vila Nova dos Martírios,MA,3318,2582
2112902,Vitória do Mearim,MA,9360,7235
2113009,Vitorino Freire,MA,9771,8119
2114007,Zé Doca,MA,12614,9725
2200053,Acauã,PI,2214,1764
2200103,Agricolândia,PI,1723,1323
2200202,Água Branca,PI,5878,4682
2200251,Alagoinha do Piauí,PI,2575,1980
2200277,Alegrete do Piauí,PI,1599,1261
2200301,Alto Longá,PI,4665,2893
2200400,Altos,PI,15168,11705
2200459,Alvorada do Gurguéia,PI,1670,1362
2200509,Amarante,PI,5501,3829
2200608,Angical do Piauí,PI,2453,1844
2200707,Anísio de Abreu,PI,3183,2339
2200806,Antônio Almeida,PI,1042,632
2200905,Aroazes,PI,1817,1315
2200954,Aroeiras do Itaim,PI,940,692
2201002,Arraial,PI,1534,1077
2201051,Assunção do Piauí,PI,2352,1736
2201101,Avelino Lopes,PI,3657,2550
2201150,Baixa Grande do Ribeiro,PI,3882,3005
2201176,Barra D'Alcântara,PI,1463,1255
2201200,Barras,PI,14538,10252
2201309,Barreiras do Piauí,PI,1014,728
2201408,Barro Duro,PI,2174,1563
2201507,Batalha,PI,8697,6508
2201556,Bela Vista do Piauí,PI,1234,856
2201572,Belém do Piauí,PI,1131,843
2201606,Beneditinos,PI,3512,2143
2201705,Bertolínia,PI,1760,1417
2201739,Betânia do Piauí,PI,2046,1499
2201770,Boa Hora,PI,2077,1486
2201804,Bocaina,PI,1578,1060
2201903,Bom Jesus,PI,8995,7955
2201919,Bom Princípio do Piauí,PI,1818,1059
2201929,Bonfim do Piauí,PI,1986,1171
2201945,Boqueirão do Piauí,PI,2096,1726
2201960,Brasileira,PI,2820,2103
2201988,Brejo do Piauí,PI,1385,862
2202000,Buriti dos Lopes,PI,6189,4530
2202026,Buriti dos Montes,PI,2364,2101
2202059,Cabeceiras do Piauí,PI,3208,2191
2202075,Cajazeiras do Piauí,PI,1045,803
2202083,Cajueiro da Praia,PI,2499,1960
2202091,Caldeirão Grande do Piauí,PI,1857,1436
2202109,Campinas do Piauí,PI,1773,1086
2202117,Campo Alegre do Fidalgo,PI,1594,978
2202133,Campo Grande do Piauí,PI,2085,1601
2202174,Campo Largo do Piauí,PI,2193,1278
2202208,Campo Maior,PI,15467,12547
2202251,Canavieira,PI,1126,789
2202307,Canto do Buriti,PI,6810,5233
2202406,Capitão de Campos,PI,3622,2661
2202455,Capitão Gervásio Oliveira,PI,1447,966
2202505,Caracol,PI,3319,2089
2202539,Caraúbas do Piauí,PI,1910,1042
2202554,Caridade do Piauí,PI,1605,1254
2202604,Castelo do Piauí,PI,6566,4812
2202653,Caxingó,PI,1769,1037
2202703,Cocal,PI,8948,6046
2202711,Cocal de Telha,PI,1647,1187
2202729,Cocal dos Alves,PI,2204,1638
2202737,Coivaras,PI,1283,915
2202752,Colônia do Gurguéia,PI,2063,1686
2202778,Colônia do Piauí,PI,2362,1718
2202802,Conceição do Canindé,PI,1706,1121
2202851,Coronel José Dias,PI,1483,835
2202901,Corrente,PI,8581,6231
2203008,Cristalândia do Piauí,PI,2300,1361
2203107,Cristino Castro,PI,3286,2747
2203206,Curimatá,PI,3642,2387
2203230,Currais,PI,1450,1105
2203255,Curralinhos,PI,1423,1137
2203271,Curral Novo do Piauí,PI,1575,1175
2203305,Demerval Lobão,PI,5455,4142
2203354,Dirceu Arcoverde,PI,2266,1256
2203404,Dom Expedito Lopes,PI,2235,1665
2203420,Domingos Mourão,PI,1316,1007
2203453,Dom Inocêncio,PI,3182,2257
2203503,Elesbão Veloso,PI,4799,3191
2203602,Eliseu Martins,PI,1535,1204
2203701,Esperantina,PI,13298,10016
2203750,Fartura do Piauí,PI,1743,849
2203800,Flores do Piauí,PI,1568,1198
2203859,Floresta do Piauí,PI,862,501
2203909,Floriano,PI,20933,17000
2204006,Francinópolis,PI,1645,989
2204105,Francisco Ayres,PI,1522,1118
2204154,Francisco Macedo,PI,1020,797
2204204,Francisco Santos,PI,2938,2305
2204303,Fronteiras,PI,3542,2644
2204352,Geminiano,PI,1928,1537
2204402,Gilbués,PI,3370,2479
2204501,Guadalupe,PI,3333,2584
2204550,Guaribas,PI,1310,986
2204600,Hugo Napoleão,PI,1188,874
2204659,Ilha Grande,PI,2777,1938
2204709,Inhuma,PI,5226,3919
2204808,Ipiranga do Piauí,PI,3148,2290
2204907,Isaías Coelho,PI,2588,1749
2205003,Itainópolis,PI,3945,2807
2205102,Itaueira,PI,3679,2783
2205151,Jacobina do Piauí,PI,1954,1485
2205201,Jaicós,PI,6047,3806
2205250,Jardim do Mulato,PI,1431,1124
2205276,Jatobá do Piauí,PI,1475,1191
2205300,Jerumenha,PI,1493,1042
2205359,João Costa,PI,994,468
2205409,Joaquim Pires,PI,4276,2893
2205458,Joca Marques,PI,1629,987
2205508,José de Freitas,PI,13262,10008
2205516,Juazeiro do Piauí,PI,1766,1356
2205524,Júlio Borges,PI,1705,1077
2205532,Jurema,PI,1524,995
2205540,Lagoinha do Piauí,PI,1011,732
2205557,Lagoa Alegre,PI,2537,1797
2205565,Lagoa do Barro do Piauí,PI,1622,1276
2205573,Lagoa de São Francisco,PI,1995,1693
2205581,Lagoa do Piauí,PI,1591,1097
2205599,Lagoa do Sítio,PI,1582,1142
2205607,Landri Sales,PI,1794,1307
2205706,Luís Correia,PI,9379,6983
2205805,Luzilândia,PI,7893,5235
2205854,Madeiro,PI,2258,1914
2205904,Manoel Emídio,PI,1729,1187
2205953,Marcolândia,PI,2824,2105
2206001,Marcos Parente,PI,1543,1094
2206050,Massapê do Piauí,PI,1742,1031
2206100,Matias Olímpio,PI,3202,2294
2206209,Miguel Alves,PI,9278,6021
2206308,Miguel Leão,PI,407,317
2206357,Milton Brandão,PI,2140,1432
2206407,Monsenhor Gil,PI,3517,2671
2206506,Monsenhor Hipólito,PI,2668,2095
2206605,Monte Alegre do Piauí,PI,3270,2254
2206654,Morro Cabeça no Tempo,PI,1377,789
2206670,Morro do Chapéu do Piauí,PI,2078,1297
2206696,Murici dos Portelas,PI,2955,2027
2206704,Nazaré do Piauí,PI,2330,1587
2206720,Nazária,PI,3269,2587
2206753,Nossa Senhora de Nazaré,PI,1712,1233
2206803,Nossa Senhora dos Remédios,PI,2551,1560
2206902,Novo Oriente do Piauí,PI,2255,1708
2206951,Novo Santo Antônio,PI,1006,634
2207009,Oeiras,PI,13492,10054
2207108,Olho D'Água do Piauí,PI,894,611
2207207,Padre Marcos,PI,2347,1580
2207306,Paes Landim,PI,1353,672
2207355,Pajeú do Piauí,PI,1097,862
2207405,Palmeira do Piauí,PI,1606,1300
2207504,Palmeirais,PI,4292,2772
2207553,Paquetá,PI,1292,739
2207603,Parnaguá,PI,3033,1928
2207702,Parnaíba,PI,51602,43817
2207751,Passagem Franca do Piauí,PI,1218,863
2207777,Patos do Piauí,PI,2075,1110
2207793,Pau D'Arco do Piauí,PI,1307,799
2207801,Paulistana,PI,7308,5570
2207850,Pavussu,PI,1296,806
2207900,Pedro II,PI,12126,8779
2207934,Pedro Laurentino,PI,813,498
2207959,Nova Santa Rita,PI,1372,828
2208007,Picos,PI,28844,24220
2208106,Pimenteiras,PI,3864,3092
2208205,Pio IX,PI,6092,5167
2208304,Piracuruca,PI,10026,7820
2208403,Piripiri,PI,21720,17114
2208502,Porto,PI,3376,2132
2208551,Porto Alegre do Piauí,PI,768,547
2208601,Prata do Piauí,PI,1091,802
2208650,Queimada Nova,PI,2882,2209
2208700,Redenção do Gurguéia,PI,2578,1623
2208809,Regeneração,PI,5668,3935
2208858,Riacho Frio,PI,1292,711
2208874,Ribeira do Piauí,PI,1393,958
2208908,Ribeiro Gonçalves,PI,1867,1339
2209005,Rio Grande do Piauí,PI,2114,1499
2209104,Santa Cruz do Piauí,PI,1971,1326
2209153,Santa Cruz dos Milagres,PI,1181,931
2209203,Santa Filomena,PI,1828,1280
2209302,Santa Luz,PI,1712,1304
2209351,Santana do Piauí,PI,1401,1116
2209377,Santa Rosa do Piauí,PI,1692,1195
2209401,Santo Antônio de Lisboa,PI,2097,1505
2209450,Santo Antônio dos Milagres,PI,607,379
2209500,Santo Inácio do Piauí,PI,1337,940
2209559,São Braz do Piauí,PI,1519,1143
2209609,São Félix do Piauí,PI,1027,860
2209658,São Francisco de Assis do Piauí,PI,1886,1224
2209708,São Francisco do Piauí,PI,2082,1425
2209757,São Gonçalo do Gurguéia,PI,929,531
2209807,São Gonçalo do Piauí,PI,1566,1180
2209856,São João da Canabrava,PI,1566,1251
2209872,São João da Fronteira,PI,1878,1313
2209906,São João da Serra,PI,2168,1484
2209955,São João da Varjota,PI,1470,981
2209971,São João do Arraial,PI,2532,1765
2210003,São João do Piauí,PI,7165,5387
2210052,São José do Divino,PI,1667,1207
2210102,São José do Peixe,PI,1158,865
2210201,São José do Piauí,PI,2287,1744
2210300,São Julião,PI,2195,1584
2210359,São Lourenço do Piauí,PI,1486,876
2210375,São Luis do Piauí,PI,832,571
2210383,São Miguel da Baixa Grande,PI,807,481
2210391,São Miguel do Fidalgo,PI,932,610
2210409,São Miguel do Tapuio,PI,5933,4522
2210508,São Pedro do Piauí,PI,4400,3398
2210607,São Raimundo Nonato,PI,13114,9847
2210623,Sebastião Barros,PI,981,548
2210631,Sebastião Leal,PI,1443,1143
2210656,Sigefredo Pacheco,PI,3262,2496
2210706,Simões,PI,4564,3603
2210805,Simplício Mendes,PI,4691,3105
2210904,Socorro do Piauí,PI,1453,744
2210938,Sussuapara,PI,2195,1607
2210953,Tamboril do Piauí,PI,999,567
2210979,Tanque do Piauí,PI,871,666
2211001,Teresina,PI,279703,251748
2211100,União,PI,14035,9841
2211209,Uruçuí,PI,7651,6480
2211308,Valença do Piauí,PI,7967,6293
2211357,Várzea Branca,PI,1658,960
2211407,Várzea Grande,PI,1635,1257
2211506,Vera Mendes,PI,1221,684
2211605,Vila Nova do Piauí,PI,1094,803
2211704,Wall Ferraz,PI,1389,1015
2300101,Abaiara,CE,3497,2574
2300150,Acarape,CE,4442,3315
2300200,Acaraú,CE,20980,16993
2300309,Acopiara,CE,16413,12298
2300408,Aiuaba,CE,4926,3766
2300507,Alcântaras,CE,3782,3174
2300606,Altaneira,CE,2491,1769
2300705,Alto Santo,CE,4973,4301
2300754,Amontada,CE,13224,9629
2300804,Antonina do Norte,CE,2596,1924
2300903,Apuiarés,CE,4550,3000
2301000,Aquiraz,CE,27722,23337
2301109,Aracati,CE,26028,22085
2301208,Aracoiaba,CE,8715,6643
2301257,Ararendá,CE,3946,3131
2301307,Araripe,CE,6726,4331
2301406,Aratuba,CE,3582,2687
2301505,Arneiroz,CE,2596,2027
2301604,Assaré,CE,7744,5780
2301703,Aurora,CE,8431,6120
2301802,Baixio,CE,2012,1478
2301851,Banabuiú,CE,5589,4603
2301901,Barbalha,CE,24144,19711
2301950,Barreira,CE,7576,5864
2302008,Barro,CE,6950,5618
2302057,Barroquinha,CE,4751,3119
2302107,Baturité,CE,11839,9007
2302206,Beberibe,CE,18268,14713
2302305,Bela Cruz,CE,11012,8001
2302404,Boa Viagem,CE,18084,13875
2302503,Brejo Santo,CE,17029,13970
2302602,Camocim,CE,20362,16126
2302701,Campos Sales,CE,8963,6440
2302800,Canindé,CE,25277,20074
2302909,Capistrano,CE,5916,4265
2303006,Caridade,CE,5356,3965
2303105,Cariré,CE,6131,4876
2303204,Caririaçu,CE,8813,6438
2303303,Cariús,CE,6290,4634
2303402,Carnaubal,CE,5719,4447
2303501,Cascavel,CE,25306,19749
2303600,Catarina,CE,3655,2742
2303659,Catunda,CE,3431,2636
2303709,Caucaia,CE,120680,104708
2303808,Cedro,CE,8076,5868
2303907,Chaval,CE,3905,2826
2303931,Choró,CE,3998,2936
2303956,Chorozinho,CE,7152,5621
2304004,Coreaú,CE,7036,5155
2304103,Crateús,CE,27128,22642
2304202,Crato,CE,44604,37439
2304236,Croatá,CE,6106,4778
2304251,Cruz,CE,10356,8944
2304269,Deputado Irapuan Pinheiro,CE,3344,2381
2304277,Ereré,CE,2249,1903
2304285,Eusébio,CE,25147,23485
2304301,Farias Brito,CE,6414,4664
2304350,Forquilha,CE,8108,6295
2304400,Fortaleza,CE,859995,767181
2304459,Fortim,CE,5927,5020
2304509,Frecheirinha,CE,5418,4122
2304608,General Sampaio,CE,2195,1490
2304657,Graça,CE,4832,3691
2304707,Granja,CE,17094,11358
2304806,Granjeiro,CE,1541,1217
2304905,Groaíras,CE,4008,3149
2304954,Guaiúba,CE,7752,5796
2305001,Guaraciaba do Norte,CE,13479,10857
2305100,Guaramiranga,CE,1919,1298
2305209,Hidrolândia,CE,6342,5047
2305233,Horizonte,CE,25614,22915
2305266,Ibaretama,CE,4026,3090
2305308,Ibiapina,CE,7899,6076
2305332,Ibicuitinga,CE,4073,2788
2305357,Icapuí,CE,7171,6328
2305407,Icó,CE,21429,15889
2305506,Iguatu,CE,34966,28787
2305605,Independência,CE,8466,7030
2305654,Ipaporanga,CE,4295,3341
2305704,Ipaumirim,CE,4069,3027
2305803,Ipu,CE,13932,10909
2305902,Ipueiras,CE,13287,10902
2306009,Iracema,CE,4797,3731
2306108,Irauçuba,CE,7333,5413
2306207,Itaiçaba,CE,2820,2350
2306256,Itaitinga,CE,19522,17577
2306306,Itapajé,CE,15625,11987
2306405,Itapipoca,CE,41578,31811
2306504,Itapiúna,CE,6118,4615
2306553,Itarema,CE,12961,10323
2306603,Itatira,CE,6689,5382
2306702,Jaguaretama,CE,6049,4480
2306801,Jaguaribara,CE,3362,2703
2306900,Jaguaribe,CE,12408,9100
2307007,Jaguaruana,CE,11723,9298
2307106,Jardim,CE,8748,7112
2307205,Jati,CE,2621,1975
2307254,Jijoca de Jericoacoara,CE,8773,7787
2307304,Juazeiro do Norte,CE,97350,82501
2307403,Jucás,CE,8230,6483
2307502,Lavras da Mangabeira,CE,10483,7858
2307601,Limoeiro do Norte,CE,21422,18232
2307635,Madalena,CE,5610,4306
2307650,Maracanaú,CE,79695,69387
2307700,Maranguape,CE,35081,29711
2307809,Marco,CE,7598,5937
2307908,Martinópole,CE,3700,2590
2308005,Massapê,CE,12334,9101
2308104,Mauriti,CE,14887,11418
2308203,Meruoca,CE,4824,4075
2308302,Milagres,CE,8752,6486
2308351,Milhã,CE,4660,3604
2308377,Miraíma,CE,4254,2665
2308401,Missão Velha,CE,11843,8859
2308500,Mombaça,CE,13640,10023
2308609,Monsenhor Tabosa,CE,5828,4782
2308708,Morada Nova,CE,22600,17858
2308807,Moraújo,CE,2710,2095
2308906,Morrinhos,CE,7284,5415
2309003,Mucambo,CE,4997,3803
2309102,Mulungu,CE,3333,2540
2309201,Nova Olinda,CE,5183,3978
2309300,Nova Russas,CE,10833,8792
2309409,Novo Oriente,CE,9782,7127
2309458,Ocara,CE,8799,7151
2309508,Orós,CE,7156,5626
2309607,Pacajus,CE,24059,19830
2309706,Pacatuba,CE,27110,23216
2309805,Pacoti,CE,3661,2999
2309904,Pacujá,CE,2198,1759
2310001,Palhano,CE,3255,2431
2310100,Palmácia,CE,3380,2180
2310209,Paracuru,CE,12981,10855
2310258,Paraipaba,CE,10783,8397
2310308,Parambu,CE,11135,9017
2310407,Paramoti,CE,3563,2469
2310506,Pedra Branca,CE,14240,11458
2310605,Penaforte,CE,2923,2401
2310704,Pentecoste,CE,12700,9033
2310803,Pereiro,CE,5276,3328
2310852,Pindoretama,CE,7992,6271
2310902,Piquet Carneiro,CE,5731,4500
2310951,Pires Ferreira,CE,3264,2675
2311009,Poranga,CE,4214,3483
2311108,Porteiras,CE,5566,4251
2311207,Potengi,CE,3134,2368
2311231,Potiretama,CE,2124,1723
2311264,Quiterianópolis,CE,6948,5535
2311306,Quixadá,CE,28990,22729
2311355,Quixelô,CE,5836,4238
2311405,Quixeramobim,CE,28612,22473
2311504,Quixeré,CE,7749,6404
2311603,Redenção,CE,9154,7430
2311702,Reriutaba,CE,6585,5152
2311801,Russas,CE,26393,22391
2311900,Saboeiro,CE,4925,3614
2311959,Salitre,CE,5361,3985
2312007,Santana do Acaraú,CE,9670,7155
2312106,Santana do Cariri,CE,5627,3837
2312205,Santa Quitéria,CE,13987,11377
2312304,São Benedito,CE,15621,12422
2312403,São Gonçalo do Amarante,CE,17943,14865
2312502,São João do Jaguaribe,CE,2371,1786
2312601,São Luís do Curu,CE,3867,2765
2312700,Senador Pompeu,CE,8959,6874
2312809,Senador Sá,CE,2426,1820
2312908,Sobral,CE,68009,57133
2313005,Solonópole,CE,6592,4804
2313104,Tabuleiro do Norte,CE,11735,9677
2313203,Tamboril,CE,8619,6673
2313252,Tarrafas,CE,2657,2053
2313302,Tauá,CE,21110,17575
2313351,Tejuçuoca,CE,5605,3198
2313401,Tianguá,CE,25661,20465
2313500,Trairi,CE,18922,14627
2313559,Tururu,CE,5078,3416
2313609,Ubajara,CE,10518,8469
2313708,Umari,CE,2404,2068
2313757,Umirim,CE,5658,4092
2313807,Uruburetama,CE,6401,4885
2313906,Uruoca,CE,4658,3151
2313955,Varjota,CE,6122,4880
2314003,Várzea Alegre,CE,14058,10986
2314102,Viçosa do Ceará,CE,18272,13393
2400109,Acari,RN,3812,3272
2400208,Assú,RN,19233,16286
2400307,Afonso Bezerra,RN,3373,2764
2400406,Água Nova,RN,991,845
2400505,Alexandria,RN,4844,3646
2400604,Almino Afonso,RN,1662,1275
2400703,Alto do Rodrigues,RN,4212,3536
2400802,Angicos,RN,3944,3101
2400901,Antônio Martins,RN,2372,1880
2401008,Apodi,RN,12893,11275
2401107,Areia Branca,RN,8186,7253
2401206,Arez,RN,4268,3401
2401305,Campo Grande,RN,3233,2477
2401404,Baía Formosa,RN,2779,2341
2401453,Baraúna,RN,8861,7676
2401503,Barcelona,RN,1386,1032
2401602,Bento Fernandes,RN,1556,1254
2401651,Bodó,RN,765,600
2401701,Bom Jesus,RN,3456,2714
2401800,Brejinho,RN,4205,3241
2401859,Caiçara do Norte,RN,1978,1505
2401909,Caiçara do Rio do Vento,RN,1050,811
2402006,Caicó,RN,22030,19409
2402105,Campo Redondo,RN,3472,2321
2402204,Canguaretama,RN,9184,7384
2402303,Caraúbas,RN,7036,5977
2402402,Carnaúba dos Dantas,RN,2800,2420
2402501,Carnaubais,RN,3240,2618
2402600,Ceará-Mirim,RN,24916,19435
2402709,Cerro Corá,RN,3687,2974
2402808,Coronel Ezequiel,RN,1883,1276
2402907,Coronel João Pessoa,RN,1439,1180
2403004,Cruzeta,RN,2933,2443
2403103,Currais Novos,RN,14613,12069
2403202,Doutor Severiano,RN,2411,2019
2403251,Parnamirim,RN,90265,84338
2403301,Encanto,RN,2014,1694
2403400,Equador,RN,1960,1481
2403509,Espírito Santo,RN,3558,2164
2403608,Extremoz,RN,20459,18376
2403707,Felipe Guerra,RN,2064,1680
2403756,Fernando Pedroza,RN,1054,774
2403806,Florânia,RN,3401,2813
2403905,Francisco Dantas,RN,988,800
2404002,Frutuoso Gomes,RN,1524,1228
2404101,Galinhos,RN,626,561
2404200,Goianinha,RN,8325,6759
2404309,Governador Dix-Sept Rosado,RN,4063,3431
2404408,Grossos,RN,3383,2860
2404507,Guamaré,RN,4904,4172
2404606,Ielmo Marinho,RN,3877,2954
2404705,Ipanguaçu,RN,4469,3736
2404804,Ipueira,RN,777,647
2404853,Itajá,RN,2399,2041
2404903,Itaú,RN,1901,1566
2405009,Jaçanã,RN,2754,2165
2405108,Jandaíra,RN,2092,1485
2405207,Janduís,RN,1535,1288
2405306,Januário Cicco,RN,3064,2075
2405405,Japi,RN,1776,1343
2405504,Jardim de Angicos,RN,796,532
2405603,Jardim de Piranhas,RN,4965,4227
2405702,Jardim do Seridó,RN,4468,3705
2405801,João Câmara,RN,10872,8223
2405900,João Dias,RN,751,604
2406007,José da Penha,RN,2144,1855
2406106,Jucurutu,RN,6347,4878
2406155,Jundiá,RN,1247,893
2406205,Lagoa d'Anta,RN,2196,1729
2406304,Lagoa de Pedras,RN,2575,1641
2406403,Lagoa de Velhos,RN,869,720
2406502,Lagoa Nova,RN,5110,4162
2406601,Lagoa Salgada,RN,2825,2173
2406700,Lajes,RN,3210,2398
2406809,Lajes Pintadas,RN,1709,1336
2406908,Lucrécia,RN,1201,968
2407005,Luís Gomes,RN,3003,2342
2407104,Macaíba,RN,28219,23524
2407203,Macau,RN,9649,8191
2407252,Major Sales,RN,1345,1168
2407302,Marcelino Vieira,RN,2729,2062
2407401,Martins,RN,2961,2539
2407500,Maxaranguape,RN,3208,2522
2407609,Messias Targino,RN,1430,1212
2407708,Montanhas,RN,3766,2906
2407807,Monte Alegre,RN,7730,6021
2407906,Monte das Gameleiras,RN,796,484
2408003,Mossoró,RN,92443,82256
2408102,Natal,RN,270057,240568
2408201,Nísia Floresta,RN,9998,8412
2408300,Nova Cruz,RN,11489,8769
2408409,Olho d'Água do Borges,RN,1402,1036
2408508,Ouro Branco,RN,1766,1361
2408607,Paraná,RN,1295,1100
2408706,Paraú,RN,1228,838
2408805,Parazinho,RN,1489,979
2408904,Parelhas,RN,7749,6563
2408953,Rio do Fogo,RN,3112,2503
2409100,Passa e Fica,RN,3801,2898
2409209,Passagem,RN,1077,831
2409308,Patu,RN,4036,3316
2409332,Santa Maria,RN,1628,1255
2409407,Pau dos Ferros,RN,10773,9298
2409506,Pedra Grande,RN,1085,853
2409605,Pedra Preta,RN,782,661
2409704,Pedro Avelino,RN,2058,1582
2409803,Pedro Velho,RN,4498,3496
2409902,Pendências,RN,4200,3280
2410009,Pilões,RN,1046,768
2410108,Poço Branco,RN,3834,2675
2410207,Portalegre,RN,2687,2121
2410256,Porto do Mangue,RN,1737,1401
2410306,Serra Caiada,RN,3207,2212
2410405,Pureza,RN,3031,2146
2410504,Rafael Fernandes,RN,1878,1605
2410603,Rafael Godeiro,RN,1071,746
2410702,Riacho da Cruz,RN,932,723
2410801,Riacho de Santana,RN,1439,1196
2410900,Riachuelo,RN,2337,1826
2411007,Rodolfo Fernandes,RN,1518,1207
2411056,Tibau,RN,1852,1608
2411106,Ruy Barbosa,RN,1090,726
2411205,Santa Cruz,RN,12783,10416
2411403,Santana do Matos,RN,4477,3630
2411429,Santana do Seridó,RN,921,733
2411502,Santo Antônio,RN,7690,5141
2411601,São Bento do Norte,RN,1046,866
2411700,São Bento do Trairí,RN,1297,866
2411809,São Fernando,RN,1242,1020
2411908,São Francisco do Oeste,RN,1479,1182
2412005,São Gonçalo do Amarante,RN,39833,34841
2412104,São João do Sabugi,RN,2256,1756
2412203,São José de Mipibu,RN,15656,12875
2412302,São José do Campestre,RN,3720,2752
2412401,São José do Seridó,RN,1541,1401
2412500,São Miguel,RN,8266,6793
2412559,São Miguel do Gostoso,RN,3201,2583
2412609,São Paulo do Potengi,RN,5880,4758
2412708,São Pedro,RN,1926,1402
2412807,São Rafael,RN,2730,2327
2412906,São Tomé,RN,3523,2297
2413003,São Vicente,RN,2218,1799
2413102,Senador Elói de Souza,RN,2037,1474
2413201,Senador Georgino Avelino,RN,1252,930
2413300,Serra de São Bento,RN,1929,1366
2413359,Serra do Mel,RN,4240,3576
2413409,Serra Negra do Norte,RN,2592,2137
2413508,Serrinha,RN,2242,1645
2413557,Serrinha dos Pintos,RN,1682,1484
2413607,Severiano Melo,RN,1982,1620
2413706,Sítio Novo,RN,1673,1018
2413805,Taboleiro Grande,RN,824,710
2413904,Taipu,RN,3645,2397
2414001,Tangará,RN,4480,3259
2414100,Tenente Ananias,RN,3388,2942
2414159,Tenente Laurentino Cruz,RN,1978,1577
2414209,Tibau do Sul,RN,5986,5189
2414308,Timbaúba dos Batistas,RN,844,721
2414407,Touros,RN,10424,7604
2414456,Triunfo Potiguar,RN,1130,798
2414506,Umarizal,RN,3693,3037
2414605,Upanema,RN,4679,3714
2414704,Várzea,RN,1809,1187
2414753,Venha-Ver,RN,1017,743
2414803,Vera Cruz,RN,3555,2625
2414902,Viçosa,RN,637,488
2415008,Vila Flor,RN,986,706
2500106,Água Branca,PB,3267,2656
2500205,Aguiar,PB,1836,1326
2500304,Alagoa Grande,PB,8786,6322
2500403,Alagoa Nova,PB,6994,5106
2500502,Alagoinha,PB,4425,3078
2500536,Alcantil,PB,1999,1620
2500577,Algodão de Jandaíra,PB,974,847
2500601,Alhandra,PB,7131,5723
2500700,São João do Rio do Peixe,PB,6318,5284
2500734,Amparo,PB,792,624
2500775,Aparecida,PB,2694,2134
2500809,Araçagi,PB,5692,4207
2500908,Arara,PB,4335,3266
2501005,Araruna,PB,5775,4635
2501104,Areia,PB,7362,5694
2501153,Areia de Baraúnas,PB,673,534
2501203,Areial,PB,2467,1933
2501302,Aroeiras,PB,6592,4739
2501351,Assunção,PB,1398,1079
2501401,Baía da Traição,PB,2790,2058
2501500,Bananeiras,PB,7468,5756
2501534,Baraúna,PB,1727,1357
2501575,Barra de Santana,PB,2940,2233
2501609,Barra de Santa Rosa,PB,4842,3542
2501708,Barra de São Miguel,PB,2106,1599
2501807,Bayeux,PB,28078,23729
2501906,Belém,PB,5837,4344
2502003,Belém do Brejo do Cruz,PB,2107,1585
2502052,Bernardino Batista,PB,1124,919
2502102,Boa Ventura,PB,1731,1227
2502151,Boa Vista,PB,2148,1815
2502201,Bom Jesus,PB,805,603
2502300,Bom Sucesso,PB,1726,1421
2502409,Bonito de Santa Fé,PB,3355,2530
2502508,Boqueirão,PB,5965,4842
2502607,Igaracy,PB,2025,1590
2502706,Borborema,PB,1394,1017
2502805,Brejo do Cruz,PB,4650,3822
2502904,Brejo dos Santos,PB,1982,1487
2503001,Caaporã,PB,6835,5206
2503100,Cabaceiras,PB,1877,1620
2503209,Cabedelo,PB,22762,20595
2503308,Cachoeira dos Índios,PB,3133,2524
2503407,Cacimba de Areia,PB,1130,858
2503506,Cacimba de Dentro,PB,5431,3961
2503555,Cacimbas,PB,2291,1936
2503605,Caiçara,PB,2258,1526
2503704,Cajazeiras,PB,22348,19269
2503753,Cajazeirinhas,PB,881,631
2503803,Caldas Brandão,PB,2017,1545
2503902,Camalaú,PB,2415,1726
2504009,Campina Grande,PB,147101,130440
2504033,Capim,PB,2195,1762
2504074,Caraúbas,PB,1453,1112
2504108,Carrapateira,PB,754,480
2504157,Casserengue,PB,2413,1827
2504207,Catingueira,PB,1452,1199
2504306,Catolé do Rocha,PB,10636,8697
2504355,Caturité,PB,1802,1340
2504405,Conceição,PB,6234,4685
2504504,Condado,PB,2279,1700
2504603,Conde,PB,8945,7613
2504702,Congo,PB,1870,1488
2504801,Coremas,PB,5089,3870
2504850,Coxixola,PB,734,618
2504900,Cruz do Espírito Santo,PB,5363,3605
2505006,Cubati,PB,2627,1792
2505105,Cuité,PB,6930,5242
2505204,Cuitegi,PB,2198,1709
2505238,Cuité de Mamanguape,PB,2101,1490
2505279,Curral de Cima,PB,1759,1319
2505303,Curral Velho,PB,740,589
2505352,Damião,PB,1789,1446
2505402,Desterro,PB,2842,2361
2505501,Vista Serrana,PB,1197,885
2505600,Diamante,PB,2097,1556
2505709,Dona Inês,PB,3578,2485
2505808,Duas Estradas,PB,1166,788
2505907,Emas,PB,971,774
2506004,Esperança,PB,10823,8676
2506103,Fagundes,PB,3786,2822
2506202,Frei Martinho,PB,1082,906
2506251,Gado Bravo,PB,2751,2087
2506301,Guarabira,PB,19747,16307
2506400,Gurinhém,PB,4540,3355
2506509,Gurjão,PB,1146,946
2506608,Ibiara,PB,2016,1590
2506707,Imaculada,PB,3413,2592
2506806,Ingá,PB,6070,4382
2506905,Itabaiana,PB,8301,6088
2507002,Itaporanga,PB,8186,6416
2507101,Itapororoca,PB,6058,4430
2507200,Itatuba,PB,3491,2498
2507309,Jacaraú,PB,4969,3742
2507408,Jericó,PB,2520,2090
2507507,João Pessoa,PB,296223,270193
2507606,Juarez Távora,PB,2796,2112
2507705,Juazeirinho,PB,5410,4119
2507804,Junco do Seridó,PB,2318,1902
2507903,Juripiranga,PB,3320,2416
2508000,Juru,PB,3211,2536
2508109,Lagoa,PB,1485,1296
2508208,Lagoa de Dentro,PB,2630,1885
2508307,Lagoa Seca,PB,9150,7123
2508406,Lastro,PB,977,772
2508505,Livramento,PB,2420,1898
2508554,Logradouro,PB,1538,1187
2508604,Lucena,PB,3932,3026
2508703,Mãe d'Água,PB,1323,983
2508802,Malta,PB,2054,1682
2508901,Mamanguape,PB,14483,10797
2509008,Manaíra,PB,3577,2843
2509057,Marcação,PB,2762,1798
2509107,Mari,PB,7348,5517
2509156,Marizópolis,PB,2210,1646
2509206,Massaranduba,PB,4860,3529
2509305,Mataraca,PB,2684,1918
2509339,Matinhas,PB,1488,1051
2509370,Mato Grosso,PB,828,644
2509396,Maturéia,PB,2303,1873
2509404,Mogeiro,PB,4789,3287
2509503,Montadas,PB,1952,1546
2509602,Monte Horebe,PB,1575,1086
2509701,Monteiro,PB,12133,9594
2509800,Mulungu,PB,3039,2158
2509909,Natuba,PB,3079,2331
2510006,Nazarezinho,PB,2520,1787
2510105,Nova Floresta,PB,3581,2800
2510204,Nova Olinda,PB,1970,1509
2510303,Nova Palmeira,PB,1548,1220
2510402,Olho d'Água,PB,2039,1532
2510501,Olivedos,PB,1286,994
2510600,Ouro Velho,PB,1120,819
2510659,Parari,PB,644,496
2510709,Passagem,PB,860,639
2510808,Patos,PB,36242,30910
2510907,Paulista,PB,4129,3235
2511004,Pedra Branca,PB,1271,980
2511103,Pedra Lavrada,PB,2485,1960
2511202,Pedras de Fogo,PB,9757,7878
2511301,Piancó,PB,5639,4437
2511400,Picuí,PB,6561,5383
2511509,Pilar,PB,4152,2878
2511608,Pilões,PB,2084,1434
2511707,Pilõezinhos,PB,1737,1270
2511806,Pirpirituba,PB,3084,2346
2511905,Pitimbu,PB,5407,4483
2512002,Pocinhos,PB,5761,4329
2512036,Poço Dantas,PB,1277,933
2512077,Poço de José de Moura,PB,1450,1217
2512101,Pombal,PB,11302,9303
2512200,Prata,PB,1430,1126
2512309,Princesa Isabel,PB,7348,6090
2512408,Puxinanã,PB,4802,3749
2512507,Queimadas,PB,16576,13776
2512606,Quixaba,PB,575,470
2512705,Remígio,PB,5972,4530
2512721,Pedro Régis,PB,1949,1364
2512747,Riachão,PB,1016,681
2512754,Riachão do Bacamarte,PB,1597,1251
2512762,Riachão do Poço,PB,1596,1083
2512788,Riacho de Santo Antônio,PB,658,536
2512804,Riacho dos Cavalos,PB,2827,2122
2512903,Rio Tinto,PB,8210,6180
2513000,Salgadinho,PB,1110,864
2513109,Salgado de São Félix,PB,4069,2911
2513158,Santa Cecília,PB,2622,2039
2513208,Santa Cruz,PB,2054,1637
2513307,Santa Helena,PB,2078,1634
2513356,Santa Inês,PB,1054,784
2513406,Santa Luzia,PB,5260,4520
2513505,Santana de Mangueira,PB,1610,1106
2513604,Santana dos Garrotes,PB,2297,1544
2513653,Joca Claudino,PB,875,744
2513703,Santa Rita,PB,49541,41415
2513802,Santa Teresinha,PB,1484,1201
2513851,Santo André,PB,996,765
2513901,São Bento,PB,10944,8580
2513927,São Bentinho,PB,1491,1094
2513943,São Domingos do Cariri,PB,920,761
2513968,São Domingos,PB,922,692
2513984,São Francisco,PB,1120,875
2514008,São João do Cariri,PB,1524,1233
2514107,São João do Tigre,PB,1700,1178
2514206,São José da Lagoa Tapada,PB,2529,1759
2514305,São José de Caiana,PB,1675,1284
2514404,São José de Espinharas,PB,1339,1043
2514453,São José dos Ramos,PB,1965,1454
2514503,São José de Piranhas,PB,6658,4983
2514552,São José de Princesa,PB,1170,894
2514602,São José do Bonfim,PB,1101,914
2514651,São José do Brejo do Cruz,PB,543,421
2514701,São José do Sabugi,PB,1415,1213
2514800,São José dos Cordeiros,PB,1288,1029
2514909,São Mamede,PB,2676,2230
2515005,São Miguel de Taipu,PB,2282,1423
2515104,São Sebastião de Lagoa de Roça,PB,3768,3048
2515203,São Sebastião do Umbuzeiro,PB,1261,923
2515302,Sapé,PB,16876,12141
2515401,São Vicente do Seridó,PB,3406,2401
2515500,Serra Branca,PB,5058,4232
2515609,Serra da Raiz,PB,1000,830
2515708,Serra Grande,PB,1044,737
2515807,Serra Redonda,PB,2429,1779
2515906,Serraria,PB,1636,1125
2515930,Sertãozinho,PB,1716,1327
2515971,Sobrado,PB,2762,2004
2516003,Solânea,PB,9096,7092
2516102,Soledade,PB,4782,3800
2516151,Sossêgo,PB,1160,931
2516201,Sousa,PB,22564,18761
2516300,Sumé,PB,6635,5464
2516409,Tacima,PB,2736,1823
2516508,Taperoá,PB,4976,3818
2516607,Tavares,PB,4798,3694
2516706,Teixeira,PB,5024,4287
2516755,Tenório,PB,1078,855
2516805,Triunfo,PB,3168,2517
2516904,Uiraúna,PB,5099,4208
2517001,Umbuzeiro,PB,3002,2343
2517100,Várzea,PB,993,867
2517209,Vieirópolis,PB,1621,1160
2517407,Zabelê,PB,834,643
2600054,Abreu e Lima,PE,34668,30264
2600104,Afogados da Ingazeira,PE,14829,12170
2600203,Afrânio,PE,5797,3967
2600302,Agrestina,PE,8552,6201
2600401,Água Preta,PE,8789,7190
2600500,Águas Belas,PE,13440,9025
2600609,Alagoinha,PE,4884,3896
2600708,Aliança,PE,12251,9280
2600807,Altinho,PE,7900,5363
2600906,Amaraji,PE,6407,4697
2601003,Angelim,PE,3481,2494
2601052,Araçoiaba,PE,6294,4633
2601102,Araripina,PE,27512,20794
2601201,Arcoverde,PE,27701,23374
2601300,Barra de Guabiraba,PE,4057,3072
2601409,Barreiros,PE,13360,11023
2601508,Belém de Maria,PE,3407,2434
2601607,Belém do São Francisco,PE,5624,4401
2601706,Belo Jardim,PE,29220,23439
2601805,Betânia,PE,3780,2840
2601904,Bezerros,PE,23802,18156
2602001,Bodocó,PE,11146,7925
2602100,Bom Conselho,PE,15175,10587
2602209,Bom Jardim,PE,13261,9824
2602308,Bonito,PE,13255,9235
2602407,Brejão,PE,3052,2236
2602506,Brejinho,PE,2880,2480
2602605,Brejo da Madre de Deus,PE,17177,12437
2602704,Buenos Aires,PE,4428,3195
2602803,Buíque,PE,17107,10527
2602902,Cabo de Santo Agostinho,PE,71780,61740
2603009,Cabrobó,PE,10005,7412
2603108,Cachoeirinha,PE,7320,5736
2603207,Caetés,PE,9278,7271
2603306,Calçado,PE,3770,2683
2603405,Calumbi,PE,1795,1471
2603454,Camaragibe,PE,53396,46326
2603504,Camocim de São Félix,PE,6296,5060
2603603,Camutanga,PE,2556,1931
2603702,Canhotinho,PE,7840,5251
2603801,Capoeiras,PE,6040,4614
2603900,Carnaíba,PE,6799,5130
2603926,Carnaubeira da Penha,PE,3410,2047
2604007,Carpina,PE,27661,23840
2604106,Caruaru,PE,138483,120551
2604155,Casinhas,PE,4211,3143
2604205,Catende,PE,10868,8553
2604304,Cedro,PE,3399,2699
2604403,Chã de Alegria,PE,4385,3194
2604502,Chã Grande,PE,7286,5119
2604601,Condado,PE,8295,6651
2604700,Correntes,PE,5162,3802
2604809,Cortês,PE,3612,2946
2604908,Cumaru,PE,5679,3770
2605004,Cupira,PE,8463,6585
2605103,Custódia,PE,13444,10688
2605152,Dormentes,PE,5810,4626
2605202,Escada,PE,21033,17156
2605301,Exu,PE,10142,7741
2605400,Feira Nova,PE,7694,5612
2605459,Fernando de Noronha,PE,711,659
2605509,Ferreiros,PE,4947,3703
2605608,Flores,PE,7522,5465
2605707,Floresta,PE,9428,7687
2605806,Frei Miguelinho,PE,5147,3962
2605905,Gameleira,PE,6189,5046
2606002,Garanhuns,PE,48978,42689
2606101,Glória do Goitá,PE,10187,6955
2606200,Goiana,PE,27962,23046
2606309,Granito,PE,2261,1827
2606408,Gravatá,PE,32063,25817
2606507,Iati,PE,5677,3959
2606606,Ibimirim,PE,8854,6539
2606705,Ibirajuba,PE,2641,1907
2606804,Igarassu,PE,40502,34801
2606903,Iguaracy,PE,4055,2945
2607000,Inajá,PE,7309,4503
2607109,Ingazeira,PE,1693,1452
2607208,Ipojuca,PE,33194,28690
2607307,Ipubi,PE,9337,5900
2607406,Itacuruba,PE,1342,1013
2607505,Itaíba,PE,10706,8337
2607604,Ilha de Itamaracá,PE,7766,6329
2607653,Itambé,PE,11526,8705
2607703,Itapetim,PE,5490,4453
2607752,Itapissuma,PE,8222,7002
2607802,Itaquitinga,PE,5145,3551
2607901,Jaboatão dos Guararapes,PE,235231,207607
2607950,Jaqueira,PE,3265,2456
2608008,Jataúba,PE,5769,4289
2608057,Jatobá,PE,4687,3588
2608107,João Alfredo,PE,10272,7410
2608206,Joaquim Nabuco,PE,4378,3475
2608255,Jucati,PE,3810,2807
2608305,Jupi,PE,5314,4063
2608404,Jurema,PE,4791,3338
2608453,Lagoa do Carro,PE,6341,4870
2608503,Lagoa de Itaenga,PE,6702,4956
2608602,Lagoa do Ouro,PE,4160,2841
2608701,Lagoa dos Gatos,PE,4969,3624
2608750,Lagoa Grande,PE,8048,6511
2608800,Lajedo,PE,13920,10721
2608909,Limoeiro,PE,20178,14929
2609006,Macaparana,PE,7951,6190
2609105,Machados,PE,3842,2929
2609154,Manari,PE,6699,3677
2609204,Maraial,PE,3098,2273
2609303,Mirandiba,PE,4473,3388
2609402,Moreno,PE,19600,15740
2609501,Nazaré da Mata,PE,10671,8141
2609600,Olinda,PE,127323,110917
2609709,Orobó,PE,7385,5585
2609808,Orocó,PE,4287,3514
2609907,Ouricuri,PE,21481,15844
2610004,Palmares,PE,18413,15161
2610103,Palmeirina,PE,2477,1735
2610202,Panelas,PE,8204,5342
2610301,Paranatama,PE,4205,3066
2610400,Parnamirim,PE,6097,4597
2610509,Passira,PE,10367,7299
2610608,Paudalho,PE,18911,15430
2610707,Paulista,PE,124336,112514
2610806,Pedra,PE,7724,5151
2610905,Pesqueira,PE,22046,16490
2611002,Petrolândia,PE,10915,8810
2611101,Petrolina,PE,128280,115689
2611200,Poção,PE,3848,2290
2611309,Pombos,PE,9863,7205
2611408,Primavera,PE,4490,3368
2611507,Quipapá,PE,6125,4477
2611533,Quixaba,PE,2278,1624
2611606,Recife,PE,547539,489530
2611705,Riacho das Almas,PE,7744,5470
2611804,Ribeirão,PE,11915,9372
2611903,Rio Formoso,PE,6445,5018
2612000,Sairé,PE,4118,2695
2612109,Salgadinho,PE,2051,1354
2612208,Salgueiro,PE,20396,16724
2612307,Saloá,PE,4774,3269
2612406,Sanharó,PE,6605,4995
2612455,Santa Cruz,PE,4370,3284
2612471,Santa Cruz da Baixa Verde,PE,3982,2947
2612505,Santa Cruz do Capibaribe,PE,34727,30853
2612554,Santa Filomena,PE,4091,3058
2612604,Santa Maria da Boa Vista,PE,12532,9650
2612703,Santa Maria do Cambucá,PE,4940,3812
2612802,Santa Terezinha,PE,3736,3014
2612901,São Benedito do Sul,PE,3854,2869
2613008,São Bento do Una,PE,17217,12762
2613107,São Caitano,PE,13461,9695
2613206,São João,PE,7927,6031
2613305,São Joaquim do Monte,PE,7203,5202
2613404,São José da Coroa Grande,PE,6106,5182
2613503,São José do Belmonte,PE,11529,8761
2613602,São José do Egito,PE,11845,9075
2613701,São Lourenço da Mata,PE,39444,32173
2613800,São Vicente Férrer,PE,5674,4425
2613909,Serra Talhada,PE,32416,25984
2614006,Serrita,PE,5578,4440
2614105,Sertânia,PE,11775,8690
2614204,Sirinhaém,PE,11900,10029
2614303,Moreilândia,PE,3482,2642
2614402,Solidão,PE,1797,1414
2614501,Surubim,PE,22731,18601
2614600,Tabira,PE,9966,8059
2614709,Tacaimbó,PE,4819,3105
2614808,Tacaratu,PE,7349,4932
2614857,Tamandaré,PE,7639,6634
2615003,Taquaritinga do Norte,PE,8898,7235
2615102,Terezinha,PE,2152,1454
2615201,Terra Nova,PE,2841,2191
2615300,Timbaúba,PE,16209,12561
2615409,Toritama,PE,14202,12064
2615508,Tracunhaém,PE,4666,3690
2615607,Trindade,PE,9899,7537
2615706,Triunfo,PE,5269,4385
2615805,Tupanatinga,PE,7924,5430
2615904,Tuparetama,PE,2949,2499
2616001,Venturosa,PE,5796,4404
2616100,Verdejante,PE,2958,2136
2616183,Vertente do Lério,PE,2656,1903
2616209,Vertentes,PE,7876,6412
2616308,Vicência,PE,9078,6908
2616407,Vitória de Santo Antão,PE,48330,39522
2616506,Xexéu,PE,3952,3331
2700102,Água Branca,AL,5712,4204
2700201,Anadia,AL,4783,2845
2700300,Arapiraca,AL,77712,66332
2700409,Atalaia,AL,11952,9217
2700508,Barra de Santo Antônio,AL,5236,4450
2700607,Barra de São Miguel,AL,2528,2201
2700706,Batalha,AL,5114,4027
2700805,Belém,AL,1678,1235
2700904,Belo Monte,AL,1845,1318
2701001,Boca da Mata,AL,7013,5028
2701100,Branquinha,AL,3022,2201
2701209,Cacimbinhas,AL,3579,2192
2701308,Cajueiro,AL,4963,3893
2701357,Campestre,AL,2090,1575
2701407,Campo Alegre,AL,10323,8240
2701506,Campo Grande,AL,2656,1599
2701605,Canapi,AL,5046,3478
2701704,Capela,AL,4666,3714
2701803,Carneiros,AL,2738,1970
2701902,Chã Preta,AL,1928,1190
2702009,Coité do Nóia,AL,3609,2709
2702108,Colônia Leopoldina,AL,5183,3940
2702207,Coqueiro Seco,AL,1855,1438
2702306,Coruripe,AL,16434,13471
2702355,Craíbas,AL,8101,6162
2702405,Delmiro Gouveia,AL,17026,14391
2702504,Dois Riachos,AL,3265,2327
2702553,Estrela de Alagoas,AL,5537,3295
2702603,Feira Grande,AL,7390,5114
2702702,Feliz Deserto,AL,1328,1064
2702801,Flexeiras,AL,3105,2098
2702900,Girau do Ponciano,AL,11025,6772
2703007,Ibateguara,AL,4587,3375
2703106,Igaci,AL,8429,5750
2703205,Igreja Nova,AL,7098,4869
2703304,Inhapi,AL,4794,3015
2703403,Jacaré dos Homens,AL,1629,965
2703502,Jacuípe,AL,1753,1358
2703601,Japaratinga,AL,2867,2222
2703700,Jaramataia,AL,1597,1037
2703759,Jequiá da Praia,AL,2981,2604
2703809,Joaquim Gomes,AL,5318,3875
2703908,Jundiá,AL,1367,973
2704005,Junqueiro,AL,8018,6175
2704104,Lagoa da Canoa,AL,5927,4370
2704203,Limoeiro de Anadia,AL,8060,6267
2704302,Maceió,AL,335482,300757
2704401,Major Isidoro,AL,5883,4464
2704500,Maragogi,AL,10041,8156
2704609,Maravilha,AL,3206,2200
2704708,Marechal Deodoro,AL,19611,16453
2704807,Maribondo,AL,4432,3398
2704906,Mar Vermelho,AL,1062,784
2705002,Mata Grande,AL,7059,4317
2705101,Matriz de Camaragibe,AL,7327,5521
2705200,Messias,AL,4980,3967
2705309,Minador do Negrão,AL,1622,1192
2705408,Monteirópolis,AL,2211,1454
2705507,Murici,AL,7724,6433
2705606,Novo Lino,AL,3238,2467
2705705,Olho d'Água das Flores,AL,6798,5065
2705804,Olho d'Água do Casado,AL,2602,1967
2705903,Olho d'Água Grande,AL,1374,847
2706000,Olivença,AL,3575,2054
2706109,Ouro Branco,AL,3970,3009
2706208,Palestina,AL,1320,884
2706307,Palmeira dos Índios,AL,24424,18775
2706406,Pão de Açúcar,AL,7578,5736
2706422,Pariconha,AL,3263,2539
2706448,Paripueira,AL,4395,3848
2706505,Passo de Camaragibe,AL,4228,3479
2706604,Paulo Jacinto,AL,2291,1688
2706703,Penedo,AL,19611,15824
2706802,Piaçabuçu,AL,5248,3995
2706901,Pilar,AL,11593,9832
2707008,Pindoba,AL,832,578
2707107,Piranhas,AL,7031,5959
2707206,Poço das Trincheiras,AL,4049,2273
2707305,Porto Calvo,AL,7637,6030
2707404,Porto de Pedras,AL,2823,2088
2707503,Porto Real do Colégio,AL,6497,4822
2707602,Quebrangulo,AL,3681,2481
2707701,Rio Largo,AL,31242,27332
2707800,Roteiro,AL,1985,1612
2707909,Santa Luzia do Norte,AL,2182,1888
2708006,Santana do Ipanema,AL,15081,10881
2708105,Santana do Mundaú,AL,3816,2837
2708204,São Brás,AL,2129,1329
2708303,São José da Laje,AL,6825,5631
2708402,São José da Tapera,AL,9540,7007
2708501,São Luís do Quitunde,AL,9298,7191
2708600,São Miguel dos Campos,AL,16919,14588
2708709,São Miguel dos Milagres,AL,2686,2154
2708808,São Sebastião,AL,10451,8201
2708907,Satuba,AL,7880,7209
2708956,Senador Rui Palmeira,AL,3673,2210
2709004,Tanque d'Arca,AL,2066,1458
2709103,Taquarana,AL,6494,4759
2709152,Teotônio Vilela,AL,12347,10094
2709202,Traipu,AL,7346,4732
2709301,União dos Palmares,AL,19703,15562
2709400,Viçosa,AL,7886,6009
2800100,Amparo do São Francisco,SE,742,530
2800209,Aquidabã,SE,7413,5226
2800308,Aracaju,SE,218543,198019
2800407,Arauá,SE,3629,2625
2800506,Areia Branca,SE,6149,4835
2800605,Barra dos Coqueiros,SE,14529,13225
2800670,Boquim,SE,8857,6995
2800704,Brejo Grande,SE,2477,1569
2801009,Campo do Brito,SE,6791,5266
2801108,Canhoba,SE,1268,769
2801207,Canindé de São Francisco,SE,8717,7064
2801306,Capela,SE,10804,6969
2801405,Carira,SE,7376,5517
2801504,Carmópolis,SE,4695,3979
2801603,Cedro de São João,SE,1933,1295
2801702,Cristinápolis,SE,5743,3860
2801900,Cumbe,SE,1372,897
2802007,Divina Pastora,SE,1453,1166
2802106,Estância,SE,23228,17320
2802205,Feira Nova,SE,2119,1495
2802304,Frei Paulo,SE,5069,4009
2802403,Gararu,SE,3949,2862
2802502,General Maynard,SE,1108,849
2802601,Graccho Cardoso,SE,2117,1202
2802700,Ilha das Flores,SE,2769,1818
2802809,Indiaroba,SE,5261,3415
2802908,Itabaiana,SE,37879,30904
2803005,Itabaianinha,SE,13334,9297
2803104,Itabi,SE,1835,1106
2803203,Itaporanga d'Ajuda,SE,12184,9200
2803302,Japaratuba,SE,5685,4246
2803401,Japoatã,SE,4580,3278
2803500,Lagarto,SE,36741,30259
2803609,Laranjeiras,SE,7835,6489
2803708,Macambira,SE,2491,1700
2803807,Malhada dos Bois,SE,1195,888
2803906,Malhador,SE,4180,3099
2804003,Maruim,SE,5247,4157
2804102,Moita Bonita,SE,4200,3052
2804201,Monte Alegre de Sergipe,SE,4826,3778
2804300,Muribeca,SE,2773,2109
2804409,Neópolis,SE,5731,4384
2804458,Nossa Senhora Aparecida,SE,3380,2748
2804508,Nossa Senhora da Glória,SE,14253,10955
2804607,Nossa Senhora das Dores,SE,9128,6298
2804706,Nossa Senhora de Lourdes,SE,2243,1673
2804805,Nossa Senhora do Socorro,SE,67055,58426
2804904,Pacatuba,SE,4192,2561
2805000,Pedra Mole,SE,957,757
2805109,Pedrinhas,SE,2682,1879
2805208,Pinhão,SE,2026,1513
2805307,Pirambu,SE,2630,2128
2805406,Poço Redondo,SE,10743,8105
2805505,Poço Verde,SE,8205,5822
2805604,Porto da Folha,SE,9173,6595
2805703,Propriá,SE,9187,7606
2805802,Riachão do Dantas,SE,6273,3964
2805901,Riachuelo,SE,2808,2019
2806008,Ribeirópolis,SE,6531,5150
2806107,Rosário do Catete,SE,3153,2635
2806206,Salgado,SE,7342,5572
2806305,Santa Luzia do Itanhy,SE,4507,2905
2806404,Santana do São Francisco,SE,2366,1933
2806503,Santa Rosa de Lima,SE,1365,851
2806602,Santo Amaro das Brotas,SE,3798,2696
2806701,São Cristóvão,SE,33278,28845
2806800,São Domingos,SE,3850,2800
2806909,São Francisco,SE,1142,873
2807006,São Miguel do Aleixo,SE,1278,821
2807105,Simão Dias,SE,15545,12428
2807204,Siriri,SE,2710,1885
2807303,Telha,SE,1117,840
2807402,Tobias Barreto,SE,18566,13806
2807501,Tomar do Geru,SE,4369,2448
2807600,Umbaúba,SE,8290,6453
2900108,Abaíra,BA,2725,2327
2900207,Abaré,BA,5548,3959
2900306,Acajutiba,BA,4763,3558
2900355,Adustina,BA,5206,3966
2900405,Água Fria,BA,5456,3952
2900504,Érico Cardoso,BA,3111,2588
2900603,Aiquara,BA,1508,1070
2900702,Alagoinhas,BA,55512,46745
2900801,Alcobaça,BA,8517,6152
2900900,Almadina,BA,2050,1493
2901007,Amargosa,BA,13435,10284
2901106,Amélia Rodrigues,BA,8601,6987
2901155,América Dourada,BA,5138,3632
2901205,Anagé,BA,8857,7229
2901304,Andaraí,BA,4457,3098
2901353,Andorinha,BA,5958,4234
2901403,Angical,BA,4547,3270
2901502,Anguera,BA,3152,2338
2901601,Antas,BA,4491,3198
2901700,Antônio Cardoso,BA,3433,2391
2901809,Antônio Gonçalves,BA,3548,2733
2901908,Aporá,BA,5648,4160
2901957,Apuarema,BA,2494,1842
2902005,Aracatu,BA,4608,3277
2902054,Araçás,BA,4120,2981
2902104,Araci,BA,16894,12784
2902203,Aramari,BA,3495,2770
2902252,Arataca,BA,3473,2302
2902302,Aratuípe,BA,3120,2092
2902401,Aurelino Leal,BA,3947,2562
2902500,Baianópolis,BA,4413,3210
2902609,Baixa Grande,BA,6483,4372
2902658,Banzaê,BA,3938,2734
2902708,Barra,BA,15464,9094
2902807,Barra da Estiva,BA,8628,7228
2902906,Barra do Choça,BA,12278,9977
2903003,Barra do Mendes,BA,5046,3913
2903102,Barra do Rocha,BA,2142,1420
2903201,Barreiras,BA,54291,47904
2903235,Barro Alto,BA,4748,3797
2903276,Barrocas,BA,5208,4213
2903300,Barro Preto,BA,2242,1490
2903409,Belmonte,BA,7249,5348
2903508,Belo Campo,BA,6365,5014
2903607,Biritinga,BA,5363,4021
2903706,Boa Nova,BA,4736,3601
2903805,Boa Vista do Tupim,BA,5924,3708
2903904,Bom Jesus da Lapa,BA,20935,16964
2903953,Bom Jesus da Serra,BA,3170,2177
2904001,Boninal,BA,4336,3722
2904050,Bonito,BA,5407,4238
2904100,Boquira,BA,6451,4409
2904209,Botuporã,BA,3640,2749
2904308,Brejões,BA,4734,3434
2904407,Brejolândia,BA,3194,2434
2904506,Brotas de Macaúbas,BA,4254,2992
2904605,Brumado,BA,24541,20569
2904704,Buerarema,BA,5723,4115
2904753,Buritirama,BA,5887,3772
2904803,Caatiba,BA,2174,1645
2904852,Cabaceiras do Paraguaçu,BA,5195,3883
2904902,Cachoeira,BA,10720,8675
2905008,Caculé,BA,7809,6528
2905107,Caém,BA,3570,2639
2905156,Caetanos,BA,3674,2887
2905206,Caetité,BA,17670,14492
2905305,Cafarnaum,BA,5814,3877
2905404,Cairu,BA,6535,5338
2905503,Caldeirão Grande,BA,4293,2890
2905602,Camacan,BA,8260,6315
2905701,Camaçari,BA,109934,98965
2905800,Camamu,BA,10423,7468
2905909,Campo Alegre de Lourdes,BA,10084,6856
2906006,Campo Formoso,BA,24290,19158
2906105,Canápolis,BA,3311,2471
2906204,Canarana,BA,8298,6435
2906303,Canavieiras,BA,11908,7771
2906402,Candeal,BA,2775,2058
2906501,Candeias,BA,26429,21163
2906600,Candiba,BA,4480,3439
2906709,Cândido Sales,BA,8892,7264
2906808,Cansanção,BA,12735,9995
2906824,Canudos,BA,5445,3888
2906857,Capela do Alto Alegre,BA,4311,3327
2906873,Capim Grosso,BA,12288,9808
2906899,Caraíbas,BA,3445,2578
2906907,Caravelas,BA,7217,5002
2907004,Cardeal da Silva,BA,2824,2229
2907103,Carinhanha,BA,9313,6570
2907202,Casa Nova,BA,23416,17254
2907301,Castro Alves,BA,8698,6870
2907400,Catolândia,BA,1120,618
2907509,Catu,BA,18311,14683
2907558,Caturama,BA,3015,2215
2907608,Central,BA,5722,3865
2907707,Chorrochó,BA,3217,2346
2907806,Cícero Dantas,BA,11674,8043
2907905,Cipó,BA,5715,4649
2908002,Coaraci,BA,6663,4799
2908101,Cocos,BA,6302,4732
2908200,Conceição da Feira,BA,6928,5608
2908309,Conceição do Almeida,BA,5750,4725
2908408,Conceição do Coité,BA,24329,20601
2908507,Conceição do Jacuípe,BA,12813,10689
2908606,Conde,BA,7695,5664
2908705,Condeúba,BA,5876,4587
2908804,Contendas do Sincorá,BA,1518,1242
2908903,Coração de Maria,BA,8911,7167
2909000,Cordeiros,BA,2639,2083
2909109,Coribe,BA,5002,3622
2909208,Coronel João Sá,BA,6028,3884
2909307,Correntina,BA,11285,8054
2909406,Cotegipe,BA,4421,2746
2909505,Cravolândia,BA,1619,1144
2909604,Crisópolis,BA,7270,5198
2909703,Cristópolis,BA,4679,3265
2909802,Cruz das Almas,BA,21709,18649
2909901,Curaçá,BA,11237,8612
2910008,Dário Meira,BA,3793,2427
2910057,Dias d'Ávila,BA,25862,22870
2910107,Dom Basílio,BA,3784,3115
2910206,Dom Macedo Costa,BA,1638,1289
2910305,Elísio Medrado,BA,2974,2117
2910404,Encruzilhada,BA,6761,4792
2910503,Entre Rios,BA,13688,10847
2910602,Esplanada,BA,10823,8654
2910701,Euclides da Cunha,BA,21735,15727
2910727,Eunápolis,BA,41331,36521
2910750,Fátima,BA,6802,4927
2910776,Feira da Mata,BA,1974,1507
2910800,Feira de Santana,BA,221463,197101
2910859,Filadélfia,BA,6077,3766
2910909,Firmino Alves,BA,1802,1324
2911006,Floresta Azul,BA,3863,2773
2911105,Formosa do Rio Preto,BA,8144,5991
2911204,Gandu,BA,11890,8905
2911253,Gavião,BA,1660,1218
2911303,Gentio do Ouro,BA,3652,2907
2911402,Glória,BA,5416,4121
2911501,Gongogi,BA,1981,1287
2911600,Governador Mangabeira,BA,7012,5396
2911659,Guajeru,BA,2768,2334
2911709,Guanambi,BA,30382,25974
2911808,Guaratinga,BA,7250,5384
2911857,Heliópolis,BA,4481,2946
2911907,Iaçu,BA,9014,6605
2912004,Ibiassucê,BA,3533,2934
2912103,Ibicaraí,BA,8339,6088
2912202,Ibicoara,BA,6817,6102
2912301,Ibicuí,BA,5309,4028
2912400,Ibipeba,BA,5818,3994
2912509,Ibipitanga,BA,4755,3778
2912608,Ibiquera,BA,1287,776
2912707,Ibirapitanga,BA,8376,5589
2912806,Ibirapuã,BA,3219,2343
2912905,Ibirataia,BA,6899,4974
2913002,Ibitiara,BA,5080,3773
2913101,Ibititá,BA,6007,4272
2913200,Ibotirama,BA,9139,7008
2913309,Ichu,BA,2167,1891
2913408,Igaporã,BA,4887,3888
2913457,Igrapiúna,BA,4486,2762
2913507,Iguaí,BA,7941,5267
2913606,Ilhéus,BA,66556,55857
2913705,Inhambupe,BA,12137,9500
2913804,Ipecaetá,BA,4107,2103
2913903,Ipiaú,BA,14831,11758
2914000,Ipirá,BA,21207,15262
2914109,Ipupiara,BA,3551,2590
2914208,Irajuba,BA,2196,1667
2914307,Iramaia,BA,3688,2753
2914406,Iraquara,BA,8140,6285
2914505,Irará,BA,9940,7834
2914604,Irecê,BA,25997,22071
2914653,Itabela,BA,9616,7696
2914703,Itaberaba,BA,23536,18038
2914802,Itabuna,BA,71917,60905
2914901,Itacaré,BA,9913,7666
2915007,Itaeté,BA,4530,3502
2915106,Itagi,BA,4653,2627
2915205,Itagibá,BA,5437,4298
2915304,Itagimirim,BA,2346,1880
2915353,Itaguaçu da Bahia,BA,4095,2863
2915403,Itaju do Colônia,BA,2108,1488
2915502,Itajuípe,BA,6998,5017
2915601,Itamaraju,BA,21753,17355
2915700,Itamari,BA,2556,1763
2915809,Itambé,BA,8067,6101
2915908,Itanagra,BA,2070,1445
2916005,Itanhém,BA,6804,5296
2916104,Itaparica,BA,7401,5694
2916203,Itapé,BA,3716,2561
2916302,Itapebi,BA,3307,2488
2916401,Itapetinga,BA,24050,20453
2916500,Itapicuru,BA,11336,7054
2916609,Itapitanga,BA,3032,2233
2916708,Itaquara,BA,2776,1802
2916807,Itarantim,BA,6282,4593
2916856,Itatim,BA,5545,4188
2916906,Itiruçu,BA,3976,3042
2917003,Itiúba,BA,12061,8278
2917102,Itororó,BA,6194,4874
2917201,Ituaçu,BA,6192,5128
2917300,Ituberá,BA,8048,6175
2917334,Iuiu,BA,3506,2264
2917359,Jaborandi,BA,3262,2377
2917409,Jacaraci,BA,4565,3716
2917508,Jacobina,BA,30921,25458
2917607,Jaguaquara,BA,15904,12433
2917706,Jaguarari,BA,11862,8483
2917805,Jaguaripe,BA,6353,4707
2917904,Jandaíra,BA,3103,2387
2918001,Jequié,BA,57830,47665
2918100,Jeremoabo,BA,13581,9950
2918209,Jiquiriçá,BA,4815,3766
2918308,Jitaúna,BA,5118,3634
2918357,João Dourado,BA,8235,6504
2918407,Juazeiro,BA,78829,68736
2918456,Jucuruçu,BA,3499,2679
2918506,Jussara,BA,5561,3714
2918555,Jussari,BA,2080,1366
2918605,Jussiape,BA,2533,2189
2918704,Lafaiete Coutinho,BA,1602,1263
2918753,Lagoa Real,BA,4372,3534
2918803,Laje,BA,7519,5703
2918902,Lajedão,BA,1489,1132
2919009,Lajedinho,BA,1277,944
2919058,Lajedo do Tabocal,BA,2735,1980
2919108,Lamarão,BA,3131,2150
2919157,Lapão,BA,8704,6191
2919207,Lauro de Freitas,BA,75297,68932
2919306,Lençóis,BA,3913,3072
2919405,Licínio de Almeida,BA,4014,3302
2919504,Livramento de Nossa Senhora,BA,14711,12169
2919553,Luís Eduardo Magalhães,BA,36303,34051
2919603,Macajuba,BA,3883,2508
2919702,Macarani,BA,7237,4971
2919801,Macaúbas,BA,14092,10705
2919900,Macururé,BA,2437,1626
2919926,Madre de Deus,BA,6740,5938
2919959,Maetinga,BA,2438,1725
2920007,Maiquinique,BA,3174,2381
2920106,Mairi,BA,6376,4633
2920205,Malhada,BA,4808,3096
2920304,Malhada de Pedras,BA,2989,2437
2920403,Manoel Vitorino,BA,4824,3933
2920452,Mansidão,BA,3567,2356
2920502,Maracás,BA,9988,7843
2920601,Maragogipe,BA,12959,9281
2920700,Maraú,BA,8582,6747
2920809,Marcionílio Souza,BA,3241,2225
2920908,Mascote,BA,4801,3526
2921005,Mata de São João,BA,15328,12492
2921054,Matina,BA,3231,2477
2921104,Medeiros Neto,BA,8478,6791
2921203,Miguel Calmon,BA,9293,6295
2921302,Milagres,BA,3989,2892
2921401,Mirangaba,BA,5573,3539
2921450,Mirante,BA,3450,2651
2921500,Monte Santo,BA,16918,11376
2921609,Morpará,BA,2762,1926
2921708,Morro do Chapéu,BA,11897,8928
2921807,Mortugaba,BA,3845,2955
2921906,Mucugê,BA,4226,3461
2922003,Mucuri,BA,13392,10806
2922052,Mulungu do Morro,BA,4503,3102
2922102,Mundo Novo,BA,6440,4155
2922201,Muniz Ferreira,BA,2772,2168
2922250,Muquém do São Francisco,BA,3367,2471
2922300,Muritiba,BA,9996,8050
2922409,Mutuípe,BA,7460,5644
2922508,Nazaré,BA,9971,7873
2922607,Nilo Peçanha,BA,4288,3075
2922656,Nordestina,BA,5711,3538
2922706,Nova Canaã,BA,4994,3696
2922730,Nova Fátima,BA,3052,2445
2922755,Nova Ibiá,BA,2402,1668
2922805,Nova Itarana,BA,2656,2039
2922854,Nova Redenção,BA,2640,1825
2922904,Nova Soure,BA,8676,5542
2923001,Nova Viçosa,BA,13663,10452
2923035,Novo Horizonte,BA,3793,3290
2923050,Novo Triunfo,BA,3257,2047
2923100,Olindina,BA,8342,5981
2923209,Oliveira dos Brejinhos,BA,7540,5557
2923308,Ouriçangas,BA,2787,1818
2923357,Ourolândia,BA,6088,4135
2923407,Palmas de Monte Alto,BA,6782,4606
2923506,Palmeiras,BA,3587,3053
2923605,Paramirim,BA,6757,5370
2923704,Paratinga,BA,9010,7089
2923803,Paripiranga,BA,9667,6791
2923902,Pau Brasil,BA,3298,2310
2924009,Paulo Afonso,BA,38803,33193
2924058,Pé de Serra,BA,4877,3869
2924108,Pedrão,BA,2109,1477
2924207,Pedro Alexandre,BA,4720,2567
2924306,Piatã,BA,6539,5476
2924405,Pilão Arcado,BA,10739,6611
2924504,Pindaí,BA,5019,3934
2924603,Pindobaçu,BA,6750,5100
2924652,Pintadas,BA,3573,2687
2924678,Piraí do Norte,BA,3229,2103
2924702,Piripá,BA,3256,2590
2924801,Piritiba,BA,6596,4649
2924900,Planaltino,BA,2922,1941
2925006,Planalto,BA,8322,6496
2925105,Poções,BA,16857,12905
2925204,Pojuca,BA,11842,9650
2925253,Ponto Novo,BA,6292,4257
2925303,Porto Seguro,BA,60282,53035
2925402,Potiraguá,BA,3343,2686
2925501,Prado,BA,11443,8920
2925600,Presidente Dutra,BA,5402,3812
2925709,Presidente Jânio Quadros,BA,4431,3311
2925758,Presidente Tancredo Neves,BA,9561,6849
2925808,Queimadas,BA,9042,6317
2925907,Quijingue,BA,8782,6296
2925931,Quixabeira,BA,3614,2630
2925956,Rafael Jambeiro,BA,6637,4306
2926004,Remanso,BA,13319,9318
2926103,Retirolândia,BA,4963,3989
2926202,Riachão das Neves,BA,7161,5125
2926301,Riachão do Jacuípe,BA,12510,9766
2926400,Riacho de Santana,BA,10115,7673
2926509,Ribeira do Amparo,BA,4817,3901
2926608,Ribeira do Pombal,BA,19291,15190
2926657,Ribeirão do Largo,BA,3318,2275
2926707,Rio de Contas,BA,4560,3822
2926806,Rio do Antônio,BA,4603,3470
2926905,Rio do Pires,BA,3499,2868
2927002,Rio Real,BA,12656,9330
2927101,Rodelas,BA,3193,2557
2927200,Ruy Barbosa,BA,10158,7069
2927309,Salinas da Margarida,BA,5328,4404
2927408,Salvador,BA,958731,846760
2927507,Santa Bárbara,BA,7263,5279
2927606,Santa Brígida,BA,5251,3423
2927705,Santa Cruz Cabrália,BA,10405,8531
2927804,Santa Cruz da Vitória,BA,1688,1358
2927903,Santa Inês,BA,3600,2629
2928000,Santaluz,BA,13467,10749
2928059,Santa Luzia,BA,4723,2799
2928109,Santa Maria da Vitória,BA,13242,9989
2928208,Santana,BA,8382,5809
2928307,Santanópolis,BA,3033,2197
2928406,Santa Rita de Cássia,BA,9141,6439
2928505,Santa Terezinha,BA,4014,2776
2928604,Santo Amaro,BA,20693,16445
2928703,Santo Antônio de Jesus,BA,38247,33336
2928802,Santo Estêvão,BA,17404,14016
2928901,São Desidério,BA,10460,7808
2928950,São Domingos,BA,3321,2768
2929008,São Félix,BA,3926,3170
2929057,São Félix do Coribe,BA,5272,4463
2929107,São Felipe,BA,7332,5224
2929206,São Francisco do Conde,BA,14011,11899
2929255,São Gabriel,BA,6398,4440
2929305,São Gonçalo dos Campos,BA,13394,11114
2929354,São José da Vitória,BA,2060,1420
2929370,São José do Jacuípe,BA,3814,2908
2929404,São Miguel das Matas,BA,3817,2669
2929503,São Sebastião do Passé,BA,15128,11774
2929602,Sapeaçu,BA,6356,4928
2929701,Sátiro Dias,BA,5680,4426
2929750,Saubara,BA,4433,3232
2929800,Saúde,BA,3961,2699
2929909,Seabra,BA,15885,12324
2930006,Sebastião Laranjeiras,BA,3181,2605
2930105,Senhor do Bonfim,BA,26900,21647
2930154,Serra do Ramalho,BA,11323,8911
2930204,Sento Sé,BA,11727,8599
2930303,Serra Dourada,BA,5896,4479
2930402,Serra Preta,BA,5832,4465
2930501,Serrinha,BA,28892,23820
2930600,Serrolândia,BA,5186,3858
2930709,Simões Filho,BA,42111,36154
2930758,Sítio do Mato,BA,3997,2959
2930766,Sítio do Quinto,BA,5120,3394
2930774,Sobradinho,BA,8348,6799
2930808,Souto Soares,BA,5708,4101
2930907,Tabocas do Brejo Velho,BA,3923,2786
2931004,Tanhaçu,BA,7312,5940
2931053,Tanque Novo,BA,5503,3552
2931103,Tanquinho,BA,2596,1865
2931202,Taperoá,BA,6323,4533
2931301,Tapiramutá,BA,5101,3555
2931350,Teixeira de Freitas,BA,52473,44180
2931400,Teodoro Sampaio,BA,2608,1960
2931509,Teofilândia,BA,7363,5475
2931608,Teolândia,BA,4733,3286
2931707,Terra Nova,BA,3793,2834
2931806,Tremedal,BA,5886,4199
2931905,Tucano,BA,17375,12874
2932002,Uauá,BA,8759,6828
2932101,Ubaíra,BA,6847,4836
2932200,Ubaitaba,BA,6495,4781
2932309,Ubatã,BA,5867,4618
2932408,Uibaí,BA,4876,3596
2932457,Umburanas,BA,4483,3338
2932507,Una,BA,6937,4498
2932606,Urandi,BA,5136,4011
2932705,Uruçuca,BA,7850,5866
2932804,Utinga,BA,5918,3850
2932903,Valença,BA,32299,25059
2933000,Valente,BA,9062,7496
2933059,Várzea da Roça,BA,5031,3626
2933109,Várzea do Poço,BA,3221,2330
2933158,Várzea Nova,BA,4862,3590
2933174,Varzedo,BA,3620,2277
2933208,Vera Cruz,BA,16546,12858
2933257,Vereda,BA,2254,1862
2933307,Vitória da Conquista,BA,129080,115073
2933406,Wagner,BA,3281,2304
2933455,Wanderley,BA,4249,3114
2933505,Wenceslau Guimarães,BA,8316,5374
2933604,Xique-Xique,BA,13526,9429
3100104,Abadia dos Dourados,MG,2577,1831
3100203,Abaeté,MG,8994,7034
3100302,Abre Campo,MG,4896,3946
3100401,Acaiaca,MG,1507,1059
3100500,Açucena,MG,3287,2480
3100609,Água Boa,MG,4467,2877
3100708,Água Comprida,MG,822,722
3100807,Aguanil,MG,1622,1312
3100906,Águas Formosas,MG,6598,4841
3101003,Águas Vermelhas,MG,4182,3107
3101102,Aimorés,MG,9544,8210
3101201,Aiuruoca,MG,2483,1998
3101300,Alagoa,MG,1024,731
3101409,Albertina,MG,1036,825
3101508,Além Paraíba,MG,11705,10112
3101607,Alfenas,MG,29149,25859
3101631,Alfredo Vasconcelos,MG,2464,2161
3101706,Almenara,MG,14464,10609
3101805,Alpercata,MG,2753,2276
3101904,Alpinópolis,MG,6595,5684
3102001,Alterosa,MG,5281,4164
3102050,Alto Caparaó,MG,2175,1862
3102100,Alto Rio Doce,MG,3990,2688
3102209,Alvarenga,MG,1542,1239
3102308,Alvinópolis,MG,5592,4320
3102407,Alvorada de Minas,MG,1367,923
3102506,Amparo do Serra,MG,1576,1182
3102605,Andradas,MG,15148,13133
3102704,Cachoeira de Pajeú,MG,2922,1887
3102803,Andrelândia,MG,4523,3376
3102852,Angelândia,MG,2609,2167
3102902,Antônio Carlos,MG,4073,3031
3103009,Antônio Dias,MG,3218,2404
3103108,Antônio Prado de Minas,MG,599,466
3103207,Araçaí,MG,825,593
3103306,Aracitaba,MG,853,640
3103405,Araçuaí,MG,12191,8994
3103504,Araguari,MG,44090,38803
3103603,Arantina,MG,1112,952
3103702,Araponga,MG,2861,1971
3103751,Araporã,MG,2879,2613
3103801,Arapuá,MG,1045,850
3103900,Araújos,MG,3355,2793
3104007,Araxá,MG,40296,37170
3104106,Arceburgo,MG,3364,2948
3104205,Arcos,MG,15070,13318
3104304,Areado,MG,5100,4172
3104403,Argirita,MG,1011,779
3104452,Aricanduva,MG,1675,1132
3104502,Arinos,MG,6153,4834
3104601,Astolfo Dutra,MG,5174,4447
3104700,Ataléia,MG,4952,3462
3104809,Augusto de Lima,MG,1707,1311
3104908,Baependi,MG,6789,5302
3105004,Baldim,MG,2980,2270
3105103,Bambuí,MG,9596,7968
3105202,Bandeira,MG,1753,1255
3105301,Bandeira do Sul,MG,2230,1880
3105400,Barão de Cocais,MG,10625,9033
3105509,Barão do Monte Alto,MG,1897,1534
3105608,Barbacena,MG,46652,39723
3105707,Barra Longa,MG,2016,1479
3105905,Barroso,MG,7291,6106
3106002,Bela Vista de Minas,MG,3592,2934
3106101,Belmiro Braga,MG,1172,978
3106200,Belo Horizonte,MG,889242,815713
3106309,Belo Oriente,MG,8084,7106
3106408,Belo Vale,MG,3246,2312
3106507,Berilo,MG,3572,2579
3106606,Bertópolis,MG,1503,860
3106655,Berizal,MG,1394,993
3106705,Betim,MG,146850,132708
3106804,Bias Fortes,MG,1275,721
3106903,Bicas,MG,5461,4647
3107000,Biquinhas,MG,1027,807
3107109,Boa Esperança,MG,13798,11584
3107208,Bocaina de Minas,MG,2211,1880
3107307,Bocaiúva,MG,16828,13240
3107406,Bom Despacho,MG,19156,16859
3107505,Bom Jardim de Minas,MG,2682,2114
3107604,Bom Jesus da Penha,MG,1644,1303
3107703,Bom Jesus do Amparo,MG,1972,1524
3107802,Bom Jesus do Galho,MG,5560,4271
3107901,Bom Repouso,MG,4472,3592
3108008,Bom Sucesso,MG,6371,4920
3108107,Bonfim,MG,3054,2269
3108206,Bonfinópolis de Minas,MG,2096,1654
3108255,Bonito de Minas,MG,3043,1462
3108305,Borda da Mata,MG,6665,5649
3108404,Botelhos,MG,5605,4415
3108503,Botumirim,MG,2084,1328
3108552,Brasilândia de Minas,MG,5256,4468
3108602,Brasília de Minas,MG,10749,8005
3108701,Brás Pires,MG,1636,1170
3108800,Braúnas,MG,1605,1222
3108909,Brazópolis,MG,5446,4616
3109006,Brumadinho,MG,13842,12144
3109105,Bueno Brandão,MG,4201,3581
3109204,Buenópolis,MG,3412,2782
3109253,Bugre,MG,1439,1314
3109303,Buritis,MG,8738,6884
3109402,Buritizeiro,MG,8163,6686
3109451,Cabeceira Grande,MG,2602,2197
3109501,Cabo Verde,MG,4201,3272
3109600,Cachoeira da Prata,MG,1378,1162
3109709,Cachoeira de Minas,MG,4365,3550
3109808,Cachoeira Dourada,MG,867,726
3109907,Caetanópolis,MG,4215,3501
3110004,Caeté,MG,13574,11284
3110103,Caiana,MG,1981,1575
3110202,Cajuri,MG,1433,1124
3110301,Caldas,MG,5721,4655
3110400,Camacho,MG,1051,760
3110509,Camanducaia,MG,9664,8225
3110608,Cambuí,MG,11325,10094
3110707,Cambuquira,MG,4593,3804
3110806,Campanário,MG,1087,804
3110905,Campanha,MG,5705,4786
3111002,Campestre,MG,7842,5856
3111101,Campina Verde,MG,7308,5873
3111150,Campo Azul,MG,1267,845
3111200,Campo Belo,MG,19818,16674
3111309,Campo do Meio,MG,4071,3262
3111408,Campo Florido,MG,3026,2673
3111507,Campos Altos,MG,4680,3935
3111606,Campos Gerais,MG,9478,7485
3111705,Canaã,MG,1705,1277
3111804,Canápolis,MG,4036,3464
3111903,Cana Verde,MG,1941,1510
3112000,Candeias,MG,5419,4178
3112059,Cantagalo,MG,1387,1021
3112109,Caparaó,MG,1852,1458
3112208,Capela Nova,MG,1669,1206
3112307,Capelinha,MG,14152,11641
3112406,Capetinga,MG,2384,1918
3112505,Capim Branco,MG,3596,2912
3112604,Capinópolis,MG,5582,4674
3112653,Capitão Andrade,MG,1792,1493
3112703,Capitão Enéas,MG,4569,3413
3112802,Capitólio,MG,3885,3592
3112901,Caputira,MG,3090,2608
3113008,Caraí,MG,6864,4299
3113107,Caranaíba,MG,1047,815
3113206,Carandaí,MG,8203,7002
3113305,Carangola,MG,12172,9647
3113404,Caratinga,MG,32662,29134
3113503,Carbonita,MG,3419,2691
3113602,Careaçu,MG,2435,2031
3113701,Carlos Chagas,MG,7126,5583
3113800,Carmésia,MG,910,704
3113909,Carmo da Cachoeira,MG,3944,3160
3114006,Carmo da Mata,MG,4252,3127
3114105,Carmo de Minas,MG,4641,3769
3114204,Carmo do Cajuru,MG,8660,7211
3114303,Carmo do Paranaíba,MG,11026,9242
3114402,Carmo do Rio Claro,MG,7946,6575
3114501,Carmópolis de Minas,MG,6348,5009
3114550,Carneirinho,MG,3744,3308
3114600,Carrancas,MG,1504,1158
3114709,Carvalhópolis,MG,1220,1041
3114808,Carvalhos,MG,1687,1244
3114907,Casa Grande,MG,765,613
3115003,Cascalho Rico,MG,1058,882
3115102,Cássia,MG,6408,5277
3115201,Conceição da Barra de Minas,MG,1324,988
3115300,Cataguases,MG,25387,22052
3115359,Catas Altas,MG,1988,1690
3115409,Catas Altas da Noruega,MG,1092,734
3115458,Catuji,MG,2487,1815
3115474,Catuti,MG,1712,1246
3115508,Caxambu,MG,8122,7122
3115607,Cedro do Abaeté,MG,449,305
3115706,Central de Minas,MG,2502,1860
3115805,Centralina,MG,3745,2915
3115904,Chácara,MG,1204,914
3116001,Chalé,MG,2227,1903
3116100,Chapada do Norte,MG,3475,2411
3116159,Chapada Gaúcha,MG,3895,3173
3116209,Chiador,MG,1038,734
3116308,Cipotânea,MG,2042,1276
3116407,Claraval,MG,1661,1431
3116506,Claro dos Poções,MG,2797,1972
3116605,Cláudio,MG,10798,9228
3116704,Coimbra,MG,2833,2209
3116803,Coluna,MG,2981,2279
3116902,Comendador Gomes,MG,1083,886
3117009,Comercinho,MG,2538,1497
3117108,Conceição da Aparecida,MG,3804,3124
3117207,Conceição das Pedras,MG,1019,834
3117306,Conceição das Alagoas,MG,9886,8520
3117405,Conceição de Ipanema,MG,1681,1390
3117504,Conceição do Mato Dentro,MG,7961,5546
3117603,Conceição do Pará,MG,2067,1753
3117702,Conceição do Rio Verde,MG,4564,3625
3117801,Conceição dos Ouros,MG,3966,3490
3117836,Cônego Marinho,MG,2371,1571
3117876,Confins,MG,2497,2152
3117900,Congonhal,MG,4162,3437
3118007,Congonhas,MG,17996,16169
3118106,Congonhas do Norte,MG,1722,1030
3118205,Conquista,MG,2574,2171
3118304,Conselheiro Lafaiete,MG,47586,42538
3118403,Conselheiro Pena,MG,8000,6898
3118502,Consolação,MG,621,462
3118601,Contagem,MG,228695,205734
3118700,Coqueiral,MG,3240,2654
3118809,Coração de Jesus,MG,9272,7007
3118908,Cordisburgo,MG,2965,2287
3119005,Cordislândia,MG,1147,869
3119104,Corinto,MG,8652,6652
3119203,Coroaci,MG,3299,2625
3119302,Coromandel,MG,11468,9313
3119401,Coronel Fabriciano,MG,38388,34408
3119500,Coronel Murta,MG,2880,1887
3119609,Coronel Pacheco,MG,987,792
3119708,Coronel Xavier Chaves,MG,1262,994
3119807,Córrego Danta,MG,1197,905
3119906,Córrego do Bom Jesus,MG,1689,1384
3119955,Córrego Fundo,MG,2196,1793
3120003,Córrego Novo,MG,1070,758
3120102,Couto de Magalhães de Minas,MG,1481,1155
3120151,Crisólita,MG,1890,1144
3120201,Cristais,MG,4497,3753
3120300,Cristália,MG,1722,1168
3120409,Cristiano Otoni,MG,1621,1333
3120508,Cristina,MG,3672,3046
3120607,Crucilândia,MG,2119,1468
3120706,Cruzeiro da Fortaleza,MG,1245,1004
3120805,Cruzília,MG,5765,4676
3120839,Cuparaque,MG,1608,1406
3120870,Curral de Dentro,MG,2442,1700
3120904,Curvelo,MG,29784,25099
3121001,Datas,MG,1818,1303
3121100,Delfim Moreira,MG,2980,2283
3121209,Delfinópolis,MG,2988,2450
3121258,Delta,MG,3532,3078
3121308,Descoberto,MG,1821,1416
3121407,Desterro de Entre Rios,MG,2998,1936
3121506,Desterro do Melo,MG,1149,629
3121605,Diamantina,MG,16824,14139
3121704,Diogo de Vasconcelos,MG,1396,952
3121803,Dionísio,MG,2591,1920
3121902,Divinésia,MG,1582,1325
3122009,Divino,MG,7696,6059
3122108,Divino das Laranjeiras,MG,1648,1288
3122207,Divinolândia de Minas,MG,2305,1786
3122306,Divinópolis,MG,87052,76684
3122355,Divisa Alegre,MG,2175,1845
3122405,Divisa Nova,MG,2086,1666
3122454,Divisópolis,MG,3160,2240
3122470,Dom Bosco,MG,1406,1053
3122504,Dom Cavati,MG,1900,1627
3122603,Dom Joaquim,MG,1728,1172
3122702,Dom Silvério,MG,1974,1491
3122801,Dom Viçoso,MG,1174,949
3122900,Dona Euzébia,MG,2162,1839
3123007,Dores de Campos,MG,3675,3002
3123106,Dores de Guanhães,MG,1744,1301
3123205,Dores do Indaiá,MG,5245,4151
3123304,Dores do Turvo,MG,1890,1432
3123403,Doresópolis,MG,577,451
3123502,Douradoquara,MG,719,542
3123528,Durandé,MG,2735,2350
3123601,Elói Mendes,MG,9412,7485
3123700,Engenheiro Caldas,MG,4718,4244
3123809,Engenheiro Navarro,MG,2294,1726
3123858,Entre Folhas,MG,1932,1552
3123908,Entre Rios de Minas,MG,5464,4607
3124005,Ervália,MG,7668,6206
3124104,Esmeraldas,MG,30192,25923
3124203,Espera Feliz,MG,9320,7517
3124302,Espinosa,MG,10382,7790
3124401,Espírito Santo do Dourado,MG,2143,1754
3124500,Estiva,MG,4199,3392
3124609,Estrela Dalva,MG,862,658
3124708,Estrela do Indaiá,MG,1177,824
3124807,Estrela do Sul,MG,2660,2264
3124906,Eugenópolis,MG,4245,3655
3125002,Ewbank da Câmara,MG,1362,1171
3125101,Extrema,MG,18336,16678
3125200,Fama,MG,1003,795
3125309,Faria Lemos,MG,1188,950
3125408,Felício dos Santos,MG,1904,1303
3125507,São Gonçalo do Rio Preto,MG,1150,874
3125606,Felisburgo,MG,2332,1712
3125705,Felixlândia,MG,5373,4292
3125804,Fernandes Tourinho,MG,1114,914
3125903,Ferros,MG,3647,2228
3125952,Fervedouro,MG,3794,2673
3126000,Florestal,MG,3017,2593
3126109,Formiga,MG,26172,22848
3126208,Formoso,MG,2741,2017
3126307,Fortaleza de Minas,MG,1391,1034
3126406,Fortuna de Minas,MG,1124,899
3126505,Francisco Badaró,MG,2827,1922
3126604,Francisco Dumont,MG,1691,1239
3126703,Francisco Sá,MG,7980,5108
3126752,Franciscópolis,MG,1811,1336
3126802,Frei Gaspar,MG,2011,1447
3126901,Frei Inocêncio,MG,3017,2524
3126950,Frei Lagonegro,MG,1190,914
3127008,Fronteira,MG,5461,4549
3127057,Fronteira dos Vales,MG,1519,978
3127073,Fruta de Leite,MG,1614,792
3127107,Frutal,MG,23338,19888
3127206,Funilândia,MG,1708,1414
3127305,Galiléia,MG,2305,1861
3127339,Gameleiras,MG,1746,1082
3127354,Glaucilândia,MG,1081,851
3127370,Goiabeira,MG,1141,929
3127388,Goianá,MG,1563,1309
3127404,Gonçalves,MG,1824,1539
3127503,Gonzaga,MG,1798,1465
3127602,Gouveia,MG,3996,3077
3127701,Governador Valadares,MG,97785,88232
3127800,Grão Mogol,MG,4793,3275
3127909,Grupiara,MG,563,482
3128006,Guanhães,MG,11924,10031
3128105,Guapé,MG,5178,4261
3128204,Guaraciaba,MG,3522,2252
3128253,Guaraciama,MG,1858,1388
3128303,Guaranésia,MG,6869,6135
3128402,Guarani,MG,2869,2272
3128501,Guarará,MG,1150,950
3128600,Guarda-Mor,MG,2407,2055
3128709,Guaxupé,MG,19121,16853
3128808,Guidoval,MG,2765,2265
3128907,Guimarânia,MG,2922,2434
3129004,Guiricema,MG,3039,2188
3129103,Gurinhatã,MG,2140,1424
3129202,Heliodora,MG,2321,1819
3129301,Iapu,MG,4056,3209
3129400,Ibertioga,MG,1930,1333
3129509,Ibiá,MG,8378,6975
3129608,Ibiaí,MG,2208,1541
3129657,Ibiracatu,MG,1774,1252
3129707,Ibiraci,MG,3811,3336
3129806,Ibirité,MG,58769,51827
3129905,Ibitiúra de Minas,MG,1323,1078
3130002,Ibituruna,MG,967,728
3130051,Icaraí de Minas,MG,3278,2315
3130101,Igarapé,MG,15900,14026
3130200,Igaratinga,MG,3833,3243
3130309,Iguatama,MG,2707,2313
3130408,Ijaci,MG,2363,2023
3130507,Ilicínea,MG,4613,3821
3130556,Imbé de Minas,MG,2540,2149
3130606,Inconfidentes,MG,2763,2229
3130655,Indaiabira,MG,2160,1383
3130705,Indianópolis,MG,2264,1997
3130804,Ingaí,MG,936,774
3130903,Inhapim,MG,8623,6994
3131000,Inhaúma,MG,2232,1823
3131109,Inimutaba,MG,2767,2029
3131158,Ipaba,MG,5750,5065
3131208,Ipanema,MG,7564,6384
3131307,Ipatinga,MG,85696,78901
3131406,Ipiaçu,MG,1534,1284
3131505,Ipuiúna,MG,3345,2641
3131604,Iraí de Minas,MG,2495,2165
3131703,Itabira,MG,39749,35025
3131802,Itabirinha,MG,3914,3217
3131901,Itabirito,MG,18155,16252
3132008,Itacambira,MG,1457,741
3132107,Itacarambi,MG,5317,3823
3132206,Itaguara,MG,5200,4183
3132305,Itaipé,MG,3486,2358
3132404,Itajubá,MG,33642,30708
3132503,Itamarandiba,MG,11694,8892
3132602,Itamarati de Minas,MG,1385,1091
3132701,Itambacuri,MG,7410,5349
3132800,Itambé do Mato Dentro,MG,828,507
3132909,Itamogi,MG,4045,3344
3133006,Itamonte,MG,5289,4462
3133105,Itanhandu,MG,5497,4963
3133204,Itanhomi,MG,4292,3397
3133303,Itaobim,MG,6886,5134
3133402,Itapagipe,MG,5425,4563
3133501,Itapecerica,MG,7980,6535
3133600,Itapeva,MG,4450,3923
3133709,Itatiaiuçu,MG,4584,3644
3133758,Itaú de Minas,MG,5389,4764
3133808,Itaúna,MG,36785,32282
3133907,Itaverava,MG,1994,1386
3134004,Itinga,MG,4570,2791
3134103,Itueta,MG,2235,1883
3134202,Ituiutaba,MG,39944,33523
3134301,Itumirim,MG,2415,1734
3134400,Iturama,MG,14893,13155
3134509,Itutinga,MG,1631,1316
3134608,Jaboticatubas,MG,7710,5992
3134707,Jacinto,MG,4184,3245
3134806,Jacuí,MG,2816,2217
3134905,Jacutinga,MG,9049,8013
3135001,Jaguaraçu,MG,1119,956
3135050,Jaíba,MG,12119,9120
3135076,Jampruca,MG,1568,1061
3135100,Janaúba,MG,24273,19782
3135209,Januária,MG,21440,14860
3135308,Japaraíba,MG,1542,1290
3135357,Japonvar,MG,2860,1988
3135407,Jeceaba,MG,2262,1557
3135456,Jenipapo de Minas,MG,2083,1476
3135506,Jequeri,MG,4488,2562
3135605,Jequitaí,MG,2463,1821
3135704,Jequitibá,MG,2251,1686
3135803,Jequitinhonha,MG,8310,5778
3135902,Jesuânia,MG,1915,1449
3136009,Joaíma,MG,4674,2938
3136108,Joanésia,MG,1682,1186
3136207,João Monlevade,MG,29325,25847
3136306,João Pinheiro,MG,17075,14839
3136405,Joaquim Felício,MG,1459,1125
3136504,Jordânia,MG,3473,2740
3136520,José Gonçalves de Minas,MG,1384,1137
3136553,José Raydan,MG,1576,1048
3136579,Josenópolis,MG,1234,925
3136603,Nova União,MG,2179,1792
3136652,Juatuba,MG,10653,9082
3136702,Juiz de Fora,MG,212740,190732
3136801,Juramento,MG,1384,991
3136900,Juruaia,MG,4010,3354
3136959,Juvenília,MG,1834,1141
3137007,Ladainha,MG,4705,3058
3137106,Lagamar,MG,2779,2164
3137205,Lagoa da Prata,MG,18696,16365
3137304,Lagoa dos Patos,MG,1208,904
3137403,Lagoa Dourada,MG,4101,3312
3137502,Lagoa Formosa,MG,7049,5734
3137536,Lagoa Grande,MG,3397,2906
3137601,Lagoa Santa,MG,27425,25017
3137700,Lajinha,MG,7636,6584
3137809,Lambari,MG,7583,6685
3137908,Lamim,MG,1192,883
3138005,Laranjal,MG,2292,1788
3138104,Lassance,MG,2550,1980
3138203,Lavras,MG,38938,34655
3138302,Leandro Ferreira,MG,1208,877
3138351,Leme do Prado,MG,1526,1277
3138401,Leopoldina,MG,19155,16081
3138500,Liberdade,MG,1814,1385
3138609,Lima Duarte,MG,6865,5327
3138625,Limeira do Oeste,MG,3320,2983
3138658,Lontra,MG,3025,2277
3138674,Luisburgo,MG,2438,1950
3138682,Luislândia,MG,1979,1111
3138708,Luminárias,MG,2122,1631
3138807,Luz,MG,6765,5758
3138906,Machacalis,MG,2435,1858
3139003,Machado,MG,13109,10846
3139102,Madre de Deus de Minas,MG,1912,1584
3139201,Malacacheta,MG,6427,4489
3139250,Mamonas,MG,2353,1656
3139300,Manga,MG,6113,4124
3139409,Manhuaçu,MG,33271,29962
3139508,Manhumirim,MG,7530,6161
3139607,Mantena,MG,10157,8003
3139706,Maravilhas,MG,2528,2184
3139805,Mar de Espanha,MG,4766,4046
3139904,Maria da Fé,MG,4788,4024
3140001,Mariana,MG,21718,19192
3140100,Marilac,MG,1566,1190
3140159,Mário Campos,MG,5438,4760
3140209,Maripá de Minas,MG,1232,960
3140308,Marliéria,MG,1712,1422
3140407,Marmelópolis,MG,1190,817
3140506,Martinho Campos,MG,5309,4170
3140530,Martins Soares,MG,3001,2406
3140555,Mata Verde,MG,2914,2209
3140605,Materlândia,MG,1415,1113
3140704,Mateus Leme,MG,13828,11762
3140803,Matias Barbosa,MG,5244,4597
3140852,Matias Cardoso,MG,2880,2148
3140902,Matipó,MG,6209,5152
3141009,Mato Verde,MG,4631,3549
3141108,Matozinhos,MG,13316,11515
3141207,Matutina,MG,1577,1378
3141306,Medeiros,MG,1427,1240
3141405,Medina,MG,7214,5005
3141504,Mendes Pimentel,MG,2240,1725
3141603,Mercês,MG,4067,3183
3141702,Mesquita,MG,1833,1488
3141801,Minas Novas,MG,8225,6468
3141900,Minduri,MG,1355,1108
3142007,Mirabela,MG,4529,3039
3142106,Miradouro,MG,3531,2393
3142205,Miraí,MG,4990,4048
3142254,Miravânia,MG,1354,926
3142304,Moeda,MG,1857,1352
3142403,Moema,MG,2828,2403
3142502,Monjolos,MG,828,581
3142601,Monsenhor Paulo,MG,2995,2518
3142700,Montalvânia,MG,4798,3336
3142809,Monte Alegre de Minas,MG,7837,6302
3142908,Monte Azul,MG,7724,5632
3143005,Monte Belo,MG,4893,4161
3143104,Monte Carmelo,MG,18239,15927
3143153,Monte Formoso,MG,1454,855
3143203,Monte Santo de Minas,MG,7975,6695
3143302,Montes Claros,MG,144805,128563
3143401,Monte Sião,MG,9222,7967
3143450,Montezuma,MG,2267,1731
3143500,Morada Nova de Minas,MG,3428,2952
3143609,Morro da Garça,MG,917,655
3143708,Morro do Pilar,MG,1117,514
3143807,Munhoz,MG,2675,2088
3143906,Muriaé,MG,39423,34122
3144003,Mutum,MG,10231,7885
3144102,Muzambinho,MG,8152,7068
3144201,Nacip Raydan,MG,922,746
3144300,Nanuque,MG,13237,10938
3144359,Naque,MG,2180,1891
3144375,Natalândia,MG,1299,989
3144409,Natércia,MG,1814,1518
3144508,Nazareno,MG,2977,2313
3144607,Nepomuceno,MG,8847,6931
3144656,Ninheira,MG,3315,2117
3144672,Nova Belém,MG,1181,732
3144706,Nova Era,MG,6227,5242
3144805,Nova Lima,MG,40056,36935
3144904,Nova Módica,MG,1414,1013
3145000,Nova Ponte,MG,5099,4564
3145059,Nova Porteirinha,MG,2251,1658
3145109,Nova Resende,MG,5937,4939
3145208,Nova Serrana,MG,36988,33853
3145307,Novo Cruzeiro,MG,9079,5895
3145356,Novo Oriente de Minas,MG,3690,2280
3145372,Novorizonte,MG,1618,1051
3145406,Olaria,MG,751,453
3145455,Olhos-d'Água,MG,1940,1560
3145505,Olímpio Noronha,MG,940,702
3145604,Oliveira,MG,14080,11594
3145703,Oliveira Fortes,MG,758,577
3145802,Onça de Pitangui,MG,1119,807
3145851,Oratórios,MG,1659,1311
3145877,Orizânia,MG,3015,2272
3145901,Ouro Branco,MG,13654,12445
3146008,Ouro Fino,MG,12241,9673
3146107,Ouro Preto,MG,26571,22862
3146206,Ouro Verde de Minas,MG,1984,1409
3146255,Padre Carvalho,MG,1637,1224
3146305,Padre Paraíso,MG,5940,4339
3146404,Paineiras,MG,1779,1315
3146503,Pains,MG,3043,2461
3146552,Pai Pedro,MG,1978,1257
3146602,Paiva,MG,581,488
3146701,Palma,MG,2147,1687
3146750,Palmópolis,MG,2362,1548
3146909,Papagaios,MG,4761,4165
3147006,Paracatu,MG,32742,29033
3147105,Pará de Minas,MG,35489,31332
3147204,Paraguaçu,MG,7709,6448
3147303,Paraisópolis,MG,7878,6876
3147402,Paraopeba,MG,8774,6868
3147501,Passabém,MG,610,418
3147600,Passa Quatro,MG,5595,4710
3147709,Passa Tempo,MG,3262,2521
3147808,Passa Vinte,MG,890,695
3147907,Passos,MG,41247,36584
3147956,Patis,MG,1670,1057
3148004,Patos de Minas,MG,61095,55131
3148103,Patrocínio,MG,31735,28389
3148202,Patrocínio do Muriaé,MG,2194,1894
3148301,Paula Cândido,MG,3106,2157
3148400,Paulistas,MG,1523,1098
3148509,Pavão,MG,2723,1870
3148608,Peçanha,MG,5631,3757
3148707,Pedra Azul,MG,7452,5531
3148756,Pedra Bonita,MG,2363,1868
3148806,Pedra do Anta,MG,1264,766
3148905,Pedra do Indaiá,MG,1534,1106
3149002,Pedra Dourada,MG,1004,791
3149101,Pedralva,MG,3883,3326
3149150,Pedras de Maria da Cruz,MG,3487,2556
3149200,Pedrinópolis,MG,1224,1126
3149309,Pedro Leopoldo,MG,22642,19917
3149408,Pedro Teixeira,MG,722,529
3149507,Pequeri,MG,1291,1137
3149606,Pequi,MG,1556,1189
3149705,Perdigão,MG,4463,3930
3149804,Perdizes,MG,5936,5289
3149903,Perdões,MG,7774,6548
3149952,Periquito,MG,2295,2000
3150000,Pescador,MG,1275,909
3150109,Piau,MG,1089,790
3150158,Piedade de Caratinga,MG,3187,2792
3150208,Piedade de Ponte Nova,MG,1322,1061
3150307,Piedade do Rio Grande,MG,1842,1365
3150406,Piedade dos Gerais,MG,1962,1307
3150505,Pimenta,MG,3314,2690
3150539,Pingo-d'Água,MG,1632,1325
3150570,Pintópolis,MG,2278,1568
3150604,Piracema,MG,2614,1827
3150703,Pirajuba,MG,2049,1528
3150802,Piranga,MG,5885,3511
3150901,Piranguçu,MG,2202,1846
3151008,Piranguinho,MG,3218,2718
3151107,Pirapetinga,MG,4241,3559
3151206,Pirapora,MG,19067,16864
3151305,Piraúba,MG,4319,3495
3151404,Pitangui,MG,9529,8065
3151503,Piumhi,MG,13805,12270
3151602,Planura,MG,4064,3536
3151701,Poço Fundo,MG,6120,4939
3151800,Poços de Caldas,MG,63132,57794
3151909,Pocrane,MG,3267,2460
3152006,Pompéu,MG,11157,8746
3152105,Ponte Nova,MG,21242,18511
3152131,Ponto Chique,MG,1270,936
3152170,Ponto dos Volantes,MG,3753,2608
3152204,Porteirinha,MG,13660,10506
3152303,Porto Firme,MG,3709,2778
3152402,Poté,MG,5046,3651
3152501,Pouso Alegre,MG,55913,51684
3152600,Pouso Alto,MG,2472,2069
3152709,Prados,MG,3261,2627
3152808,Prata,MG,10445,9036
3152907,Pratápolis,MG,3315,2504
3153004,Pratinha,MG,1356,1120
3153103,Presidente Bernardes,MG,1779,1286
3153202,Presidente Juscelino,MG,1315,863
3153301,Presidente Kubitschek,MG,971,565
3153400,Presidente Olegário,MG,7320,6232
3153509,Alto Jequitibá,MG,3249,2750
3153608,Prudente de Morais,MG,3961,3585
3153707,Quartel Geral,MG,1302,939
3153806,Queluzito,MG,679,412
3153905,Raposos,MG,5595,4775
3154002,Raul Soares,MG,8902,6508
3154101,Recreio,MG,3897,3153
3154150,Reduto,MG,2791,2371
3154200,Resende Costa,MG,4264,3446
3154309,Resplendor,MG,6606,4915
3154408,Ressaquinha,MG,1641,1252
3154457,Riachinho,MG,2579,2091
3154507,Riacho dos Machados,MG,2757,2015
3154606,Ribeirão das Neves,MG,113082,100064
3154705,Ribeirão Vermelho,MG,1470,1279
3154804,Rio Acima,MG,3632,3061
3154903,Rio Casca,MG,4689,3416
3155009,Rio Doce,MG,921,747
3155108,Rio do Prado,MG,1732,1122
3155207,Rio Espera,MG,2064,1325
3155306,Rio Manso,MG,2175,1703
3155405,Rio Novo,MG,3118,2570
3155504,Rio Paranaíba,MG,5609,4344
3155603,Rio Pardo de Minas,MG,9248,7372
3155702,Rio Piracicaba,MG,5278,4071
3155801,Rio Pomba,MG,6866,5874
3155900,Rio Preto,MG,2035,1594
3156007,Rio Vermelho,MG,4333,2618
3156106,Ritápolis,MG,1984,1508
3156205,Rochedo de Minas,MG,835,667
3156304,Rodeiro,MG,3082,2566
3156403,Romaria,MG,1208,1069
3156452,Rosário da Limeira,MG,1888,1532
3156502,Rubelita,MG,2121,943
3156601,Rubim,MG,3395,2166
3156700,Sabará,MG,45820,40563
3156809,Sabinópolis,MG,5197,3708
3156908,Sacramento,MG,9710,8540
3157005,Salinas,MG,14887,11222
3157104,Salto da Divisa,MG,2111,1666
3157203,Santa Bárbara,MG,10599,9365
3157252,Santa Bárbara do Leste,MG,3066,2645
3157278,Santa Bárbara do Monte Verde,MG,1211,894
3157302,Santa Bárbara do Tugúrio,MG,1565,1108
3157336,Santa Cruz de Minas,MG,2945,2497
3157377,Santa Cruz de Salinas,MG,1457,847
3157401,Santa Cruz do Escalvado,MG,1724,1297
3157500,Santa Efigênia de Minas,MG,1473,1075
3157609,Santa Fé de Minas,MG,1237,792
3157658,Santa Helena de Minas,MG,1925,1123
3157708,Santa Juliana,MG,5375,4890
3157807,Santa Luzia,MG,75868,67283
3157906,Santa Margarida,MG,5553,4376
3158003,Santa Maria de Itabira,MG,3435,2844
3158102,Santa Maria do Salto,MG,1786,1346
3158201,Santa Maria do Suaçuí,MG,4555,3149
3158300,Santana da Vargem,MG,2342,2030
3158409,Santana de Cataguases,MG,1326,1017
3158508,Santana de Pirapama,MG,2772,1677
3158607,Santana do Deserto,MG,1326,1119
3158706,Santana do Garambéu,MG,780,561
3158805,Santana do Jacaré,MG,1626,1236
3158904,Santana do Manhuaçu,MG,3161,2634
3158953,Santana do Paraíso,MG,16722,15663
3159001,Santana do Riacho,MG,1956,1639
3159100,Santana dos Montes,MG,1303,988
3159209,Santa Rita de Caldas,MG,3357,2588
3159308,Santa Rita de Jacutinga,MG,1906,1579
3159357,Santa Rita de Minas,MG,2498,2059
3159407,Santa Rita de Ibitipoca,MG,1198,771
3159506,Santa Rita do Itueto,MG,2203,1713
3159605,Santa Rita do Sapucaí,MG,14180,12713
3159704,Santa Rosa da Serra,MG,1206,965
3159803,Santa Vitória,MG,8282,6930
3159902,Santo Antônio do Amparo,MG,5999,4680
3160009,Santo Antônio do Aventureiro,MG,1456,1100
3160108,Santo Antônio do Grama,MG,1499,1236
3160207,Santo Antônio do Itambé,MG,1340,723
3160306,Santo Antônio do Jacinto,MG,3785,2791
3160405,Santo Antônio do Monte,MG,10159,8417
3160454,Santo Antônio do Retiro,MG,2202,1777
3160504,Santo Antônio do Rio Abaixo,MG,651,378
3160603,Santo Hipólito,MG,1106,794
3160702,Santos Dumont,MG,15937,12942
3160801,São Bento Abade,MG,1595,1249
3160900,São Brás do Suaçuí,MG,1487,1237
3160959,São Domingos das Dores,MG,1942,1741
3161007,São Domingos do Prata,MG,6643,4429
3161056,São Félix de Minas,MG,1250,914
3161106,São Francisco,MG,16487,12215
3161205,São Francisco de Paula,MG,2288,1725
3161304,São Francisco de Sales,MG,2309,1935
3161403,São Francisco do Glória,MG,1799,1387
3161502,São Geraldo,MG,3943,2998
3161601,São Geraldo da Piedade,MG,1259,991
3161650,São Geraldo do Baixio,MG,1281,1117
3161700,São Gonçalo do Abaeté,MG,2691,2287
3161809,São Gonçalo do Pará,MG,4319,3451
3161908,São Gonçalo do Rio Abaixo,MG,3950,3274
3162005,São Gonçalo do Sapucaí,MG,8362,6561
3162104,São Gotardo,MG,14372,11753
3162203,São João Batista do Glória,MG,2809,2444
3162252,São João da Lagoa,MG,1854,1121
3162302,São João da Mata,MG,1145,910
3162401,São João da Ponte,MG,7894,5503
3162450,São João das Missões,MG,3600,2216
3162500,São João del Rei,MG,34518,30314
3162559,São João do Manhuaçu,MG,3924,3086
3162575,São João do Manteninha,MG,2119,1740
3162609,São João do Oriente,MG,2770,2298
3162658,São João do Pacuí,MG,1439,1094
3162708,São João do Paraíso,MG,7700,5671
3162807,São João Evangelista,MG,5610,4246
3162906,São João Nepomuceno,MG,9838,8369
3162922,São Joaquim de Bicas,MG,10629,9258
3162948,São José da Barra,MG,2761,2349
3162955,São José da Lapa,MG,8973,8337
3163003,São José da Safira,MG,1318,1008
3163102,São José da Varginha,MG,1740,1321
3163201,São José do Alegre,MG,1507,1278
3163300,São José do Divino,MG,1296,982
3163409,São José do Goiabal,MG,1980,1602
3163508,São José do Jacuri,MG,2209,1470
3163607,São José do Mantimento,MG,1002,844
3163706,São Lourenço,MG,17120,15438
3163805,São Miguel do Anta,MG,2277,1677
3163904,São Pedro da União,MG,1909,1499
3164001,São Pedro dos Ferros,MG,2634,2087
3164100,São Pedro do Suaçuí,MG,1850,1281
3164209,São Romão,MG,2958,1978
3164308,São Roque de Minas,MG,2726,2459
3164407,São Sebastião da Bela Vista,MG,2232,1833
3164431,São Sebastião da Vargem Alegre,MG,1177,1013
3164472,São Sebastião do Anta,MG,2279,1957
3164506,São Sebastião do Maranhão,MG,3343,2012
3164605,São Sebastião do Oeste,MG,3096,2524
3164704,São Sebastião do Paraíso,MG,26707,22713
3164803,São Sebastião do Rio Preto,MG,474,361
3164902,São Sebastião do Rio Verde,MG,881,653
3165008,São Tiago,MG,4124,3216
3165107,São Tomás de Aquino,MG,2445,1989
3165206,São Tomé das Letras,MG,2791,2221
3165305,São Vicente de Minas,MG,2502,2070
3165404,Sapucaí-Mirim,MG,2322,2009
3165503,Sardoá,MG,1861,1458
3165537,Sarzedo,MG,12688,11872
3165552,Setubinha,MG,2971,2155
3165560,Sem-Peixe,MG,962,612
3165578,Senador Amaral,MG,2092,1624
3165602,Senador Cortes,MG,801,654
3165701,Senador Firmino,MG,2912,2165
3165800,Senador José Bento,MG,792,499
3165909,Senador Modestino Gonçalves,MG,1501,852
3166006,Senhora de Oliveira,MG,2019,1387
3166105,Senhora do Porto,MG,1111,760
3166204,Senhora dos Remédios,MG,3718,2618
3166303,Sericita,MG,2575,1761
3166402,Seritinga,MG,692,520
3166501,Serra Azul de Minas,MG,1251,664
3166600,Serra da Saudade,MG,335,285
3166709,Serra dos Aimorés,MG,2675,2082
3166808,Serra do Salitre,MG,4044,3513
3166907,Serrania,MG,2743,2161
3166956,Serranópolis de Minas,MG,1527,1065
3167004,Serranos,MG,754,608
3167103,Serro,MG,7193,4740
3167202,Sete Lagoas,MG,81951,73524
3167301,Silveirânia,MG,897,684
3167400,Silvianópolis,MG,2436,1851
3167509,Simão Pereira,MG,1073,871
3167608,Simonésia,MG,7017,6079
3167707,Sobrália,MG,2010,1641
3167806,Soledade de Minas,MG,2121,1623
3167905,Tabuleiro,MG,1554,1071
3168002,Taiobeiras,MG,11725,9109
3168051,Taparuba,MG,1314,1090
3168101,Tapira,MG,1436,1270
3168200,Tapiraí,MG,658,384
3168309,Taquaraçu de Minas,MG,1593,1189
3168408,Tarumirim,MG,5175,4357
3168507,Teixeiras,MG,4739,3492
3168606,Teófilo Otoni,MG,49872,41906
3168705,Timóteo,MG,30046,27600
3168804,Tiradentes,MG,2867,2548
3168903,Tiros,MG,3105,2709
3169000,Tocantins,MG,6136,5046
3169059,Tocos do Moji,MG,1469,1146
3169109,Toledo,MG,2599,2097
3169208,Tombos,MG,3297,2605
3169307,Três Corações,MG,26319,22695
3169356,Três Marias,MG,10793,9018
3169406,Três Pontas,MG,19279,17087
3169505,Tumiritinga,MG,2260,1852
3169604,Tupaciguara,MG,9773,8354
3169703,Turmalina,MG,7422,5900
3169802,Turvolândia,MG,1799,1407
3169901,Ubá,MG,39043,34616
3170008,Ubaí,MG,3596,2330
3170057,Ubaporanga,MG,4672,3874
3170107,Uberaba,MG,127333,115213
3170206,Uberlândia,MG,268018,247757
3170305,Umburatiba,MG,1040,763
3170404,Unaí,MG,31513,27643
3170438,União de Minas,MG,1508,1239
3170479,Uruana de Minas,MG,1267,879
3170503,Urucânia,MG,3567,2837
3170529,Urucuia,MG,4167,3021
3170578,Vargem Alegre,MG,2209,1845
3170602,Vargem Bonita,MG,877,764
3170651,Vargem Grande do Rio Pardo,MG,1420,1104
3170701,Varginha,MG,49456,44948
3170750,Varjão de Minas,MG,2482,2100
3170800,Várzea da Palma,MG,12957,10433
3170909,Varzelândia,MG,6298,4049
3171006,Vazante,MG,7538,6603
3171030,Verdelândia,MG,2514,1668
3171071,Veredinha,MG,1919,1427
3171105,Veríssimo,MG,1380,1089
3171154,Vermelho Novo,MG,1799,1572
3171204,Vespasiano,MG,45922,41438
3171303,Viçosa,MG,29063,25752
3171402,Vieiras,MG,1418,995
3171501,Mathias Lobato,MG,1097,841
3171600,Virgem da Lapa,MG,4323,3192
3171709,Virgínia,MG,3294,2532
3171808,Virginópolis,MG,3746,2958
3171907,Virgolândia,MG,1786,1324
3172004,Visconde do Rio Branco,MG,14775,12569
3172103,Volta Grande,MG,1672,1437
3172202,Wenceslau Braz,MG,867,687
3200102,Afonso Cláudio,ES,11498,8327
3200136,Águia Branca,ES,3649,2949
3200169,Água Doce do Norte,ES,4594,3296
3200201,Alegre,ES,11376,8906
3200300,Alfredo Chaves,ES,5196,4335
3200359,Alto Rio Novo,ES,2868,2267
3200409,Anchieta,ES,11024,9869
3200508,Apiacá,ES,2746,2034
3200607,Aracruz,ES,32748,29353
3200706,Atílio Vivácqua,ES,3846,3182
3200805,Baixo Guandu,ES,11407,9890
3200904,Barra de São Francisco,ES,16069,13285
3201001,Boa Esperança,ES,5028,3939
3201100,Bom Jesus do Norte,ES,4014,3288
3201159,Brejetuba,ES,4540,3506
3201209,Cachoeiro de Itapemirim,ES,70985,61808
3201308,Cariacica,ES,130093,113437
3201407,Castelo,ES,14237,12150
3201506,Colatina,ES,45909,39927
3201605,Conceição da Barra,ES,9575,7798
3201704,Conceição do Castelo,ES,4466,3411
3201803,Divino de São Lourenço,ES,1904,1476
3201902,Domingos Martins,ES,13152,10423
3202009,Dores do Rio Preto,ES,2486,2015
3202108,Ecoporanga,ES,8602,5959
3202207,Fundão,ES,6719,5593
3202256,Governador Lindenberg,ES,3983,3065
3202306,Guaçuí,ES,10934,9086
3202405,Guarapari,ES,46739,41013
3202454,Ibatiba,ES,9299,7407
3202504,Ibiraçu,ES,4250,3809
3202553,Ibitirama,ES,3393,2602
3202603,Iconha,ES,4641,3802
3202652,Irupi,ES,5025,3834
3202702,Itaguaçu,ES,5266,4263
3202801,Itapemirim,ES,14040,11590
3202900,Itarana,ES,3918,2924
3203007,Iúna,ES,10715,8544
3203056,Jaguaré,ES,10257,8668
3203106,Jerônimo Monteiro,ES,4368,3323
3203130,João Neiva,ES,5163,4293
3203163,Laranja da Terra,ES,4212,3463
3203205,Linhares,ES,58676,51618
3203304,Mantenópolis,ES,4998,4097
3203320,Marataízes,ES,14957,12889
3203346,Marechal Floriano,ES,6612,5343
3203353,Marilândia,ES,4710,3887
3203403,Mimoso do Sul,ES,9442,7030
3203502,Montanha,ES,7020,5484
3203601,Mucurici,ES,2119,1611
3203700,Muniz Freire,ES,6716,5077
3203809,Muqui,ES,5052,3927
3203908,Nova Venécia,ES,18577,15517
3204005,Pancas,ES,7143,5180
3204054,Pedro Canário,ES,7759,6192
3204104,Pinheiros,ES,8532,6944
3204203,Piúma,ES,8522,7564
3204252,Ponto Belo,ES,2505,1806
3204302,Presidente Kennedy,ES,5116,3861
3204351,Rio Bananal,ES,6923,5928
3204401,Rio Novo do Sul,ES,4138,3237
3204500,Santa Leopoldina,ES,4955,3836
3204559,Santa Maria de Jetibá,ES,14720,12277
3204609,Santa Teresa,ES,8664,7299
3204658,São Domingos do Norte,ES,3097,2326
3204708,São Gabriel da Palha,ES,12633,11386
3204807,São José do Calçado,ES,4259,3235
3204906,São Mateus,ES,45202,39725
3204955,São Roque do Canaã,ES,4098,3257
3205002,Serra,ES,191946,174621
3205010,Sooretama,ES,9199,7546
3205036,Vargem Alta,ES,7119,5881
3205069,Venda Nova do Imigrante,ES,8910,7487
3205101,Viana,ES,25563,22305
3205150,Vila Pavão,ES,3347,2583
3205176,Vila Valério,ES,4924,4215
3205200,Vila Velha,ES,177093,163248
3205309,Vitória,ES,128624,119227
3300100,Angra dos Reis,RJ,62150,55049
3300159,Aperibé,RJ,4336,3684
3300209,Araruama,RJ,48122,40824
3300225,Areal,RJ,4232,3593
3300233,Armação dos Búzios,RJ,14836,13752
3300258,Arraial do Cabo,RJ,11550,10680
3300308,Barra do Piraí,RJ,35000,30648
3300407,Barra Mansa,RJ,62844,55916
3300456,Belford Roxo,RJ,180956,150176
3300506,Bom Jardim,RJ,10882,9560
3300605,Bom Jesus do Itabapoana,RJ,13374,11518
3300704,Cabo Frio,RJ,81998,75303
3300803,Cachoeiras de Macacu,RJ,22246,18509
3300902,Cambuci,RJ,5791,4600
3300936,Carapebus,RJ,5041,4205
3300951,Comendador Levy Gasparian,RJ,3008,2606
3301009,Campos dos Goytacazes,RJ,175660,146213
3301108,Cantagalo,RJ,7289,5947
3301157,Cardoso Moreira,RJ,4988,3951
3301207,Carmo,RJ,6671,5733
3301306,Casimiro de Abreu,RJ,16904,14778
3301405,Conceição de Macabu,RJ,7905,6765
3301504,Cordeiro,RJ,7963,6975
3301603,Duas Barras,RJ,4157,3523
3301702,Duque de Caxias,RJ,298094,255516
3301801,Engenheiro Paulo de Frontin,RJ,4794,4275
3301850,Guapimirim,RJ,18498,16299
3301876,Iguaba Grande,RJ,10308,9277
3301900,Itaboraí,RJ,86548,71712
3302007,Itaguaí,RJ,42282,35903
3302056,Italva,RJ,5596,4385
3302106,Itaocara,RJ,9005,7379
3302205,Itaperuna,RJ,38488,33249
3302254,Itatiaia,RJ,11365,10014
3302270,Japeri,RJ,32077,25781
3302304,Laje do Muriaé,RJ,2726,1996
3302403,Macaé,RJ,92723,82113
3302452,Macuco,RJ,1940,1678
3302502,Magé,RJ,82889,71488
3302601,Mangaratiba,RJ,15779,13861
3302700,Maricá,RJ,73415,68107
3302809,Mendes,RJ,6924,6082
3302858,Mesquita,RJ,62561,52445
3302908,Miguel Pereira,RJ,10250,9235
3303005,Miracema,RJ,9594,8090
3303104,Natividade,RJ,5695,4887
3303203,Nilópolis,RJ,57004,50026
3303302,Niterói,RJ,194480,177466
3303401,Nova Friburgo,RJ,76576,68647
3303500,Nova Iguaçu,RJ,287570,243206
3303609,Paracambi,RJ,16086,14167
3303708,Paraíba do Sul,RJ,15199,13171
3303807,Paraty,RJ,16145,14007
3303856,Paty do Alferes,RJ,10885,9373
3303906,Petrópolis,RJ,108242,97567
3303955,Pinheiral,RJ,8812,7797
3304003,Piraí,RJ,10096,8985
3304102,Porciúncula,RJ,6421,5399
3304110,Porto Real,RJ,7190,6564
3304128,Quatis,RJ,5032,4340
3304144,Queimados,RJ,51216,44231
3304151,Quissamã,RJ,8112,6641
3304201,Resende,RJ,48220,43558
3304300,Rio Bonito,RJ,21205,18314
3304409,Rio Claro,RJ,6399,5237
3304508,Rio das Flores,RJ,3125,2558
3304524,Rio das Ostras,RJ,59053,54570
3304557,Rio de Janeiro,RJ,2436966,2182304
3304607,Santa Maria Madalena,RJ,3988,3104
3304706,Santo Antônio de Pádua,RJ,15823,13339
3304755,São Francisco de Itabapoana,RJ,17293,13426
3304805,São Fidélis,RJ,14918,11850
3304904,São Gonçalo,RJ,357897,304267
3305000,São João da Barra,RJ,14465,11573
3305109,São João de Meriti,RJ,168792,144671
3305133,São José de Ubá,RJ,2684,1988
3305158,São José do Vale do Rio Preto,RJ,8271,7260
3305208,São Pedro da Aldeia,RJ,38295,34134
3305307,São Sebastião do Alto,RJ,2931,1997
3305406,Sapucaia,RJ,6688,5808
3305505,Saquarema,RJ,34141,30492
3305554,Seropédica,RJ,29317,25182
3305604,Silva Jardim,RJ,7887,6343
3305703,Sumidouro,RJ,5900,5105
3305752,Tanguá,RJ,11549,9639
3305802,Teresópolis,RJ,64434,57407
3305901,Trajano de Moraes,RJ,3898,2963
3306008,Três Rios,RJ,28420,25159
3306107,Valença,RJ,25892,22217
3306156,Varre-Sai,RJ,3626,2985
3306206,Vassouras,RJ,12893,10766
3306305,Volta Redonda,RJ,97989,90314
3500105,Adamantina,SP,13595,12000
3500204,Adolfo,SP,1650,1353
3500303,Aguaí,SP,11478,10257
3500402,Águas da Prata,SP,2821,2409
3500501,Águas de Lindóia,SP,6799,6333
3500550,Águas de Santa Bárbara,SP,2716,2520
3500600,Águas de São Pedro,SP,1153,1084
3500709,Agudos,SP,12938,11638
3500758,Alambari,SP,2138,1674
3500808,Alfredo Marcondes,SP,1726,1397
3500907,Altair,SP,1279,1141
3501004,Altinópolis,SP,6073,5172
3501103,Alto Alegre,SP,1518,1195
3501152,Alumínio,SP,5945,5243
3501202,Álvares Florence,SP,1533,1242
3501301,Álvares Machado,SP,9869,8878
3501400,Álvaro de Carvalho,SP,1168,918
3501509,Alvinlândia,SP,1007,791
3501608,Americana,SP,89202,83319
3501707,Américo Brasiliense,SP,11415,10486
3501806,Américo de Campos,SP,2361,1974
3501905,Amparo,SP,24484,22155
3502002,Analândia,SP,1682,1465
3502101,Andradina,SP,21906,19534
3502200,Angatuba,SP,8495,7585
3502309,Anhembi,SP,2058,1729
3502408,Anhumas,SP,1481,1262
3502507,Aparecida,SP,11369,10125
3502606,Aparecida d'Oeste,SP,1616,1407
3502705,Apiaí,SP,8843,6703
3502754,Araçariguama,SP,7403,6653
3502804,Araçatuba,SP,77753,70948
3502903,Araçoiaba da Serra,SP,11758,10790
3503000,Aramina,SP,2002,1689
3503109,Arandu,SP,2434,2127
3503158,Arapeí,SP,885,626
3503208,Araraquara,SP,92521,84328
3503307,Araras,SP,47990,43999
3503356,Arco-Íris,SP,733,483
3503406,Arealva,SP,3083,2532
3503505,Areias,SP,1231,931
3503604,Areiópolis,SP,3401,3136
3503703,Ariranha,SP,2878,2438
3503802,Artur Nogueira,SP,18166,16613
3503901,Arujá,SP,29355,26962
3503950,Aspásia,SP,677,565
3504008,Assis,SP,38179,34543
3504107,Atibaia,SP,56546,50734
3504206,Auriflama,SP,5394,4757
3504305,Avaí,SP,1649,1326
3504404,Avanhandava,SP,3610,3223
3504503,Avaré,SP,33477,30234
3504602,Bady Bassitt,SP,9953,9246
3504701,Balbinos,SP,538,470
3504800,Bálsamo,SP,3709,3276
3504909,Bananal,SP,3712,3176
3505005,Barão de Antonina,SP,1337,950
3505104,Barbosa,SP,2111,1758
3505203,Bariri,SP,11732,10221
3505302,Barra Bonita,SP,12899,11718
3505351,Barra do Chapéu,SP,1876,1323
3505401,Barra do Turvo,SP,2575,1831
3505500,Barretos,SP,46343,42187
3505609,Barrinha,SP,11202,9964
3505708,Barueri,SP,109455,102344
3505807,Bastos,SP,7540,6570
3505906,Batatais,SP,21423,19515
3506003,Bauru,SP,139897,128034
3506102,Bebedouro,SP,28044,25383
3506201,Bento de Abreu,SP,927,834
3506300,Bernardino de Campos,SP,3887,3264
3506359,Bertioga,SP,22752,20347
3506409,Bilac,SP,2798,2506
3506508,Birigui,SP,45352,40666
3506607,Biritiba Mirim,SP,10435,8759
3506706,Boa Esperança do Sul,SP,4666,4042
3506805,Bocaina,SP,4076,3492
3506904,Bofete,SP,3937,3403
3507001,Boituva,SP,21721,19873
3507100,Bom Jesus dos Perdões,SP,7704,6933
3507159,Bom Sucesso de Itararé,SP,1175,979
3507209,Borá,SP,322,250
3507308,Boracéia,SP,1635,1410
3507407,Borborema,SP,5482,4756
3507456,Borebi,SP,966,836
3507506,Botucatu,SP,54415,49619
3507605,Bragança Paulista,SP,63430,57535
3507704,Braúna,SP,1966,1603
3507753,Brejo Alegre,SP,962,867
3507803,Brodowski,SP,8870,7979
3507902,Brotas,SP,8637,7422
3508009,Buri,SP,6982,5896
3508108,Buritama,SP,6698,5853
3508207,Buritizal,SP,1656,1491
3508306,Cabrália Paulista,SP,1598,1359
3508405,Cabreúva,SP,15558,14206
3508504,Caçapava,SP,33662,30137
3508603,Cachoeira Paulista,SP,10948,9478
3508702,Caconde,SP,6214,5206
3508801,Cafelândia,SP,6249,5306
3508900,Caiabu,SP,1467,1140
3509007,Caieiras,SP,32690,29737
3509106,Caiuá,SP,1694,1384
3509205,Cajamar,SP,32660,30309
3509254,Cajati,SP,9907,8579
3509304,Cajobi,SP,3516,3004
3509403,Cajuru,SP,8620,7118
3509452,Campina do Monte Alegre,SP,2195,1943
3509502,Campinas,SP,429519,394840
3509601,Campo Limpo Paulista,SP,26664,24577
3509700,Campos do Jordão,SP,16181,14620
3509809,Campos Novos Paulista,SP,1809,1606
3509908,Cananéia,SP,4374,3879
3509957,Canas,SP,1573,1342
3510005,Cândido Mota,SP,10898,9632
3510104,Cândido Rodrigues,SP,1103,949
3510153,Canitar,SP,2078,1862
3510203,Capão Bonito,SP,16059,13024
3510302,Capela do Alto,SP,7120,5888
3510401,Capivari,SP,17193,15643
3510500,Caraguatatuba,SP,48656,44591
3510609,Carapicuíba,SP,136842,121622
3510708,Cardoso,SP,4602,3669
3510807,Casa Branca,SP,9761,8763
3510906,Cássia dos Coqueiros,SP,1076,838
3511003,Castilho,SP,7330,6277
3511102,Catanduva,SP,44057,39459
3511201,Catiguá,SP,2512,2170
3511300,Cedral,SP,4652,4061
3511409,Cerqueira César,SP,7400,6410
3511508,Cerquilho,SP,15863,14607
3511607,Cesário Lange,SP,6141,5154
3511706,Charqueada,SP,5341,4844
3511904,Clementina,SP,2564,2346
3512001,Colina,SP,6556,5984
3512100,Colômbia,SP,2324,1936
3512209,Conchal,SP,9459,8347
3512308,Conchas,SP,5594,4990
3512407,Cordeirópolis,SP,8514,7677
3512506,Coroados,SP,2022,1714
3512605,Coronel Macedo,SP,1654,1132
3512704,Corumbataí,SP,1456,1221
3512803,Cosmópolis,SP,21682,20212
3512902,Cosmorama,SP,3269,2738
3513009,Cotia,SP,95955,88412
3513108,Cravinhos,SP,11346,9594
3513207,Cristais Paulista,SP,3264,2912
3513306,Cruzália,SP,822,687
3513405,Cruzeiro,SP,26784,23526
3513504,Cubatão,SP,40077,35913
3513603,Cunha,SP,8578,6130
3513702,Descalvado,SP,11386,10090
3513801,Diadema,SP,144824,132167
3513850,Dirce Reis,SP,642,520
3513900,Divinolândia,SP,4188,3466
3514007,Dobrada,SP,3077,2780
3514106,Dois Córregos,SP,8858,7739
3514205,Dolcinópolis,SP,886,702
3514304,Dourado,SP,3103,2611
3514403,Dracena,SP,17092,14859
3514502,Duartina,SP,4791,4068
3514601,Dumont,SP,3302,3105
3514700,Echaporã,SP,2284,1821
3514809,Eldorado,SP,4595,3418
3514908,Elias Fausto,SP,5968,5412
3514924,Elisiário,SP,1184,1035
3514957,Embaúba,SP,896,750
3515004,Embu das Artes,SP,88021,77152
3515103,Embu-Guaçu,SP,23341,20636
3515129,Emilianópolis,SP,1176,955
3515152,Engenheiro Coelho,SP,6884,6202
3515186,Espírito Santo do Pinhal,SP,14373,12626
3515194,Espírito Santo do Turvo,SP,1481,1246
3515202,Estrela d'Oeste,SP,3440,2976
3515301,Estrela do Norte,SP,971,843
3515350,Euclides da Cunha Paulista,SP,3023,2582
3515400,Fartura,SP,6224,5403
3515509,Fernandópolis,SP,27622,24579
3515608,Fernando Prestes,SP,2238,1937
3515657,Fernão,SP,613,521
3515707,Ferraz de Vasconcelos,SP,61324,56091
3515806,Flora Rica,SP,610,473
3515905,Floreal,SP,1124,954
3516002,Flórida Paulista,SP,4317,3533
3516101,Florínea,SP,1054,877
3516200,Franca,SP,127913,116661
3516309,Francisco Morato,SP,57677,51195
3516408,Franco da Rocha,SP,49314,45113
3516507,Gabriel Monteiro,SP,1071,922
3516606,Gália,SP,2441,1923
3516705,Garça,SP,15512,13810
3516804,Gastão Vidigal,SP,1246,1009
3516853,Gavião Peixoto,SP,1641,1348
3516903,General Salgado,SP,4019,3599
3517000,Getulina,SP,3408,2887
3517109,Glicério,SP,1552,1332
3517208,Guaiçara,SP,3999,3518
3517307,Guaimbê,SP,2061,1639
3517406,Guaíra,SP,14717,13047
3517505,Guapiaçu,SP,7737,6918
3517604,Guapiara,SP,6160,4507
3517703,Guará,SP,6674,5457
3517802,Guaraçaí,SP,2941,2458
3517901,Guaraci,SP,3915,3521
3518008,Guarani d'Oeste,SP,808,620
3518107,Guarantã,SP,2289,2095
3518206,Guararapes,SP,11644,10119
3518305,Guararema,SP,11078,9599
3518404,Guaratinguetá,SP,41913,37689
3518503,Guareí,SP,4517,3657
3518602,Guariba,SP,12897,11211
3518701,Guarujá,SP,99390,89121
3518800,Guarulhos,SP,450824,410324
3518859,Guatapará,SP,2535,2210
3518909,Guzolândia,SP,1631,1367
3519006,Herculândia,SP,3305,2669
3519055,Holambra,SP,5157,4769
3519071,Hortolândia,SP,80802,75315
3519105,Iacanga,SP,3958,3433
3519204,Iacri,SP,2261,1952
3519253,Iaras,SP,1790,1563
3519303,Ibaté,SP,11092,9724
3519402,Ibirá,SP,4404,3574
3519501,Ibirarema,SP,2406,2046
3519600,Ibitinga,SP,22205,19785
3519709,Ibiúna,SP,26326,22301
3519808,Icém,SP,2590,2322
3519907,Iepê,SP,2900,2343
3520004,Igaraçu do Tietê,SP,8197,7198
3520103,Igarapava,SP,9864,8754
3520202,Igaratá,SP,3927,3306
3520301,Iguape,SP,10835,8835
3520400,Ilhabela,SP,12718,12148
3520426,Ilha Comprida,SP,5259,4587
3520442,Ilha Solteira,SP,9714,9071
3520509,Indaiatuba,SP,90715,85267
3520608,Indiana,SP,1919,1715
3520707,Indiaporã,SP,1665,1387
3520806,Inúbia Paulista,SP,1316,1185
3520905,Ipaussu,SP,4893,4252
3521002,Iperó,SP,11778,10599
3521101,Ipeúna,SP,2392,2166
3521150,Ipiguá,SP,2445,2208
3521200,Iporanga,SP,1458,1177
3521309,Ipuã,SP,5337,4722
3521408,Iracemápolis,SP,7543,7158
3521507,Irapuã,SP,2458,2128
3521606,Irapuru,SP,2360,1952
3521705,Itaberá,SP,6513,5445
3521804,Itaí,SP,8672,7323
3521903,Itajobi,SP,6216,5244
3522000,Itaju,SP,1307,1119
3522109,Itanhaém,SP,41932,37289
3522158,Itaoca,SP,1262,928
3522208,Itapecerica da Serra,SP,54514,49298
3522307,Itapetininga,SP,54548,47340
3522406,Itapeva,SP,31772,27186
3522505,Itapevi,SP,81855,70272
3522604,Itapira,SP,26165,23384
3522653,Itapirapuã Paulista,SP,1559,1078
3522703,Itápolis,SP,15003,13094
3522802,Itaporanga,SP,5224,3992
3522901,Itapuí,SP,4748,4282
3523008,Itapura,SP,1519,1322
3523107,Itaquaquecetuba,SP,122152,109906
3523206,Itararé,SP,16533,13707
3523305,Itariri,SP,5657,4417
3523404,Itatiba,SP,43718,40752
3523503,Itatinga,SP,6018,5285
3523602,Itirapina,SP,4798,4359
3523701,Itirapuã,SP,2001,1644
3523800,Itobi,SP,2908,2374
3523909,Itu,SP,59563,54324
3524006,Itupeva,SP,23672,21941
3524105,Ituverava,SP,14039,12217
3524204,Jaborandi,SP,2278,1980
3524303,Jaboticabal,SP,27360,24463
3524402,Jacareí,SP,85050,77262
3524501,Jaci,SP,2639,2322
3524600,Jacupiranga,SP,5830,4856
3524709,Jaguariúna,SP,21444,19857
3524808,Jales,SP,19078,17109
3524907,Jambeiro,SP,2298,1811
3525003,Jandira,SP,42014,38884
3525102,Jardinópolis,SP,14862,13287
3525201,Jarinu,SP,12967,11660
3525300,Jaú,SP,48498,43398
3525409,Jeriquara,SP,1318,1131
3525508,Joanópolis,SP,4661,3782
3525607,João Ramalho,SP,1547,1367
3525706,José Bonifácio,SP,13336,11861
3525805,Júlio Mesquita,SP,1562,1272
3525854,Jumirim,SP,1002,890
3525904,Jundiaí,SP,163199,152193
3526001,Junqueirópolis,SP,7151,6234
3526100,Juquiá,SP,6349,4994
3526209,Juquitiba,SP,10011,8036
3526308,Lagoinha,SP,2074,1449
3526407,Laranjal Paulista,SP,9287,7904
3526506,Lavínia,SP,1838,1535
3526605,Lavrinhas,SP,2392,1957
3526704,Leme,SP,35757,31394
3526803,Lençóis Paulista,SP,22823,20664
3526902,Limeira,SP,104399,96911
3527009,Lindóia,SP,2591,2257
3527108,Lins,SP,28543,25365
3527207,Lorena,SP,30008,26525
3527256,Lourdes,SP,772,680
3527306,Louveira,SP,17916,16613
3527405,Lucélia,SP,6603,5878
3527504,Lucianópolis,SP,891,798
3527603,Luís Antônio,SP,4174,3824
3527702,Luiziânia,SP,1730,1368
3527801,Lupércio,SP,1472,1224
3527900,Lutécia,SP,1036,876
3528007,Macatuba,SP,5655,5124
3528106,Macaubal,SP,2994,2592
3528205,Macedônia,SP,1514,1295
3528304,Magda,SP,1259,1044
3528403,Mairinque,SP,17033,15126
3528502,Mairiporã,SP,33059,30093
3528601,Manduri,SP,3684,3200
3528700,Marabá Paulista,SP,1381,1119
3528809,Maracaí,SP,4831,4133
3528858,Marapoama,SP,1238,1113
3528908,Mariápolis,SP,1384,1146
3529005,Marília,SP,88377,80009
3529104,Marinópolis,SP,717,632
3529203,Martinópolis,SP,8848,7335
3529302,Matão,SP,28828,26225
3529401,Mauá,SP,152582,138925
3529500,Mendonça,SP,2315,2035
3529609,Meridiano,SP,1726,1511
3529658,Mesópolis,SP,744,500
3529708,Miguelópolis,SP,7133,5659
3529807,Mineiros do Tietê,SP,4138,3452
3529906,Miracatu,SP,6851,5470
3530003,Mira Estrela,SP,1243,1092
3530102,Mirandópolis,SP,9121,7741
3530201,Mirante do Paranapanema,SP,6121,4823
3530300,Mirassol,SP,23207,21102
3530409,Mirassolândia,SP,1720,1411
3530508,Mococa,SP,24688,21207
3530607,Mogi das Cruzes,SP,158718,142263
3530706,Mogi Guaçu,SP,54725,50079
3530805,Mogi Mirim,SP,33745,30357
3530904,Mombuca,SP,1232,1027
3531001,Monções,SP,799,701
3531100,Mongaguá,SP,21586,18949
3531209,Monte Alegre do Sul,SP,3244,2681
3531308,Monte Alto,SP,18038,15978
3531407,Monte Aprazível,SP,8660,7706
3531506,Monte Azul Paulista,SP,6768,6032
3531605,Monte Castelo,SP,1628,1319
3531704,Monteiro Lobato,SP,1568,1320
3531803,Monte Mor,SP,22394,20425
3531902,Morro Agudo,SP,10034,8777
3532009,Morungaba,SP,4780,4093
3532058,Motuca,SP,1412,1191
3532108,Murutinga do Sul,SP,1489,1269
3532157,Nantes,SP,1027,942
3532207,Narandiba,SP,2063,1830
3532306,Natividade da Serra,SP,2840,1734
3532405,Nazaré Paulista,SP,6723,5265
3532504,Neves Paulista,SP,3718,3026
3532603,Nhandeara,SP,4018,3401
3532702,Nipoã,SP,1761,1541
3532801,Nova Aliança,SP,2500,2157
3532827,Nova Campina,SP,2920,2289
3532843,Nova Canaã Paulista,SP,820,675
3532868,Nova Castilho,SP,398,355
3532900,Nova Europa,SP,3368,2889
3533007,Nova Granada,SP,7280,6305
3533106,Nova Guataporanga,SP,866,634
3533205,Nova Independência,SP,1472,1339
3533254,Novais,SP,1593,1340
3533304,Nova Luzitânia,SP,1123,951
3533403,Nova Odessa,SP,22205,20757
3533502,Novo Horizonte,SP,14749,12524
3533601,Nuporanga,SP,2687,2328
3533700,Ocauçu,SP,1623,1375
3533809,Óleo,SP,973,808
3533908,Olímpia,SP,20420,18431
3534005,Onda Verde,SP,1704,1505
3534104,Oriente,SP,2202,1864
3534203,Orindiúva,SP,2118,1951
3534302,Orlândia,SP,13566,12385
3534401,Osasco,SP,261590,241646
3534500,Oscar Bressane,SP,960,802
3534609,Osvaldo Cruz,SP,11762,10101
3534708,Ourinhos,SP,38014,33500
3534757,Ouroeste,SP,4043,3432
3534807,Ouro Verde,SP,2929,2495
3534906,Pacaembu,SP,3834,3220
3535002,Palestina,SP,4443,3876
3535101,Palmares Paulista,SP,3437,2928
3535200,Palmeira d'Oeste,SP,3536,2984
3535309,Palmital,SP,7364,6473
3535408,Panorama,SP,5492,4759
3535507,Paraguaçu Paulista,SP,14807,13037
3535606,Paraibuna,SP,6637,5338
3535705,Paraíso,SP,2268,1978
3535804,Paranapanema,SP,6838,5864
3535903,Paranapuã,SP,1533,1278
3536000,Parapuã,SP,4107,3289
3536109,Pardinho,SP,2505,2270
3536208,Pariquera-Açu,SP,6871,5761
3536257,Parisi,SP,1108,922
3536307,Patrocínio Paulista,SP,5022,4260
3536406,Paulicéia,SP,2932,2648
3536505,Paulínia,SP,37878,35870
3536570,Paulistânia,SP,766,604
3536604,Paulo de Faria,SP,2915,2386
3536703,Pederneiras,SP,15618,14055
3536802,Pedra Bela,SP,2462,2110
3536901,Pedranópolis,SP,1052,838
3537008,Pedregulho,SP,5563,4775
3537107,Pedreira,SP,15763,13921
3537156,Pedrinhas Paulista,SP,1065,938
3537206,Pedro de Toledo,SP,3942,3024
3537305,Penápolis,SP,23187,20656
3537404,Pereira Barreto,SP,9253,8111
3537503,Pereiras,SP,3108,2648
3537602,Peruíbe,SP,25026,21974
3537701,Piacatu,SP,2080,1817
3537800,Piedade,SP,19060,15637
3537909,Pilar do Sul,SP,9560,8526
3538006,Pindamonhangaba,SP,57990,52344
3538105,Pindorama,SP,5460,4734
3538204,Pinhalzinho,SP,5649,4604
3538303,Piquerobi,SP,1284,1016
3538501,Piquete,SP,4575,3897
3538600,Piracaia,SP,9529,7637
3538709,Piracicaba,SP,155475,142565
3538808,Piraju,SP,11021,9388
3538907,Pirajuí,SP,7486,6490
3539004,Pirangi,SP,4027,3444
3539103,Pirapora do Bom Jesus,SP,6095,5432
3539202,Pirapozinho,SP,9245,8106
3539301,Pirassununga,SP,27638,25293
3539400,Piratininga,SP,5255,4752
3539509,Pitangueiras,SP,11914,10731
3539608,Planalto,SP,1646,1353
3539707,Platina,SP,1134,936
3539806,Poá,SP,35389,31997
3539905,Poloni,SP,2168,1730
3540002,Pompéia,SP,7313,6701
3540101,Pongaí,SP,1362,1102
3540200,Pontal,SP,13114,11308
3540259,Pontalinda,SP,1550,1323
3540309,Pontes Gestal,SP,957,716
3540408,Populina,SP,1614,1305
3540507,Porangaba,SP,3924,3055
3540606,Porto Feliz,SP,18670,16953
3540705,Porto Ferreira,SP,19051,17272
3540754,Potim,SP,5741,4949
3540804,Potirendaba,SP,6806,5856
3540853,Pracinha,SP,541,388
3540903,Pradópolis,SP,5869,5119
3541000,Praia Grande,SP,130065,120324
3541059,Pratânia,SP,1750,1487
3541109,Presidente Alves,SP,1451,1222
3541208,Presidente Bernardes,SP,4767,3997
3541307,Presidente Epitácio,SP,15013,13218
3541406,Presidente Prudente,SP,85267,77521
3541505,Presidente Venceslau,SP,13682,12422
3541604,Promissão,SP,12867,11466
3541653,Quadra,SP,1195,1042
3541703,Quatá,SP,4831,4163
3541802,Queiroz,SP,1225,999
3541901,Queluz,SP,3250,2827
3542008,Quintana,SP,2520,2147
3542107,Rafard,SP,3102,2730
3542206,Rancharia,SP,10747,9284
3542305,Redenção da Serra,SP,1680,1113
3542404,Regente Feijó,SP,7517,6631
3542503,Reginópolis,SP,2142,1826
3542602,Registro,SP,21366,18180
3542701,Restinga,SP,2188,1922
3542800,Ribeira,SP,1161,868
3542909,Ribeirão Bonito,SP,4037,3421
3543006,Ribeirão Branco,SP,6564,4636
3543105,Ribeirão Corrente,SP,1585,1340
3543204,Ribeirão do Sul,SP,1736,1490
3543238,Ribeirão dos Índios,SP,816,545
3543253,Ribeirão Grande,SP,2673,2113
3543303,Ribeirão Pires,SP,41436,38307
3543402,Ribeirão Preto,SP,266080,244314
3543501,Riversul,SP,2113,1596
3543600,Rifaina,SP,1453,1298
3543709,Rincão,SP,3320,2865
3543808,Rinópolis,SP,3500,2848
3543907,Rio Claro,SP,74020,67655
3544004,Rio das Pedras,SP,10686,9636
3544103,Rio Grande da Serra,SP,15744,13903
3544202,Riolândia,SP,2997,2545
3544251,Rosana,SP,6522,5817
3544301,Roseira,SP,3629,3074
3544400,Rubiácea,SP,1000,892
3544509,Rubinéia,SP,1501,1277
3544608,Sabino,SP,2035,1663
3544707,Sagres,SP,919,714
3544806,Sales,SP,2474,2120
3544905,Sales Oliveira,SP,4094,3656
3545001,Salesópolis,SP,5388,4232
3545100,Salmourão,SP,1798,1406
3545159,Saltinho,SP,2915,2479
3545209,Salto,SP,46809,43121
3545308,Salto de Pirapora,SP,15299,13790
3545407,Salto Grande,SP,3336,2749
3545506,Sandovalina,SP,1219,1029
3545605,Santa Adélia,SP,5247,4625
3545704,Santa Albertina,SP,2570,2181
3545803,Santa Bárbara d'Oeste,SP,65995,60438
3546009,Santa Branca,SP,5155,4272
3546108,Santa Clara d'Oeste,SP,949,820
3546207,Santa Cruz da Conceição,SP,1632,1459
3546256,Santa Cruz da Esperança,SP,768,641
3546306,Santa Cruz das Palmeiras,SP,10447,9125
3546405,Santa Cruz do Rio Pardo,SP,16667,14907
3546504,Santa Ernestina,SP,2204,1939
3546603,Santa Fé do Sul,SP,13407,12065
3546702,Santa Gertrudes,SP,8147,7465
3546801,Santa Isabel,SP,18733,16045
3546900,Santa Lúcia,SP,2462,2083
3547007,Santa Maria da Serra,SP,1856,1595
3547106,Santa Mercedes,SP,1142,936
3547205,Santana da Ponte Pensa,SP,667,521
3547304,Santana de Parnaíba,SP,52338,48970
3547403,Santa Rita d'Oeste,SP,1089,904
3547502,Santa Rita do Passa Quatro,SP,9443,8036
3547601,Santa Rosa de Viterbo,SP,8589,7481
3547650,Santa Salete,SP,645,539
3547700,Santo Anastácio,SP,6888,5732
3547809,Santo André,SP,280490,261611
3547908,Santo Antônio da Alegria,SP,2565,2155
3548005,Santo Antônio de Posse,SP,7995,7135
3548054,Santo Antônio do Aracanguá,SP,3142,2661
3548104,Santo Antônio do Jardim,SP,2146,1826
3548203,Santo Antônio do Pinhal,SP,2606,2263
3548302,Santo Expedito,SP,1194,1003
3548401,Santópolis do Aguapeí,SP,1470,1269
3548500,Santos,SP,167456,156807
3548609,São Bento do Sapucaí,SP,4290,3701
3548708,São Bernardo do Campo,SP,300714,280541
3548807,São Caetano do Sul,SP,61996,58457
3548906,São Carlos,SP,96657,88575
3549003,São Francisco,SP,1044,842
3549102,São João da Boa Vista,SP,34647,31439
3549201,São João das Duas Pontes,SP,981,823
3549250,São João de Iracema,SP,686,604
3549300,São João do Pau d'Alho,SP,924,778
3549409,São Joaquim da Barra,SP,17402,15680
3549508,São José da Bela Vista,SP,2670,2132
3549607,São José do Barreiro,SP,1446,1090
3549706,São José do Rio Pardo,SP,18759,16392
3549805,São José do Rio Preto,SP,185610,169606
3549904,São José dos Campos,SP,247783,231871
3549953,São Lourenço da Serra,SP,5843,4804
3550001,São Luiz do Paraitinga,SP,4160,3183
3550100,São Manuel,SP,13519,11972
3550209,São Miguel Arcanjo,SP,11252,8744
3550308,São Paulo,SP,4309163,3956265
3550407,São Pedro,SP,13928,12337
3550506,São Pedro do Turvo,SP,2607,2186
3550605,São Roque,SP,28449,25373
3550704,São Sebastião,SP,29016,26683
3550803,São Sebastião da Grama,SP,3863,3082
3550902,São Simão,SP,4878,4299
3551009,São Vicente,SP,119702,107490
3551108,Sarapuí,SP,3713,3058
3551207,Sarutaiá,SP,1362,1065
3551306,Sebastianópolis do Sul,SP,1249,1047
3551405,Serra Azul,SP,3095,2754
3551504,Serrana,SP,14898,13624
3551603,Serra Negra,SP,11185,10065
3551702,Sertãozinho,SP,45884,41867
3551801,Sete Barras,SP,4481,3376
3551900,Severínia,SP,5058,4671
3552007,Silveiras,SP,2230,1621
3552106,Socorro,SP,15114,13111
3552205,Sorocaba,SP,261388,243011
3552304,Sud Mennucci,SP,2812,2419
3552403,Sumaré,SP,98542,90336
3552502,Suzano,SP,105787,96348
3552551,Suzanápolis,SP,1280,1113
3552601,Tabapuã,SP,4338,3656
3552700,Tabatinga,SP,5520,4746
3552809,Taboão da Serra,SP,99430,91310
3552908,Taciba,SP,2326,2077
3553005,Taguaí,SP,4348,3755
3553104,Taiaçu,SP,2086,1786
3553203,Taiúva,SP,2094,1744
3553302,Tambaú,SP,7617,6695
3553401,Tanabi,SP,9546,8188
3553500,Tapiraí,SP,2809,2243
3553609,Tapiratiba,SP,4203,3651
3553658,Taquaral,SP,949,830
3553708,Taquaritinga,SP,19821,17290
3553807,Taquarituba,SP,8372,7096
3553856,Taquarivaí,SP,2332,1973
3553906,Tarabai,SP,2315,1968
3553955,Tarumã,SP,5231,4687
3554003,Tatuí,SP,44171,39956
3554102,Taubaté,SP,112858,102279
3554201,Tejupá,SP,1434,1001
3554300,Teodoro Sampaio,SP,8109,7103
3554409,Terra Roxa,SP,2928,2534
3554508,Tietê,SP,13824,12884
3554607,Timburi,SP,975,757
3554656,Torre de Pedra,SP,814,661
3554706,Torrinha,SP,3422,2821
3554755,Trabiju,SP,598,528
3554805,Tremembé,SP,15136,13704
3554904,Três Fronteiras,SP,2587,2240
3554953,Tuiuti,SP,2527,2054
3555000,Tupã,SP,24078,20965
3555109,Tupi Paulista,SP,5575,4829
3555208,Turiúba,SP,756,625
3555307,Turmalina,SP,713,578
3555356,Ubarana,SP,1922,1660
3555406,Ubatuba,SP,34027,31052
3555505,Ubirajara,SP,1833,1540
3555604,Uchoa,SP,3980,3428
3555703,União Paulista,SP,585,522
3555802,Urânia,SP,3437,2870
3555901,Uru,SP,539,455
3556008,Urupês,SP,5205,4494
3556107,Valentim Gentil,SP,5173,4682
3556206,Valinhos,SP,46295,42988
3556305,Valparaíso,SP,7774,6797
3556354,Vargem,SP,3661,3140
3556404,Vargem Grande do Sul,SP,14599,12710
3556453,Vargem Grande Paulista,SP,17647,16535
3556503,Várzea Paulista,SP,40460,36892
3556602,Vera Cruz,SP,3568,2974
3556701,Vinhedo,SP,27413,25844
3556800,Viradouro,SP,6231,5529
3556909,Vista Alegre do Alto,SP,2866,2589
3556958,Vitória Brasil,SP,693,587
3557006,Votorantim,SP,44404,40956
3557105,Votuporanga,SP,37352,33684
3557154,Zacarias,SP,1056,899
3557204,Chavantes,SP,4336,3738
3557303,Estiva Gerbi,SP,3805,3382
4100103,Abatiá,PR,2716,1925
4100202,Adrianópolis,PR,2318,1853
4100301,Agudos do Sul,PR,3625,3192
4100400,Almirante Tamandaré,PR,40791,36963
4100459,Altamira do Paraná,PR,1331,984
4100509,Altônia,PR,7190,6137
4100608,Alto Paraná,PR,5058,4099
4100707,Alto Piquiri,PR,3680,3177
4100806,Alvorada do Sul,PR,3884,3338
4100905,Amaporã,PR,1733,1225
4101002,Ampére,PR,7294,6643
4101051,Anahy,PR,1116,875
4101101,Andirá,PR,7469,6481
4101150,Ângulo,PR,1222,970
4101200,Antonina,PR,6531,5288
4101309,Antônio Olinto,PR,2769,2000
4101408,Apucarana,PR,48145,42936
4101507,Arapongas,PR,43988,39203
4101606,Arapoti,PR,9209,7709
4101655,Arapuã,PR,1337,946
4101705,Araruna,PR,5460,4635
4101804,Araucária,PR,53284,48369
4101853,Ariranha do Ivaí,PR,894,683
4101903,Assaí,PR,5147,4459
4102000,Assis Chateaubriand,PR,13911,12219
4102109,Astorga,PR,9559,8386
4102208,Atalaia,PR,1469,1171
4102307,Balsa Nova,PR,4793,4162
4102406,Bandeirantes,PR,11312,9610
4102505,Barbosa Ferraz,PR,4309,3177
4102604,Barracão,PR,3605,3235
4102703,Barra do Jacaré,PR,1045,827
4102752,Bela Vista da Caroba,PR,1461,1147
4102802,Bela Vista do Paraíso,PR,5537,4727
4102901,Bituruna,PR,5184,4412
4103008,Boa Esperança,PR,1733,1559
4103024,Boa Esperança do Iguaçu,PR,883,705
4103040,Boa Ventura de São Roque,PR,2234,1712
4103057,Boa Vista da Aparecida,PR,2897,2405
4103107,Bocaiúva do Sul,PR,4648,3878
4103156,Bom Jesus do Sul,PR,1540,1160
4103206,Bom Sucesso,PR,2438,2043
4103222,Bom Sucesso do Sul,PR,1181,1026
4103305,Borrazópolis,PR,3055,2475
4103354,Braganey,PR,1861,1545
4103370,Brasilândia do Sul,PR,1420,1194
4103404,Cafeara,PR,1008,840
4103453,Cafelândia,PR,6773,6305
4103479,Cafezal do Sul,PR,1727,1302
4103503,Califórnia,PR,3188,2582
4103602,Cambará,PR,8365,7394
4103701,Cambé,PR,39173,35690
4103800,Cambira,PR,3531,2960
4103909,Campina da Lagoa,PR,6025,5138
4103958,Campina do Simão,PR,1379,817
4104006,Campina Grande do Sul,PR,16929,15142
4104055,Campo Bonito,PR,1462,1250
4104105,Campo do Tenente,PR,2461,2126
4104204,Campo Largo,PR,49376,43744
4104253,Campo Magro,PR,10863,9920
4104303,Campo Mourão,PR,37337,33592
4104402,Cândido de Abreu,PR,5590,4388
4104428,Candói,PR,5323,3992
4104451,Cantagalo,PR,3890,3060
4104501,Capanema,PR,7841,7234
4104600,Capitão Leônidas Marques,PR,5486,4838
4104659,Carambeí,PR,7902,6895
4104709,Carlópolis,PR,6183,4983
4104808,Cascavel,PR,129819,120950
4104907,Castro,PR,25038,21614
4105003,Catanduvas,PR,3375,2842
4105102,Centenário do Sul,PR,4244,3480
4105201,Cerro Azul,PR,5837,4187
4105300,Céu Azul,PR,4172,3770
4105409,Chopinzinho,PR,7741,6673
4105508,Cianorte,PR,29544,27037
4105607,Cidade Gaúcha,PR,4248,3714
4105706,Clevelândia,PR,5324,4237
4105805,Colombo,PR,81686,74561
4105904,Colorado,PR,8814,7669
4106001,Congonhinhas,PR,3157,2568
4106100,Conselheiro Mairinck,PR,1341,1082
4106209,Contenda,PR,6796,5677
4106308,Corbélia,PR,6421,5693
4106407,Cornélio Procópio,PR,16963,14877
4106456,Coronel Domingos Soares,PR,2007,1510
4106506,Coronel Vivida,PR,8603,7717
4106555,Corumbataí do Sul,PR,1470,1133
4106571,Cruzeiro do Iguaçu,PR,1548,1283
4106605,Cruzeiro do Oeste,PR,8720,7360
4106704,Cruzeiro do Sul,PR,1730,1433
4106803,Cruz Machado,PR,5667,4001
4106852,Cruzmaltina,PR,1076,798
4106902,Curitiba,PR,685739,645858
4107009,Curiúva,PR,5039,3941
4107108,Diamante do Norte,PR,1885,1692
4107124,Diamante do Sul,PR,1183,807
4107157,Diamante D'Oeste,PR,1688,1264
4107207,Dois Vizinhos,PR,16975,15689
4107256,Douradina,PR,3461,2994
4107306,Doutor Camargo,PR,2528,2142
4107405,Enéas Marques,PR,2203,1895
4107504,Engenheiro Beltrão,PR,4800,3902
4107520,Esperança Nova,PR,709,610
4107538,Entre Rios do Oeste,PR,1711,1586
4107546,Espigão Alto do Iguaçu,PR,1735,1296
4107553,Farol,PR,1134,831
4107603,Faxinal,PR,6133,5111
4107652,Fazenda Rio Grande,PR,50442,46647
4107702,Fênix,PR,1773,1379
4107736,Fernandes Pinheiro,PR,2163,1683
4107751,Figueira,PR,2947,2389
4107801,Floraí,PR,1934,1601
4107850,Flor da Serra do Sul,PR,1622,1327
4107900,Floresta,PR,3872,3348
4108007,Florestópolis,PR,4268,3668
4108106,Flórida,PR,969,731
4108205,Formosa do Oeste,PR,3014,2626
4108304,Foz do Iguaçu,PR,100261,92894
4108320,Francisco Alves,PR,2863,2527
4108403,Francisco Beltrão,PR,36846,33654
4108452,Foz do Jordão,PR,1781,1490
4108502,General Carneiro,PR,3839,3170
4108551,Godoy Moreira,PR,1184,792
4108601,Goioerê,PR,10748,9263
4108650,Goioxim,PR,2305,1769
4108700,Grandes Rios,PR,2121,1547
4108809,Guaíra,PR,11752,10472
4108908,Guairaçá,PR,2435,2075
4108957,Guamiranga,PR,2797,2315
4109005,Guapirama,PR,1729,1451
4109104,Guaporema,PR,833,756
4109203,Guaraci,PR,1813,1627
4109302,Guaraniaçu,PR,5253,3999
4109401,Guarapuava,PR,63979,56794
4109500,Guaraqueçaba,PR,2573,2068
4109609,Guaratuba,PR,15358,13939
4109658,Honório Serpa,PR,1772,1427
4109708,Ibaiti,PR,10750,8968
4109757,Ibema,PR,2350,2072
4109807,Ibiporã,PR,18790,16332
4109906,Icaraíma,PR,3334,2926
4110003,Iguaraçu,PR,1959,1732
4110052,Iguatu,PR,828,622
4110078,Imbaú,PR,4753,4020
4110102,Imbituva,PR,10308,8917
4110201,Inácio Martins,PR,3296,2425
4110300,Inajá,PR,996,561
4110409,Indianópolis,PR,1668,1334
4110508,Ipiranga,PR,4914,4257
4110607,Iporã,PR,5760,4922
4110656,Iracema do Oeste,PR,866,697
4110706,Irati,PR,21736,18560
4110805,Iretama,PR,3954,3077
4110904,Itaguajé,PR,1680,1322
4110953,Itaipulândia,PR,4119,3751
4111001,Itambaracá,PR,2187,1808
4111100,Itambé,PR,2335,2071
4111209,Itapejara d'Oeste,PR,4489,3930
4111258,Itaperuçu,PR,10519,8159
4111308,Itaúna do Sul,PR,1313,1108
4111407,Ivaí,PR,4580,3875
4111506,Ivaiporã,PR,12760,10954
4111555,Ivaté,PR,2587,2248
4111605,Ivatuba,PR,1063,932
4111704,Jaboti,PR,2048,1721
4111803,Jacarezinho,PR,14383,12971
4111902,Jaguapitã,PR,5502,4975
4112009,Jaguariaíva,PR,12774,11137
4112108,Jandaia do Sul,PR,8180,6947
4112207,Janiópolis,PR,2313,1850
4112306,Japira,PR,1834,1544
4112405,Japurá,PR,3472,2944
4112504,Jardim Alegre,PR,4567,3544
4112603,Jardim Olinda,PR,496,437
4112702,Jataizinho,PR,4265,3475
4112751,Jesuítas,PR,3787,3311
4112801,Joaquim Távora,PR,4369,3761
4112900,Jundiaí do Sul,PR,1251,867
4112959,Juranda,PR,2931,2599
4113007,Jussara,PR,2493,2088
4113106,Kaloré,PR,1752,1447
4113205,Lapa,PR,16655,13512
4113254,Laranjal,PR,1889,1059
4113304,Laranjeiras do Sul,PR,11864,10128
4113403,Leópolis,PR,1413,1181
4113429,Lidianópolis,PR,1535,1228
4113452,Lindoeste,PR,1873,1589
4113502,Loanda,PR,8568,7551
4113601,Lobato,PR,1735,1484
4113700,Londrina,PR,209400,190307
4113734,Luiziana,PR,2449,2048
4113759,Lunardelli,PR,1898,1379
4113809,Lupionópolis,PR,1869,1635
4113908,Mallet,PR,4916,3860
4114005,Mamborê,PR,5226,4615
4114104,Mandaguaçu,PR,11303,10113
4114203,Mandaguari,PR,13685,11799
4114302,Mandirituba,PR,9736,8070
4114351,Manfrinópolis,PR,1034,847
4114401,Mangueirinha,PR,5912,5046
4114500,Manoel Ribas,PR,4938,4085
4114609,Marechal Cândido Rondon,PR,21039,19498
4114708,Maria Helena,PR,2278,1796
4114807,Marialva,PR,15274,13711
4114906,Marilândia do Sul,PR,3139,2691
4115002,Marilena,PR,2657,2134
4115101,Mariluz,PR,3670,2858
4115200,Maringá,PR,156486,147731
4115309,Mariópolis,PR,2421,2076
4115358,Maripá,PR,2323,2161
4115408,Marmeleiro,PR,5907,5055
4115457,Marquinho,PR,1592,1297
4115507,Marumbi,PR,1803,1484
4115606,Matelândia,PR,6497,5973
4115705,Matinhos,PR,15016,13492
4115739,Mato Rico,PR,1220,900
4115754,Mauá da Serra,PR,3305,2761
4115804,Medianeira,PR,19535,18442
4115853,Mercedes,PR,2148,1987
4115903,Mirador,PR,818,656
4116000,Miraselva,PR,751,627
4116059,Missal,PR,4130,3799
4116109,Moreira Sales,PR,4487,3312
4116208,Morretes,PR,6651,5547
4116307,Munhoz de Melo,PR,1465,1267
4116406,Nossa Senhora das Graças,PR,1365,1183
4116505,Nova Aliança do Ivaí,PR,480,355
4116604,Nova América da Colina,PR,1164,976
4116703,Nova Aurora,PR,4899,4473
4116802,Nova Cantu,PR,2544,1805
4116901,Nova Esperança,PR,9992,8390
4116950,Nova Esperança do Sudoeste,PR,2055,1737
4117008,Nova Fátima,PR,2734,2339
4117057,Nova Laranjeiras,PR,4016,2968
4117107,Nova Londrina,PR,4747,4178
4117206,Nova Olímpia,PR,2262,1902
4117214,Nova Santa Bárbara,PR,1600,1444
4117222,Nova Santa Rosa,PR,3106,2812
4117255,Nova Prata do Iguaçu,PR,4522,4202
4117271,Nova Tebas,PR,2544,1884
4117297,Novo Itacolomi,PR,1160,952
4117305,Ortigueira,PR,8719,6261
4117404,Ourizona,PR,1196,981
4117453,Ouro Verde do Oeste,PR,2471,2032
4117503,Paiçandu,PR,16552,14809
4117602,Palmas,PR,16313,14268
4117701,Palmeira,PR,12162,10482
4117800,Palmital,PR,4751,3257
4117909,Palotina,PR,12648,11751
4118006,Paraíso do Norte,PR,4901,4233
4118105,Paranacity,PR,3494,3053
4118204,Paranaguá,PR,49024,44289
4118303,Paranapoema,PR,908,773
4118402,Paranavaí,PR,34330,30536
4118451,Pato Bragado,PR,2117,1938
4118501,Pato Branco,PR,34307,32475
4118600,Paula Freitas,PR,2058,1581
4118709,Paulo Frontin,PR,2301,1754
4118808,Peabiru,PR,5008,4227
4118857,Perobal,PR,2640,2277
4118907,Pérola,PR,4540,3973
4119004,Pérola d'Oeste,PR,2403,2136
4119103,Piên,PR,4708,4144
4119152,Pinhais,PR,45879,42859
4119202,Pinhalão,PR,2418,1891
4119251,Pinhal de São Bento,PR,956,797
4119301,Pinhão,PR,10401,7581
4119400,Piraí do Sul,PR,8309,6860
4119509,Piraquara,PR,38047,35347
4119608,Pitanga,PR,12312,10085
4119657,Pitangueiras,PR,1095,960
4119707,Planaltina do Paraná,PR,1473,1206
4119806,Planalto,PR,5319,4848
4119905,Ponta Grossa,PR,127660,115222
4119954,Pontal do Paraná,PR,11729,10803
4120002,Porecatu,PR,4349,3821
4120101,Porto Amazonas,PR,1472,1285
4120150,Porto Barreiro,PR,1133,912
4120200,Porto Rico,PR,1130,1005
4120309,Porto Vitória,PR,1238,1097
4120333,Prado Ferreira,PR,1368,1165
4120358,Pranchita,PR,2148,1916
4120408,Presidente Castelo Branco,PR,1557,1369
4120507,Primeiro de Maio,PR,3808,3242
4120606,Prudentópolis,PR,17664,14565
4120655,Quarto Centenário,PR,1547,1348
4120705,Quatiguá,PR,3149,2666
4120804,Quatro Barras,PR,8457,7873
4120853,Quatro Pontes,PR,1696,1594
4120903,Quedas do Iguaçu,PR,11118,9441
4121000,Querência do Norte,PR,3927,3397
4121109,Quinta do Sol,PR,1798,1544
4121208,Quitandinha,PR,6766,5495
4121257,Ramilândia,PR,1461,1195
4121307,Rancho Alegre,PR,1412,1140
4121356,Rancho Alegre D'Oeste,PR,969,850
4121406,Realeza,PR,7429,6795
4121505,Rebouças,PR,5316,4147
4121604,Renascença,PR,2501,2167
4121703,Reserva,PR,8979,6820
4121752,Reserva do Iguaçu,PR,2254,1767
4121802,Ribeirão Claro,PR,4585,4196
4121901,Ribeirão do Pinhal,PR,4903,3667
4122008,Rio Azul,PR,4927,3679
4122107,Rio Bom,PR,1243,904
4122156,Rio Bonito do Iguaçu,PR,4825,4164
4122172,Rio Branco do Ivaí,PR,1376,1088
4122206,Rio Branco do Sul,PR,13334,9296
4122305,Rio Negro,PR,10986,9947
4122404,Rolândia,PR,25793,22888
4122503,Roncador,PR,4330,3272
4122602,Rondon,PR,3369,2671
4122651,Rosário do Ivaí,PR,2077,1593
4122701,Sabáudia,PR,3170,2771
4122800,Salgado Filho,PR,1548,1217
4122909,Salto do Itararé,PR,1999,1467
4123006,Salto do Lontra,PR,5635,4867
4123105,Santa Amélia,PR,1293,1034
4123204,Santa Cecília do Pavão,PR,1301,1020
4123303,Santa Cruz de Monte Castelo,PR,3226,2591
4123402,Santa Fé,PR,4259,3729
4123501,Santa Helena,PR,9523,8806
4123600,Santa Inês,PR,677,565
4123709,Santa Isabel do Ivaí,PR,3473,2929
4123808,Santa Izabel do Oeste,PR,5177,4417
4123824,Santa Lúcia,PR,1389,1086
4123857,Santa Maria do Oeste,PR,3611,2321
4123907,Santa Mariana,PR,4219,3501
4123956,Santa Mônica,PR,1252,989
4124004,Santana do Itararé,PR,2099,1676
4124020,Santa Tereza do Oeste,PR,4668,4269
4124053,Santa Terezinha de Itaipu,PR,8613,7808
4124103,Santo Antônio da Platina,PR,16072,13365
4124202,Santo Antônio do Caiuá,PR,980,817
4124301,Santo Antônio do Paraíso,PR,819,692
4124400,Santo Antônio do Sudoeste,PR,8387,7633
4124509,Santo Inácio,PR,2274,2091
4124608,São Carlos do Ivaí,PR,2368,2052
4124707,São Jerônimo da Serra,PR,3950,3114
4124806,São João,PR,4537,4011
4124905,São João do Caiuá,PR,2179,1804
4125001,São João do Ivaí,PR,4213,3528
4125100,São João do Triunfo,PR,4909,3897
4125209,São Jorge d'Oeste,PR,3555,3210
4125308,São Jorge do Ivaí,PR,1925,1685
4125357,São Jorge do Patrocínio,PR,2512,2019
4125407,São José da Boa Vista,PR,2355,1864
4125456,São José das Palmeiras,PR,1511,1312
4125506,São José dos Pinhais,PR,117126,109078
4125555,São Manoel do Paraná,PR,808,585
4125605,São Mateus do Sul,PR,15520,12751
4125704,São Miguel do Iguaçu,PR,10692,9577
4125753,São Pedro do Iguaçu,PR,2204,1913
4125803,São Pedro do Ivaí,PR,3355,2869
4125902,São Pedro do Paraná,PR,984,847
4126009,São Sebastião da Amoreira,PR,2984,2524
4126108,São Tomé,PR,1948,1590
4126207,Sapopema,PR,2402,1994
4126256,Sarandi,PR,42869,39632
4126272,Saudade do Iguaçu,PR,2119,1795
4126306,Sengés,PR,6102,5201
4126355,Serranópolis do Iguaçu,PR,1841,1653
4126405,Sertaneja,PR,2191,1907
4126504,Sertanópolis,PR,5839,5041
4126603,Siqueira Campos,PR,8608,7498
4126652,Sulina,PR,1341,1119
4126678,Tamarana,PR,3686,2722
4126702,Tamboara,PR,1865,1572
4126801,Tapejara,PR,5818,4920
4126900,Tapira,PR,2253,1786
4127007,Teixeira Soares,PR,3327,2860
4127106,Telêmaco Borba,PR,26417,24386
4127205,Terra Boa,PR,6518,5538
4127304,Terra Rica,PR,5526,4764
4127403,Terra Roxa,PR,6764,5819
4127502,Tibagi,PR,7015,5843
4127601,Tijucas do Sul,PR,6396,5297
4127700,Toledo,PR,56383,53107
4127809,Tomazina,PR,3197,2615
4127858,Três Barras do Paraná,PR,4102,3508
4127882,Tunas do Paraná,PR,2104,1764
4127908,Tuneiras do Oeste,PR,3075,2585
4127957,Tupãssi,PR,3046,2694
4127965,Turvo,PR,5016,4013
4128005,Ubiratã,PR,9224,8107
4128104,Umuarama,PR,44287,39613
4128203,União da Vitória,PR,19961,17932
4128302,Uniflor,PR,806,653
4128401,Uraí,PR,4043,3310
4128500,Wenceslau Braz,PR,7086,5807
4128534,Ventania,PR,3451,2701
4128559,Vera Cruz do Oeste,PR,3141,2751
4128609,Verê,PR,2928,2600
4128625,Alto Paraíso,PR,1136,981
4128633,Doutor Ulysses,PR,2066,1336
4128658,Virmond,PR,1401,964
4128708,Vitorino,PR,3489,3023
4128807,Xambrê,PR,2202,1772
4200051,Abdon Batista,SC,966,861
4200101,Abelardo Luz,SC,6036,5343
4200200,Agrolândia,SC,3916,3565
4200309,Agronômica,SC,2232,2118
4200408,Água Doce,SC,2431,2116
4200507,Águas de Chapecó,SC,2275,1843
4200556,Águas Frias,SC,1026,897
4200606,Águas Mornas,SC,2460,2087
4200705,Alfredo Wagner,SC,3888,3250
4200754,Alto Bela Vista,SC,725,599
4200804,Anchieta,SC,2280,2090
4200903,Angelina,SC,1998,1728
4201000,Anita Garibaldi,SC,3127,2530
4201109,Anitápolis,SC,1333,1169
4201208,Antônio Carlos,SC,3774,3350
4201257,Apiúna,SC,3535,3345
4201273,Arabutã,SC,1606,1336
4201307,Araquari,SC,15033,13676
4201406,Araranguá,SC,26759,24628
4201505,Armazém,SC,3248,2875
4201604,Arroio Trinta,SC,1391,1259
4201653,Arvoredo,SC,869,747
4201703,Ascurra,SC,3015,2659
4201802,Atalanta,SC,1202,1077
4201901,Aurora,SC,2426,2046
4201950,Balneário Arroio do Silva,SC,6003,5526
4202008,Balneário Camboriú,SC,57954,55860
4202057,Balneário Barra do Sul,SC,5801,5263
4202073,Balneário Gaivota,SC,5966,5367
4202081,Bandeirante,SC,1142,912
4202099,Barra Bonita,SC,613,501
4202107,Barra Velha,SC,16153,15088
4202131,Bela Vista do Toldo,SC,2081,1542
4202156,Belmonte,SC,954,813
4202206,Benedito Novo,SC,3715,3276
4202305,Biguaçu,SC,28285,26106
4202404,Blumenau,SC,137257,131328
4202438,Bocaina do Sul,SC,1324,940
4202453,Bombinhas,SC,9072,8720
4202503,Bom Jardim da Serra,SC,1527,1316
4202537,Bom Jesus,SC,975,820
4202578,Bom Jesus do Oeste,SC,806,676
4202602,Bom Retiro,SC,3036,2764
4202701,Botuverá,SC,1976,1779
4202800,Braço do Norte,SC,11864,11276
4202859,Braço do Trombudo,SC,1494,1272
4202875,Brunópolis,SC,936,692
4202909,Brusque,SC,50217,47080
4203006,Caçador,SC,26323,24391
4203105,Caibi,SC,2313,2034
4203154,Calmon,SC,1128,900
4203204,Camboriú,SC,36480,34650
4203253,Capão Alto,SC,1002,751
4203303,Campo Alegre,SC,4403,3936
4203402,Campo Belo do Sul,SC,2675,2180
4203501,Campo Erê,SC,3487,2998
4203600,Campos Novos,SC,13607,12459
4203709,Canelinha,SC,4495,3980
4203808,Canoinhas,SC,19719,16988
4203907,Capinzal,SC,8950,7387
4203956,Capivari de Baixo,SC,8574,7895
4204004,Catanduvas,SC,3822,3522
4204103,Caxambu do Sul,SC,1676,1401
4204152,Celso Ramos,SC,1031,838
4204178,Cerro Negro,SC,1197,844
4204194,Chapadão do Lageado,SC,1082,981
4204202,Chapecó,SC,93252,87506
4204251,Cocal do Sul,SC,6230,5777
4204301,Concórdia,SC,30364,27553
4204350,Cordilheira Alta,SC,1664,1515
4204400,Coronel Freitas,SC,3721,3437
4204459,Coronel Martins,SC,763,619
4204509,Corupá,SC,5440,4826
4204558,Correia Pinto,SC,5636,4841
4204608,Criciúma,SC,79767,74994
4204707,Cunha Porã,SC,4191,3698
4204756,Cunhataí,SC,703,588
4204806,Curitibanos,SC,14309,12775
4204905,Descanso,SC,3140,2789
4205001,Dionísio Cerqueira,SC,5638,4948
4205100,Dona Emma,SC,1454,1187
4205159,Doutor Pedrinho,SC,1363,1215
4205175,Entre Rios,SC,1173,858
4205191,Ermo,SC,809,692
4205209,Erval Velho,SC,1875,1550
4205308,Faxinal dos Guedes,SC,4036,3671
4205357,Flor do Sertão,SC,663,536
4205407,Florianópolis,SC,219689,210474
4205431,Formosa do Sul,SC,952,845
4205456,Forquilhinha,SC,10864,10361
4205506,Fraiburgo,SC,11912,10733
4205555,Frei Rogério,SC,866,745
4205605,Galvão,SC,1156,987
4205704,Garopaba,SC,11236,10527
4205803,Garuva,SC,6215,5730
4205902,Gaspar,SC,25852,24192
4206009,Governador Celso Ramos,SC,6160,5441
4206108,Grão-Pará,SC,2178,1946
4206207,Gravatal,SC,4622,4142
4206306,Guabiruba,SC,8367,7732
4206405,Guaraciaba,SC,3987,3604
4206504,Guaramirim,SC,16293,15335
4206603,Guarujá do Sul,SC,1946,1772
4206652,Guatambú,SC,2913,2518
4206702,Herval d'Oeste,SC,8286,7470
4206751,Ibiam,SC,715,633
4206801,Ibicaré,SC,1251,1041
4206900,Ibirama,SC,7258,6656
4207007,Içara,SC,21128,19518
4207106,Ilhota,SC,5867,5460
4207205,Imaruí,SC,4588,3744
4207304,Imbituba,SC,19887,18253
4207403,Imbuia,SC,2177,1983
4207502,Indaial,SC,25816,24452
4207577,Iomerê,SC,1066,992
4207601,Ipira,SC,1836,1544
4207650,Iporã do Oeste,SC,3397,3016
4207684,Ipuaçu,SC,2528,1766
4207700,Ipumirim,SC,2812,2530
4207759,Iraceminha,SC,1465,1163
4207809,Irani,SC,3656,3236
4207858,Irati,SC,787,634
4207908,Irineópolis,SC,3603,3107
4208005,Itá,SC,2693,2461
4208104,Itaiópolis,SC,7734,6816
4208203,Itajaí,SC,94039,89158
4208302,Itapema,SC,27427,26277
4208401,Itapiranga,SC,6005,5616
4208450,Itapoá,SC,11474,10340
4208500,Ituporanga,SC,9513,8768
4208609,Jaborá,SC,1542,1327
4208708,Jacinto Machado,SC,3953,3431
4208807,Jaguaruna,SC,7565,6682
4208906,Jaraguá do Sul,SC,66395,63312
4208955,Jardinópolis,SC,676,584
4209003,Joaçaba,SC,11774,10933
4209102,Joinville,SC,223947,210663
4209151,José Boiteux,SC,1878,1665
4209177,Jupiá,SC,949,814
4209201,Lacerdópolis,SC,830,744
4209300,Lages,SC,59945,54329
4209409,Laguna,SC,16396,14709
4209458,Lajeado Grande,SC,585,499
4209508,Laurentino,SC,2938,2725
4209607,Lauro Müller,SC,5281,4686
4209706,Lebon Régis,SC,3881,3313
4209805,Leoberto Leal,SC,1218,1078
4209854,Lindóia do Sul,SC,1638,1457
4209904,Lontras,SC,4669,4301
4210001,Luiz Alves,SC,3985,3700
4210035,Luzerna,SC,2288,2112
4210050,Macieira,SC,648,558
4210100,Mafra,SC,20082,17809
4210209,Major Gercino,SC,1205,1067
4210308,Major Vieira,SC,2683,2058
4210407,Maracajá,SC,2743,2567
4210506,Maravilha,SC,10625,9529
4210555,Marema,SC,742,644
4210605,Massaranduba,SC,6205,5657
4210704,Matos Costa,SC,965,811
4210803,Meleiro,SC,2586,2313
4210852,Mirim Doce,SC,903,786
4210902,Modelo,SC,1531,1315
4211009,Mondaí,SC,3776,3264
4211058,Monte Carlo,SC,3169,2659
4211108,Monte Castelo,SC,2668,2239
4211207,Morro da Fumaça,SC,6395,5852
4211256,Morro Grande,SC,1088,919
4211306,Navegantes,SC,29453,28038
4211405,Nova Erechim,SC,1874,1685
4211454,Nova Itaberaba,SC,1684,1411
4211504,Nova Trento,SC,5035,4531
4211603,Nova Veneza,SC,4858,4454
4211652,Novo Horizonte,SC,909,795
4211702,Orleans,SC,8557,7747
4211751,Otacílio Costa,SC,6307,5765
4211801,Ouro,SC,2657,2383
4211850,Ouro Verde,SC,787,727
4211876,Paial,SC,692,520
4211892,Painel,SC,841,689
4211900,Palhoça,SC,81744,77637
4212007,Palma Sola,SC,2782,2379
4212056,Palmeira,SC,959,721
4212106,Palmitos,SC,6050,5289
4212205,Papanduva,SC,6901,5733
4212239,Paraíso,SC,1565,1340
4212254,Passo de Torres,SC,4736,4589
4212270,Passos Maia,SC,1334,1041
4212304,Paulo Lopes,SC,3296,2861
4212403,Pedras Grandes,SC,1586,1326
4212502,Penha,SC,11986,11086
4212601,Peritiba,SC,1200,1063
4212650,Pescaria Brava,SC,3820,3260
4212700,Petrolândia,SC,2442,2102
4212809,Balneário Piçarras,SC,9816,9161
4212908,Pinhalzinho,SC,8162,7422
4213005,Pinheiro Preto,SC,1175,1080
4213104,Piratuba,SC,2284,2019
4213153,Planalto Alegre,SC,1059,943
4213203,Pomerode,SC,11951,11241
4213302,Ponte Alta,SC,1599,1333
4213351,Ponte Alta do Norte,SC,1061,875
4213401,Ponte Serrada,SC,3777,3177
4213500,Porto Belo,SC,9886,9217
4213609,Porto União,SC,11870,10533
4213708,Pouso Redondo,SC,6073,5645
4213807,Praia Grande,SC,3237,2773
4213906,Presidente Castello Branco,SC,606,560
4214003,Presidente Getúlio,SC,7011,6477
4214102,Presidente Nereu,SC,884,806
4214151,Princesa,SC,1092,936
4214201,Quilombo,SC,3856,3499
4214300,Rancho Queimado,SC,1250,1139
4214409,Rio das Antas,SC,2239,1959
4214508,Rio do Campo,SC,2342,2140
4214607,Rio do Oeste,SC,2739,2577
4214706,Rio dos Cedros,SC,3851,3504
4214805,Rio do Sul,SC,27443,25974
4214904,Rio Fortuna,SC,1587,1496
4215000,Rio Negrinho,SC,13749,11966
4215059,Rio Rufino,SC,872,767
4215075,Riqueza,SC,1838,1516
4215109,Rodeio,SC,4700,4201
4215208,Romelândia,SC,1861,1510
4215307,Salete,SC,2750,2518
4215356,Saltinho,SC,1360,1092
4215406,Salto Veloso,SC,1663,1544
4215455,Sangão,SC,4255,3896
4215505,Santa Cecília,SC,5384,4698
4215554,Santa Helena,SC,882,735
4215604,Santa Rosa de Lima,SC,736,679
4215653,Santa Rosa do Sul,SC,3664,3406
4215679,Santa Terezinha,SC,2944,2676
4215687,Santa Terezinha do Progresso,SC,955,741
4215695,Santiago do Sul,SC,579,469
4215703,Santo Amaro da Imperatriz,SC,10190,9503
4215752,São Bernardino,SC,978,842
4215802,São Bento do Sul,SC,30049,28030
4215901,São Bonifácio,SC,1127,1042
4216008,São Carlos,SC,3869,3434
4216057,São Cristóvão do Sul,SC,1475,1148
4216107,São Domingos,SC,3460,2949
4216206,São Francisco do Sul,SC,19366,18037
4216255,São João do Oeste,SC,2349,2144
4216305,São João Batista,SC,11620,10660
4216354,São João do Itaperiú,SC,1490,1275
4216404,São João do Sul,SC,3317,2881
4216503,São Joaquim,SC,9560,8426
4216602,São José,SC,105597,99500
4216701,São José do Cedro,SC,5337,4903
4216800,São José do Cerrito,SC,3328,2697
4216909,São Lourenço do Oeste,SC,8993,8266
4217006,São Ludgero,SC,4657,4466
4217105,São Martinho,SC,1170,1048
4217154,São Miguel da Boa Vista,SC,662,492
4217204,São Miguel do Oeste,SC,17275,16356
4217253,São Pedro de Alcântara,SC,1742,1408
4217303,Saudades,SC,3600,3201
4217402,Schroeder,SC,6842,6501
4217501,Seara,SC,6672,5924
4217550,Serra Alta,SC,1230,1033
4217600,Siderópolis,SC,4951,4494
4217709,Sombrio,SC,11054,10260
4217758,Sul Brasil,SC,999,893
4217808,Taió,SC,6840,6361
4217907,Tangará,SC,3055,2694
4217956,Tigrinhos,SC,864,619
4218004,Tijucas,SC,18181,17135
4218103,Timbé do Sul,SC,1995,1707
4218202,Timbó,SC,16753,15806
4218251,Timbó Grande,SC,2528,2072
4218301,Três Barras,SC,6569,5757
4218350,Treviso,SC,1372,1212
4218400,Treze de Maio,SC,2586,2246
4218509,Treze Tílias,SC,3253,2979
4218608,Trombudo Central,SC,2724,2429
4218707,Tubarão,SC,42133,39137
4218756,Tunápolis,SC,1765,1588
4218806,Turvo,SC,4824,4318
4218855,União do Oeste,SC,1026,877
4218905,Urubici,SC,3952,3529
4218954,Urupema,SC,956,796
4219002,Urussanga,SC,7786,7081
4219101,Vargeão,SC,1292,1099
4219150,Vargem,SC,1009,840
4219176,Vargem Bonita,SC,1612,1428
4219200,Vidal Ramos,SC,2335,2117
4219309,Videira,SC,20554,19465
4219358,Vitor Meireles,SC,1922,1752
4219408,Witmarsum,SC,1522,1324
4219507,Xanxerê,SC,19420,17764
4219606,Xavantina,SC,1254,1012
4219705,Xaxim,SC,11652,10728
4219853,Zortéa,SC,1463,1297
4220000,Balneário Rincão,SC,5817,5378
4300034,Aceguá,RS,1578,1303
4300059,Água Santa,RS,1382,1207
4300109,Agudo,RS,6134,5213
4300208,Ajuricaba,RS,2591,2204
4300307,Alecrim,RS,2553,1928
4300406,Alegrete,RS,28255,23806
4300455,Alegria,RS,1453,935
4300471,Almirante Tamandaré do Sul,RS,799,678
4300505,Alpestre,RS,2848,2196
4300554,Alto Alegre,RS,697,589
4300570,Alto Feliz,RS,1230,990
4300604,Alvorada,RS,68761,61048
4300638,Amaral Ferrador,RS,2012,1477
4300646,Ametista do Sul,RS,2904,2388
4300661,André da Rocha,RS,437,364
4300703,Anta Gorda,RS,2235,1922
4300802,Antônio Prado,RS,5010,4533
4300851,Arambaré,RS,1729,1322
4300877,Araricá,RS,3216,2897
4300901,Aratiba,RS,2575,2199
4301008,Arroio do Meio,RS,8407,7650
4301057,Arroio do Sal,RS,4469,4057
4301073,Arroio do Padre,RS,825,660
4301107,Arroio dos Ratos,RS,5515,4518
4301206,Arroio do Tigre,RS,4455,3839
4301305,Arroio Grande,RS,7276,5894
4301404,Arvorezinha,RS,3931,3281
4301503,Augusto Pestana,RS,2834,2355
4301552,Áurea,RS,1318,931
4301602,Bagé,RS,45255,39103
4301636,Balneário Pinhal,RS,6093,4940
4301651,Barão,RS,2427,2099
4301701,Barão de Cotegipe,RS,2680,2301
4301750,Barão do Triunfo,RS,2408,1471
4301800,Barracão,RS,1931,1570
4301859,Barra do Guarita,RS,1179,988
4301875,Barra do Quaraí,RS,1463,1275
4301909,Barra do Ribeiro,RS,4796,3825
4301925,Barra do Rio Azul,RS,620,491
4301958,Barra Funda,RS,896,812
4302006,Barros Cassal,RS,3693,2189
4302055,Benjamin Constant do Sul,RS,725,501
4302105,Bento Gonçalves,RS,48773,44900
4302154,Boa Vista das Missões,RS,765,646
4302204,Boa Vista do Buricá,RS,2738,2424
4302220,Boa Vista do Cadeado,RS,855,729
4302238,Boa Vista do Incra,RS,840,770
4302253,Boa Vista do Sul,RS,1052,842
4302303,Bom Jesus,RS,4187,3151
4302352,Bom Princípio,RS,4996,4541
4302378,Bom Progresso,RS,821,645
4302402,Bom Retiro do Sul,RS,4865,4294
4302451,Boqueirão do Leão,RS,2438,1860
4302501,Bossoroca,RS,2360,1656
4302584,Bozano,RS,808,663
4302600,Braga,RS,1238,911
4302659,Brochier,RS,2018,1679
4302709,Butiá,RS,7350,5748
4302808,Caçapava do Sul,RS,13435,10339
4302907,Cacequi,RS,4268,3235
4303004,Cachoeira do Sul,RS,31792,26399
4303103,Cachoeirinha,RS,52494,48132
4303202,Cacique Doble,RS,1661,1258
4303301,Caibaté,RS,1892,1520
4303400,Caiçara,RS,1852,1425
4303509,Camaquã,RS,23866,19666
4303558,Camargo,RS,1128,1017
4303608,Cambará do Sul,RS,2419,2156
4303673,Campestre da Serra,RS,1284,1025
4303707,Campina das Missões,RS,2301,2034
4303806,Campinas do Sul,RS,2057,1711
4303905,Campo Bom,RS,24064,22134
4304002,Campo Novo,RS,1917,1500
4304101,Campos Borges,RS,1460,1106
4304200,Candelária,RS,11399,9528
4304309,Cândido Godói,RS,2439,2076
4304358,Candiota,RS,4109,3496
4304408,Canela,RS,18310,17074
4304507,Canguçu,RS,19315,15082
4304606,Canoas,RS,132703,122354
4304614,Canudos do Vale,RS,648,484
4304622,Capão Bonito do Sul,RS,691,507
4304630,Capão da Canoa,RS,23876,21746
4304655,Capão do Cipó,RS,1167,1020
4304663,Capão do Leão,RS,10141,8557
4304671,Capivari do Sul,RS,1496,1279
4304689,Capela de Santana,RS,4229,3491
4304697,Capitão,RS,1054,893
4304705,Carazinho,RS,24190,21549
4304713,Caraá,RS,3017,2410
4304804,Carlos Barbosa,RS,11651,10646
4304853,Carlos Gomes,RS,513,355
4304903,Casca,RS,3621,3383
4304952,Caseiros,RS,1112,875
4305009,Catuípe,RS,3373,2783
4305108,Caxias do Sul,RS,184841,171718
4305116,Centenário,RS,1029,727
4305124,Cerrito,RS,2429,1872
4305132,Cerro Branco,RS,1581,1182
4305157,Cerro Grande,RS,915,773
4305173,Cerro Grande do Sul,RS,3576,2642
4305207,Cerro Largo,RS,5350,4735
4305306,Chapada,RS,3813,3202
4305355,Charqueadas,RS,12006,10454
4305371,Charrua,RS,959,719
4305405,Chiapetta,RS,1524,1273
4305439,Chuí,RS,2384,2124
4305447,Chuvisca,RS,1669,1228
4305454,Cidreira,RS,6845,6009
4305504,Ciríaco,RS,1680,1271
4305587,Colinas,RS,950,772
4305603,Colorado,RS,1277,1097
4305702,Condor,RS,2394,2028
4305801,Constantina,RS,3788,2963
4305835,Coqueiro Baixo,RS,502,380
4305850,Coqueiros do Sul,RS,897,709
4305871,Coronel Barros,RS,1092,979
4305900,Coronel Bicaco,RS,2324,1785
4305934,Coronel Pilar,RS,565,460
4305959,Cotiporã,RS,1425,1299
4305975,Coxilha,RS,1018,879
4306007,Crissiumal,RS,5271,4475
4306056,Cristal,RS,2768,2225
4306072,Cristal do Sul,RS,1051,812
4306106,Cruz Alta,RS,22764,19805
4306130,Cruzaltense,RS,616,504
4306205,Cruzeiro do Sul,RS,4589,3852
4306304,David Canabarro,RS,1658,1435
4306320,Derrubadas,RS,1074,842
4306353,Dezesseis de Novembro,RS,1017,767
4306379,Dilermando de Aguiar,RS,1147,741
4306403,Dois Irmãos,RS,11922,11090
4306429,Dois Irmãos das Missões,RS,798,631
4306452,Dois Lajeados,RS,1161,1028
4306502,Dom Feliciano,RS,5086,3491
4306551,Dom Pedro de Alcântara,RS,1049,879
4306601,Dom Pedrito,RS,14302,11681
4306700,Dona Francisca,RS,1222,1050
4306734,Doutor Maurício Cardoso,RS,1821,1495
4306759,Doutor Ricardo,RS,710,584
4306767,Eldorado do Sul,RS,14472,12863
4306809,Encantado,RS,9026,8219
4306908,Encruzilhada do Sul,RS,9611,7063
4306924,Engenho Velho,RS,442,335
4306932,Entre-Ijuís,RS,3583,2908
4306957,Entre Rios do Sul,RS,1087,780
4306973,Erebango,RS,1072,844
4307005,Erechim,RS,42098,38639
4307054,Ernestina,RS,1253,943
4307104,Herval,RS,2672,1855
4307203,Erval Grande,RS,1956,1440
4307302,Erval Seco,RS,2610,1700
4307401,Esmeralda,RS,1248,917
4307450,Esperança do Sul,RS,1276,988
4307500,Espumoso,RS,5803,4871
4307559,Estação,RS,2172,1854
4307609,Estância Velha,RS,17902,16343
4307708,Esteio,RS,29274,26398
4307807,Estrela,RS,12405,11245
4307815,Estrela Velha,RS,1161,941
4307831,Eugênio de Castro,RS,1112,901
4307864,Fagundes Varela,RS,883,750
4307906,Farroupilha,RS,27014,24791
4308003,Faxinal do Soturno,RS,2582,2183
4308052,Faxinalzinho,RS,1004,750
4308078,Fazenda Vilanova,RS,1644,1388
4308102,Feliz,RS,5442,4906
4308201,Flores da Cunha,RS,11815,10863
4308250,Floriano Peixoto,RS,693,531
4308300,Fontoura Xavier,RS,3705,2759
4308409,Formigueiro,RS,2537,1732
4308433,Forquetinha,RS,955,710
4308458,Fortaleza dos Valos,RS,1730,1523
4308508,Frederico Westphalen,RS,12702,11404
4308607,Garibaldi,RS,13405,12321
4308656,Garruchos,RS,1056,766
4308706,Gaurama,RS,2205,1832
4308805,General Câmara,RS,3148,2443
4308854,Gentil,RS,646,523
4308904,Getúlio Vargas,RS,6678,5966
4309001,Giruá,RS,6128,4896
4309050,Glorinha,RS,2987,2413
4309100,Gramado,RS,15378,14415
4309126,Gramado dos Loureiros,RS,723,538
4309159,Gramado Xavier,RS,1245,934
4309209,Gravataí,RS,101782,89676
4309258,Guabiju,RS,563,448
4309308,Guaíba,RS,35175,31670
4309407,Guaporé,RS,9646,8750
4309506,Guarani das Missões,RS,2802,2280
4309555,Harmonia,RS,2022,1772
4309571,Herveiras,RS,969,693
4309605,Horizontina,RS,7615,6766
4309654,Hulha Negra,RS,2206,1800
4309704,Humaitá,RS,1885,1584
4309753,Ibarama,RS,1419,1077
4309803,Ibiaçá,RS,1771,1490
4309902,Ibiraiaras,RS,2525,2244
4309951,Ibirapuitã,RS,1462,1202
4310009,Ibirubá,RS,8361,7642
4310108,Igrejinha,RS,12787,11528
4310207,Ijuí,RS,32516,28775
4310306,Ilópolis,RS,1509,1301
4310330,Imbé,RS,10470,9494
4310363,Imigrante,RS,1183,999
4310405,Independência,RS,2487,2024
4310413,Inhacorá,RS,782,587
4310439,Ipê,RS,2136,1764
4310462,Ipiranga do Sul,RS,675,616
4310504,Iraí,RS,2838,2257
4310538,Itaara,RS,2115,1847
4310553,Itacurubi,RS,1171,814
4310579,Itapuca,RS,725,593
4310603,Itaqui,RS,12911,11190
4310652,Itati,RS,1040,796
4310702,Itatiba do Sul,RS,1281,952
4310751,Ivorá,RS,740,513
4310801,Ivoti,RS,8618,8121
4310850,Jaboticaba,RS,1501,1049
4310876,Jacuizinho,RS,784,558
4310900,Jacutinga,RS,1301,1053
4311007,Jaguarão,RS,10816,8985
4311106,Jaguari,RS,4309,3418
4311122,Jaquirana,RS,1392,1009
4311130,Jari,RS,1330,1088
4311155,Jóia,RS,2781,2354
4311205,Júlio de Castilhos,RS,6965,5564
4311239,Lagoa Bonita do Sul,RS,866,727
4311254,Lagoão,RS,2036,1137
4311270,Lagoa dos Três Cantos,RS,654,583
4311304,Lagoa Vermelha,RS,10769,8856
4311403,Lajeado,RS,37920,34920
4311429,Lajeado do Bugre,RS,984,689
4311502,Lavras do Sul,RS,2923,2091
4311601,Liberato Salzano,RS,1828,1374
4311627,Lindolfo Collor,RS,2311,2094
4311643,Linha Nova,RS,665,509
4311700,Machadinho,RS,2299,1870
4311718,Maçambará,RS,1632,1335
4311734,Mampituba,RS,1233,1035
4311759,Manoel Viana,RS,2761,2195
4311775,Maquiné,RS,2911,2326
4311791,Maratá,RS,972,802
4311809,Marau,RS,17270,15956
4311908,Marcelino Ramos,RS,1734,1406
4311981,Mariana Pimentel,RS,1642,1101
4312005,Mariano Moro,RS,757,638
4312054,Marques de Souza,RS,1575,1324
4312104,Mata,RS,1959,1428
4312138,Mato Castelhano,RS,929,724
4312153,Mato Leitão,RS,1883,1597
4312179,Mato Queimado,RS,696,572
4312203,Maximiliano de Almeida,RS,1647,1197
4312252,Minas do Leão,RS,2814,2274
4312302,Miraguaí,RS,1658,1214
4312351,Montauri,RS,535,494
4312377,Monte Alegre dos Campos,RS,1194,781
4312385,Monte Belo do Sul,RS,917,816
4312401,Montenegro,RS,25877,22881
4312427,Mormaço,RS,1058,810
4312443,Morrinhos do Sul,RS,1279,1131
4312450,Morro Redondo,RS,2513,1998
4312476,Morro Reuter,RS,2301,2060
4312500,Mostardas,RS,4595,3633
4312609,Muçum,RS,1785,1491
4312617,Muitos Capões,RS,1097,897
4312625,Muliterno,RS,599,491
4312658,Não-Me-Toque,RS,6970,6343
4312674,Nicolau Vergueiro,RS,767,600
4312708,Nonoai,RS,5144,3976
4312757,Nova Alvorada,RS,1172,1086
4312807,Nova Araçá,RS,1811,1644
4312906,Nova Bassano,RS,3292,2929
4312955,Nova Boa Vista,RS,796,697
4313003,Nova Bréscia,RS,1213,1057
4313011,Nova Candelária,RS,1182,1079
4313037,Nova Esperança do Sul,RS,1907,1604
4313060,Nova Hartz,RS,7538,6771
4313086,Nova Pádua,RS,810,759
4313102,Nova Palma,RS,2041,1641
4313201,Nova Petrópolis,RS,9044,8015
4313300,Nova Prata,RS,9884,9238
4313334,Nova Ramada,RS,864,733
4313359,Nova Roma do Sul,RS,1247,1110
4313375,Nova Santa Rita,RS,10264,9043
4313391,Novo Cabrais,RS,1458,1208
4313409,Novo Hamburgo,RS,89756,80917
4313425,Novo Machado,RS,1305,970
4313441,Novo Tiradentes,RS,819,632
4313466,Novo Xingu,RS,622,502
4313490,Novo Barreiro,RS,1647,1280
4313508,Osório,RS,17757,15944
4313607,Paim Filho,RS,1414,1166
4313656,Palmares do Sul,RS,5175,4295
4313706,Palmeira das Missões,RS,12790,10732
4313805,Palmitinho,RS,3004,2521
4313904,Panambi,RS,16485,15047
4313953,Pantano Grande,RS,3972,3051
4314001,Paraí,RS,2654,2373
4314027,Paraíso do Sul,RS,2613,1900
4314035,Pareci Novo,RS,1684,1468
4314050,Parobé,RS,19884,17482
4314068,Passa Sete,RS,1525,1181
4314076,Passo do Sobrado,RS,2381,1767
4314100,Passo Fundo,RS,82151,74189
4314134,Paulo Bento,RS,793,642
4314159,Paverama,RS,3149,2410
4314175,Pedras Altas,RS,866,695
4314209,Pedro Osório,RS,3084,2482
4314308,Pejuçara,RS,1376,1205
4314407,Pelotas,RS,130684,116084
4314423,Picada Café,RS,2031,1795
4314456,Pinhal,RS,1090,877
4314464,Pinhal da Serra,RS,885,724
4314472,Pinhal Grande,RS,1475,1048
4314498,Pinheirinho do Vale,RS,1697,1459
4314506,Pinheiro Machado,RS,4884,3787
4314548,Pinto Bandeira,RS,919,838
4314555,Pirapó,RS,917,690
4314605,Piratini,RS,7526,5697
4314704,Planalto,RS,4045,3060
4314753,Poço das Antas,RS,842,743
4314779,Pontão,RS,1259,1058
4314787,Ponte Preta,RS,585,504
4314803,Portão,RS,12929,11308
4314902,Porto Alegre,RS,557831,512714
4315008,Porto Lucena,RS,1821,1424
4315057,Porto Mauá,RS,842,641
4315073,Porto Vera Cruz,RS,665,491
4315107,Porto Xavier,RS,3923,3383
4315131,Pouso Novo,RS,665,508
4315149,Presidente Lucena,RS,1112,923
4315156,Progresso,RS,2109,1566
4315172,Protásio Alves,RS,752,673
4315206,Putinga,RS,1366,1106
4315305,Quaraí,RS,8695,7306
4315313,Quatro Irmãos,RS,577,476
4315321,Quevedos,RS,1036,774
4315354,Quinze de Novembro,RS,1518,1371
4315404,Redentora,RS,3102,1850
4315453,Relvado,RS,695,563
4315503,Restinga Sêca,RS,5904,4974
4315552,Rio dos Índios,RS,1092,786
4315602,Rio Grande,RS,74546,66406
4315701,Rio Pardo,RS,13539,10563
4315750,Riozinho,RS,1724,1420
4315800,Roca Sales,RS,4049,3494
4315909,Rodeio Bonito,RS,2583,2167
4315958,Rolador,RS,915,610
4316006,Rolante,RS,8226,7125
4316105,Ronda Alta,RS,3550,2937
4316204,Rondinha,RS,1754,1382
4316303,Roque Gonzales,RS,2591,2089
4316402,Rosário do Sul,RS,13804,11488
4316428,Sagrada Família,RS,973,786
4316436,Saldanha Marinho,RS,1036,870
4316451,Salto do Jacuí,RS,4012,3464
4316477,Salvador das Missões,RS,1119,1011
4316501,Salvador do Sul,RS,2670,2427
4316600,Sananduva,RS,6613,5714
4316709,Santa Bárbara do Sul,RS,3210,2762
4316733,Santa Cecília do Sul,RS,617,492
4316758,Santa Clara do Sul,RS,2580,2282
4316808,Santa Cruz do Sul,RS,53641,47797
4316907,Santa Maria,RS,106306,97327
4316956,Santa Maria do Herval,RS,2412,2141
4316972,Santa Margarida do Sul,RS,1037,739
4317004,Santana da Boa Vista,RS,3040,1807
4317103,Sant'Ana do Livramento,RS,31754,26728
4317202,Santa Rosa,RS,30011,27212
4317251,Santa Tereza,RS,593,485
4317301,Santa Vitória do Palmar,RS,12540,10475
4317400,Santiago,RS,19657,16455
4317509,Santo Ângelo,RS,29683,25927
4317558,Santo Antônio do Palma,RS,748,640
4317608,Santo Antônio da Patrulha,RS,17068,13523
4317707,Santo Antônio das Missões,RS,4089,3163
4317756,Santo Antônio do Planalto,RS,816,630
4317806,Santo Augusto,RS,5471,4544
4317905,Santo Cristo,RS,5914,5330
4317954,Santo Expedito do Sul,RS,916,762
4318002,São Borja,RS,22522,18364
4318051,São Domingos do Sul,RS,1057,907
4318101,São Francisco de Assis,RS,7249,5482
4318200,São Francisco de Paula,RS,7925,6594
4318309,São Gabriel,RS,22285,18428
4318408,São Jerônimo,RS,8099,6447
4318424,São João da Urtiga,RS,1739,1432
4318432,São João do Polêsine,RS,1041,913
4318440,São Jorge,RS,1080,959
4318457,São José das Missões,RS,932,692
4318465,São José do Herval,RS,749,515
4318481,São José do Hortêncio,RS,1693,1400
4318499,São José do Inhacorá,RS,956,802
4318507,São José do Norte,RS,10160,7854
4318606,São José do Ouro,RS,2738,2381
4318614,São José do Sul,RS,921,726
4318622,São José dos Ausentes,RS,1459,1149
4318705,São Leopoldo,RS,84178,77285
4318804,São Lourenço do Sul,RS,15229,13198
4318903,São Luiz Gonzaga,RS,13566,11330
4319000,São Marcos,RS,8226,7338
4319109,São Martinho,RS,2218,1920
4319125,São Martinho da Serra,RS,1147,813
4319158,São Miguel das Missões,RS,2803,2327
4319208,São Nicolau,RS,2047,1459
4319307,São Paulo das Missões,RS,2233,1907
4319356,São Pedro da Serra,RS,1309,1180
4319364,São Pedro das Missões,RS,672,493
4319372,São Pedro do Butiá,RS,1169,1013
4319406,São Pedro do Sul,RS,6415,4847
4319505,São Sebastião do Caí,RS,9450,8315
4319604,São Sepé,RS,8660,7051
4319703,São Valentim,RS,1240,916
4319711,São Valentim do Sul,RS,847,734
4319737,São Valério do Sul,RS,826,432
4319752,São Vendelino,RS,852,661
4319802,São Vicente do Sul,RS,3112,2570
4319901,Sapiranga,RS,28697,26483
4320008,Sapucaia do Sul,RS,50192,44948
4320107,Sarandi,RS,8623,7892
4320206,Seberi,RS,4702,3847
4320230,Sede Nova,RS,1067,836
4320263,Segredo,RS,2321,1823
4320305,Selbach,RS,1979,1727
4320321,Senador Salgado Filho,RS,1044,731
4320354,Sentinela do Sul,RS,2109,1482
4320404,Serafina Corrêa,RS,6220,5748
4320453,Sério,RS,780,557
4320503,Sertão,RS,2190,1900
4320552,Sertão Santana,RS,2340,1750
4320578,Sete de Setembro,RS,694,437
4320602,Severiano de Almeida,RS,1309,1082
4320651,Silveira Martins,RS,789,697
4320677,Sinimbu,RS,3206,2276
4320701,Sobradinho,RS,5590,4873
4320800,Soledade,RS,11717,9649
4320859,Tabaí,RS,1744,1389
4320909,Tapejara,RS,9349,8464
4321006,Tapera,RS,4051,3550
4321105,Tapes,RS,6013,4801
4321204,Taquara,RS,20892,17922
4321303,Taquari,RS,10093,8479
4321329,Taquaruçu do Sul,RS,1140,975
4321352,Tavares,RS,2156,1736
4321402,Tenente Portela,RS,5328,4504
4321436,Terra de Areia,RS,4010,3334
4321451,Teutônia,RS,12769,11687
4321469,Tio Hugo,RS,1240,1068
4321477,Tiradentes do Sul,RS,2029,1594
4321493,Toropi,RS,1059,834
4321501,Torres,RS,16529,15377
4321600,Tramandaí,RS,21103,19054
4321626,Travesseiro,RS,832,722
4321634,Três Arroios,RS,1028,795
4321667,Três Cachoeiras,RS,4205,3712
4321709,Três Coroas,RS,9227,8079
4321808,Três de Maio,RS,9880,8573
4321832,Três Forquilhas,RS,1065,859
4321857,Três Palmeiras,RS,1738,1229
4321907,Três Passos,RS,9964,8741
4321956,Trindade do Sul,RS,2836,2326
4322004,Triunfo,RS,10559,8742
4322103,Tucunduva,RS,2263,1823
4322152,Tunas,RS,1404,1125
4322186,Tupanci do Sul,RS,561,472
4322202,Tupanciretã,RS,7793,6488
4322251,Tupandi,RS,1842,1624
4322301,Tuparendi,RS,3365,2788
4322327,Turuçu,RS,1203,961
4322343,Ubiretama,RS,766,618
4322350,União da Serra,RS,436,394
4322376,Unistalda,RS,808,637
4322400,Uruguaiana,RS,41681,36417
4322509,Vacaria,RS,23654,21090
4322525,Vale Verde,RS,1294,950
4322533,Vale do Sol,RS,3784,2985
4322541,Vale Real,RS,2264,2147
4322558,Vanini,RS,788,709
4322608,Venâncio Aires,RS,27664,23068
4322707,Vera Cruz,RS,10340,8782
4322806,Veranópolis,RS,9536,8389
4322855,Vespasiano Corrêa,RS,640,524
4322905,Viadutos,RS,1896,1459
4323002,Viamão,RS,84559,74119
4323101,Vicente Dutra,RS,1792,1330
4323200,Victor Graeff,RS,1104,1015
4323309,Vila Flores,RS,1324,1232
4323358,Vila Lângaro,RS,774,645
4323408,Vila Maria,RS,1657,1493
4323457,Vila Nova do Sul,RS,1598,892
4323507,Vista Alegre,RS,1015,838
4323606,Vista Alegre do Prata,RS,570,463
4323705,Vista Gaúcha,RS,1108,969
4323754,Vitória das Missões,RS,1315,998
4323770,Westfália,RS,1114,941
4323804,Xangri-lá,RS,5806,5414
5000203,Água Clara,MS,5618,5209
5000252,Alcinópolis,MS,1771,1441
5000609,Amambai,MS,13634,10374
5000708,Anastácio,MS,8579,7122
5000807,Anaurilândia,MS,2904,2371
5000856,Angélica,MS,3977,3538
5000906,Antônio João,MS,3177,2253
5001003,Aparecida do Taboado,MS,10291,9107
5001102,Aquidauana,MS,15921,12925
5001243,Aral Moreira,MS,3361,2737
5001508,Bandeirantes,MS,2920,2359
5001904,Bataguassu,MS,8243,7468
5002001,Batayporã,MS,3868,3265
5002100,Bela Vista,MS,7213,6125
5002159,Bodoquena,MS,3046,2437
5002209,Bonito,MS,8249,7435
5002308,Brasilândia,MS,4237,3836
5002407,Caarapó,MS,10656,8762
5002605,Camapuã,MS,5424,4162
5002704,Campo Grande,MS,325824,299235
5002803,Caracol,MS,1717,1506
5002902,Cassilândia,MS,8260,7080
5002951,Chapadão do Sul,MS,10882,10165
5003108,Corguinho,MS,1859,1372
5003157,Coronel Sapucaia,MS,4480,2991
5003207,Corumbá,MS,30104,24579
5003256,Costa Rica,MS,9379,8485
5003306,Coxim,MS,12126,10638
5003454,Deodápolis,MS,5129,4317
5003488,Dois Irmãos do Buriti,MS,3635,2975
5003504,Douradina,MS,2009,1576
5003702,Dourados,MS,85885,78204
5003751,Eldorado,MS,4176,3614
5003801,Fátima do Sul,MS,7851,6729
5003900,Figueirão,MS,1361,1141
5004007,Glória de Dourados,MS,3955,3337
5004106,Guia Lopes da Laguna,MS,3589,2980
5004304,Iguatemi,MS,5060,4402
5004403,Inocência,MS,3129,2827
5004502,Itaporã,MS,8361,6157
5004601,Itaquiraí,MS,6950,6161
5004700,Ivinhema,MS,10245,8951
5004809,Japorã,MS,2494,1499
5004908,Jaraguari,MS,2722,2117
5005004,Jardim,MS,8342,7219
5005103,Jateí,MS,1264,1144
5005152,Juti,MS,2385,1972
5005202,Ladário,MS,6382,5417
5005251,Laguna Carapã,MS,2353,1916
5005400,Maracaju,MS,15759,14722
5005608,Miranda,MS,7846,6143
5005681,Mundo Novo,MS,7049,6160
5005707,Naviraí,MS,18581,16980
5005806,Nioaque,MS,4660,4072
5006002,Nova Alvorada do Sul,MS,7776,6731
5006200,Nova Andradina,MS,17557,15586
5006259,Novo Horizonte do Sul,MS,1796,1432
5006275,Paraíso das Águas,MS,1954,1821
5006309,Paranaíba,MS,15786,13584
5006358,Paranhos,MS,3633,2137
5006408,Pedro Gomes,MS,2698,2025
5006606,Ponta Porã,MS,30443,27245
5006903,Porto Murtinho,MS,4040,3376
5007109,Ribas do Rio Pardo,MS,7790,7262
5007208,Rio Brilhante,MS,13140,11823
5007307,Rio Negro,MS,1766,1392
5007406,Rio Verde de Mato Grosso,MS,7316,6238
5007505,Rochedo,MS,1891,1491
5007554,Santa Rita do Pardo,MS,2517,2119
5007695,São Gabriel do Oeste,MS,10680,9644
5007703,Sete Quedas,MS,3661,3154
5007802,Selvíria,MS,3002,2601
5007901,Sidrolândia,MS,16571,14942
5007935,Sonora,MS,5235,4728
5007950,Tacuru,MS,3241,2362
5007976,Taquarussu,MS,1377,1145
5008008,Terenos,MS,6443,5169
5008305,Três Lagoas,MS,47981,43905
5008404,Vicentina,MS,2389,1830
5100102,Acorizal,MT,1819,1331
5100201,Água Boa,MT,10327,9667
5100250,Alta Floresta,MT,20921,18835
5100300,Alto Araguaia,MT,6643,5672
5100359,Alto Boa Vista,MT,1787,1379
5100409,Alto Garças,MT,4585,3989
5100508,Alto Paraguai,MT,3018,2346
5100607,Alto Taquari,MT,3909,3595
5100805,Apiacás,MT,2803,2416
5101001,Araguaiana,MT,1457,1325
5101209,Araguainha,MT,410,273
5101258,Araputanga,MT,5506,4701
5101308,Arenápolis,MT,3813,3082
5101407,Aripuanã,MT,7811,7045
5101605,Barão de Melgaço,MT,2441,1910
5101704,Barra do Bugres,MT,10542,8845
5101803,Barra do Garças,MT,25280,22108
5101852,Bom Jesus do Araguaia,MT,2472,2153
5101902,Brasnorte,MT,5772,4987
5102504,Cáceres,MT,31051,26260
5102603,Campinápolis,MT,3752,2527
5102637,Campo Novo do Parecis,MT,15279,14624
5102678,Campo Verde,MT,15438,14176
5102686,Campos de Júlio,MT,2883,2709
5102694,Canabrava do Norte,MT,1558,1142
5102702,Canarana,MT,8883,8042
5102793,Carlinda,MT,3776,3299
5102850,Castanheira,MT,2725,2327
5103007,Chapada dos Guimarães,MT,6867,5844
5103056,Cláudia,MT,3396,2927
5103106,Cocalinho,MT,2277,1957
5103205,Colíder,MT,11728,10602
5103254,Colniza,MT,8867,7800
5103304,Comodoro,MT,6431,5258
5103353,Confresa,MT,11923,10679
5103361,Conquista D'Oeste,MT,1332,1191
5103379,Cotriguaçu,MT,3884,3340
5103403,Cuiabá,MT,232270,208515
5103437,Curvelândia,MT,1798,1443
5103452,Denise,MT,2481,2071
5103502,Diamantino,MT,7498,6648
5103601,Dom Aquino,MT,3026,2318
5103700,Feliz Natal,MT,3341,2685
5103809,Figueirópolis D'Oeste,MT,1201,979
5103858,Gaúcha do Norte,MT,2680,2175
5103908,General Carneiro,MT,1897,1488
5103957,Glória D'Oeste,MT,1115,884
5104104,Guarantã do Norte,MT,10911,9913
5104203,Guiratinga,MT,4399,3297
5104500,Indiavaí,MT,835,720
5104526,Ipiranga do Norte,MT,2548,2410
5104542,Itanhangá,MT,2555,2308
5104559,Itaúba,MT,1742,1450
5104609,Itiquira,MT,4290,3683
5104807,Jaciara,MT,10282,8970
5104906,Jangada,MT,2550,1697
5105002,Jauru,MT,3090,2603
5105101,Juara,MT,12083,10727
5105150,Juína,MT,16690,14191
5105176,Juruena,MT,3616,3185
5105200,Juscimeira,MT,4347,3466
5105234,Lambari D'Oeste,MT,1721,1480
5105259,Lucas do Rio Verde,MT,27727,26191
5105309,Luciara,MT,823,578
5105507,Vila Bela da Santíssima Trindade,MT,5354,4257
5105580,Marcelândia,MT,3829,3432
5105606,Matupá,MT,6865,6388
5105622,Mirassol d'Oeste,MT,9874,8549
5105903,Nobres,MT,5252,4717
5106000,Nortelândia,MT,2138,1713
5106109,Nossa Senhora do Livramento,MT,4610,3358
5106158,Nova Bandeirantes,MT,4913,4309
5106174,Nova Nazaré,MT,1142,826
5106182,Nova Lacerda,MT,2382,2123
5106190,Nova Santa Helena,MT,1504,1381
5106208,Nova Brasilândia,MT,1542,969
5106216,Nova Canaã do Norte,MT,4294,3667
5106224,Nova Mutum,MT,18184,17270
5106232,Nova Olímpia,MT,5737,4595
5106240,Nova Ubiratã,MT,3743,3359
5106257,Nova Xavantina,MT,9283,8166
5106265,Novo Mundo,MT,2223,2027
5106273,Novo Horizonte do Norte,MT,1257,968
5106281,Novo São Joaquim,MT,2537,2273
5106299,Paranaíta,MT,4076,3631
5106307,Paranatinga,MT,9093,7780
5106315,Novo Santo Antônio,MT,736,491
5106372,Pedra Preta,MT,6663,5421
5106422,Peixoto de Azevedo,MT,10871,9460
5106455,Planalto da Serra,MT,1121,923
5106505,Poconé,MT,10374,8063
5106653,Pontal do Araguaia,MT,2622,2363
5106703,Ponte Branca,MT,828,557
5106752,Pontes e Lacerda,MT,18305,16684
5106778,Porto Alegre do Norte,MT,4064,3455
5106802,Porto dos Gaúchos,MT,2044,1813
5106828,Porto Esperidião,MT,3457,3066
5106851,Porto Estrela,MT,1179,577
5107008,Poxoréu,MT,8364,6756
5107040,Primavera do Leste,MT,28963,27518
5107065,Querência,MT,8475,7727
5107107,São José dos Quatro Marcos,MT,6782,5494
5107156,Reserva do Cabaçal,MT,835,711
5107180,Ribeirão Cascalheira,MT,3504,2897
5107198,Ribeirãozinho,MT,1010,880
5107206,Rio Branco,MT,1735,1499
5107248,Santa Carmem,MT,1733,1641
5107263,Santo Afonso,MT,958,724
5107297,São José do Povo,MT,1141,941
5107305,São José do Rio Claro,MT,5187,4553
5107354,São José do Xingu,MT,1935,1695
5107404,São Pedro da Cipa,MT,1507,1279
5107578,Rondolândia,MT,1074,872
5107602,Rondonópolis,MT,86840,78875
5107701,Rosário Oeste,MT,5517,3792
5107743,Santa Cruz do Xingu,MT,891,789
5107750,Salto do Céu,MT,1383,1165
5107768,Santa Rita do Trivelato,MT,1050,974
5107776,Santa Terezinha,MT,2340,1977
5107792,Santo Antônio do Leste,MT,1293,1174
5107800,Santo Antônio de Leverger,MT,5124,4198
5107859,São Félix do Araguaia,MT,4632,3820
5107875,Sapezal,MT,9289,8785
5107883,Serra Nova Dourada,MT,640,499
5107909,Sinop,MT,68556,63998
5107925,Sorriso,MT,37041,35059
5107941,Tabaporã,MT,3288,3027
5107958,Tangará da Serra,MT,38057,35085
5108006,Tapurah,MT,4595,4327
5108055,Terra Nova do Norte,MT,3846,3307
5108105,Tesouro,MT,1156,864
5108204,Torixoréu,MT,1702,1388
5108303,União do Sul,MT,1320,1097
5108352,Vale de São Domingos,MT,1098,948
5108402,Várzea Grande,MT,103314,87627
5108501,Vera,MT,4274,3842
5108600,Vila Rica,MT,6863,6192
5108808,Nova Guarita,MT,1667,1544
5108857,Nova Marilândia,MT,1241,1017
5108907,Nova Maringá,MT,1930,1686
5108956,Nova Monte Verde,MT,2984,2584
5200050,Abadia de Goiás,GO,6241,5414
5200100,Abadiânia,GO,6147,4794
5200134,Acreúna,GO,7899,6719
5200159,Adelândia,GO,914,741
5200175,Água Fria de Goiás,GO,1798,1512
5200209,Água Limpa,GO,748,625
5200258,Águas Lindas de Goiás,GO,74437,67809
5200308,Alexânia,GO,9712,8117
5200506,Aloândia,GO,814,673
5200555,Alto Horizonte,GO,2162,1968
5200605,Alto Paraíso de Goiás,GO,3640,3305
5200803,Alvorada do Norte,GO,2955,2277
5200829,Amaralina,GO,1279,873
5200852,Americano do Brasil,GO,2108,1461
5200902,Amorinópolis,GO,1252,1055
5201108,Anápolis,GO,142290,129463
5201207,Anhanguera,GO,358,345
5201306,Anicuns,GO,7148,6061
5201405,Aparecida de Goiânia,GO,186272,170971
5201454,Aparecida do Rio Doce,GO,1097,993
5201504,Aporé,GO,1564,1396
5201603,Araçu,GO,1529,1260
5201702,Aragarças,GO,6636,5766
5201801,Aragoiânia,GO,4662,4097
5202155,Araguapaz,GO,2780,2410
5202353,Arenópolis,GO,1208,1022
5202502,Aruanã,GO,3038,2663
5202601,Aurilândia,GO,1363,1072
5202809,Avelinópolis,GO,1117,940
5203104,Baliza,GO,1282,1071
5203203,Barro Alto,GO,3651,3136
5203302,Bela Vista de Goiás,GO,12903,10989
5203401,Bom Jardim de Goiás,GO,3106,2491
5203500,Bom Jesus de Goiás,GO,8685,7886
5203559,Bonfinópolis,GO,3803,3297
5203575,Bonópolis,GO,1236,955
5203609,Brazabrantes,GO,1548,1311
5203807,Britânia,GO,2141,1947
5203906,Buriti Alegre,GO,4185,3631
5203939,Buriti de Goiás,GO,1108,847
5203962,Buritinópolis,GO,1108,800
5204003,Cabeceiras,GO,2733,2115
5204102,Cachoeira Alta,GO,4298,3643
5204201,Cachoeira de Goiás,GO,591,462
5204250,Cachoeira Dourada,GO,3015,2639
5204300,Caçu,GO,5341,4672
5204409,Caiapônia,GO,6385,5579
5204508,Caldas Novas,GO,36779,33630
5204557,Caldazinha,GO,1711,1474
5204607,Campestre de Goiás,GO,1398,1197
5204656,Campinaçu,GO,1418,1173
5204706,Campinorte,GO,4639,4194
5204805,Campo Alegre de Goiás,GO,2615,2332
5204854,Campo Limpo de Goiás,GO,2696,2181
5204904,Campos Belos,GO,6299,5149
5204953,Campos Verdes,GO,1502,1250
5205000,Carmo do Rio Verde,GO,3693,2977
5205059,Castelândia,GO,1189,901
5205109,Catalão,GO,42420,38268
5205208,Caturaí,GO,1961,1609
5205307,Cavalcante,GO,3474,2259
5205406,Ceres,GO,8358,7378
5205455,Cezarina,GO,3222,2641
5205471,Chapadão do Céu,GO,4291,4072
5205497,Cidade Ocidental,GO,31791,29193
5205513,Cocalzinho de Goiás,GO,8986,7370
5205521,Colinas do Sul,GO,1492,1213
5205703,Córrego do Ouro,GO,1021,870
5205802,Corumbá de Goiás,GO,3724,2974
5205901,Corumbaíba,GO,3508,3102
5206206,Cristalina,GO,21400,18350
5206305,Cristianópolis,GO,1395,1100
5206404,Crixás,GO,6169,5333
5206503,Cromínia,GO,1536,1285
5206602,Cumari,GO,1153,886
5206701,Damianópolis,GO,1369,913
5206800,Damolândia,GO,1092,879
5206909,Davinópolis,GO,768,617
5207105,Diorama,GO,832,712
5207253,Doverlândia,GO,2764,2455
5207352,Edealina,GO,1648,1342
5207402,Edéia,GO,4367,3739
5207501,Estrela do Norte,GO,1269,1023
5207535,Faina,GO,2820,2342
5207600,Fazenda Nova,GO,2424,2029
5207808,Firminópolis,GO,4053,3411
5207907,Flores de Goiás,GO,4312,3171
5208004,Formosa,GO,40763,34820
5208103,Formoso,GO,1811,1381
5208152,Gameleira de Goiás,GO,1285,1029
5208301,Divinópolis de Goiás,GO,1645,1315
5208400,Goianápolis,GO,4918,4378
5208509,Goiandira,GO,1898,1643
5208608,Goianésia,GO,25990,22524
5208707,Goiânia,GO,549614,507938
5208806,Goianira,GO,25186,22366
5208905,Goiás,GO,9601,8099
5209101,Goiatuba,GO,13571,11694
5209150,Gouvelândia,GO,1677,1468
5209200,Guapó,GO,7164,5870
5209291,Guaraíta,GO,913,694
5209408,Guarani de Goiás,GO,1438,1017
5209457,Guarinos,GO,885,661
5209606,Heitoraí,GO,1358,1126
5209705,Hidrolândia,GO,9701,8562
5209804,Hidrolina,GO,1372,1146
5209903,Iaciara,GO,3564,2758
5209937,Inaciolândia,GO,2208,1919
5209952,Indiara,GO,6316,5510
5210000,Inhumas,GO,19552,16509
5210109,Ipameri,GO,9704,8241
5210158,Ipiranga de Goiás,GO,1185,1008
5210208,Iporá,GO,13966,12476
5210307,Israelândia,GO,1029,733
5210406,Itaberaí,GO,16004,13941
5210562,Itaguari,GO,1952,1658
5210604,Itaguaru,GO,1978,1533
5210802,Itajá,GO,1750,1456
5210901,Itapaci,GO,7786,6837
5211008,Itapirapuã,GO,3136,2714
5211206,Itapuranga,GO,10513,8710
5211305,Itarumã,GO,2328,1978
5211404,Itauçu,GO,2936,2428
5211503,Itumbiara,GO,39708,36013
5211602,Ivolândia,GO,1092,962
5211701,Jandaia,GO,2527,2018
5211800,Jaraguá,GO,16574,13926
5211909,Jataí,GO,38266,34515
5212006,Jaupaci,GO,1135,940
5212055,Jesúpolis,GO,833,667
5212105,Joviânia,GO,2731,2410
5212204,Jussara,GO,7665,6827
5212253,Lagoa Santa,GO,537,479
5212303,Leopoldo de Bulhões,GO,3252,2848
5212501,Luziânia,GO,71837,61961
5212600,Mairipotaba,GO,1065,824
5212709,Mambaí,GO,2595,2140
5212808,Mara Rosa,GO,4090,3237
5212907,Marzagão,GO,1000,914
5212956,Matrinchã,GO,1562,1326
5213004,Maurilândia,GO,3772,3049
5213053,Mimoso de Goiás,GO,980,715
5213087,Minaçu,GO,9910,8832
5213103,Mineiros,GO,24786,22077
5213400,Moiporá,GO,708,582
5213509,Monte Alegre de Goiás,GO,2333,1670
5213707,Montes Claros de Goiás,GO,3425,2998
5213756,Montividiu,GO,4419,3984
5213772,Montividiu do Norte,GO,1506,1083
5213806,Morrinhos,GO,19721,17378
5213855,Morro Agudo de Goiás,GO,977,814
5213905,Mossâmedes,GO,1862,1514
5214002,Mozarlândia,GO,5233,4893
5214051,Mundo Novo,GO,2274,1925
5214101,Mutunópolis,GO,1378,1166
5214408,Nazário,GO,3118,2689
5214507,Nerópolis,GO,11189,9773
5214606,Niquelândia,GO,13277,10644
5214705,Nova América,GO,908,732
5214804,Nova Aurora,GO,832,687
5214838,Nova Crixás,GO,4677,4152
5214861,Nova Glória,GO,3283,2724
5214879,Nova Iguaçu de Goiás,GO,1110,892
5214903,Nova Roma,GO,1161,859
5215009,Nova Veneza,GO,3465,3082
5215207,Novo Brasil,GO,1523,1209
5215231,Novo Gama,GO,34246,30577
5215256,Novo Planalto,GO,1425,1096
5215306,Orizona,GO,6270,5135
5215405,Ouro Verde de Goiás,GO,1512,1212
5215504,Ouvidor,GO,2601,2314
5215603,Padre Bernardo,GO,12078,10086
5215652,Palestina de Goiás,GO,1205,1078
5215702,Palmeiras de Goiás,GO,11585,10406
5215801,Palmelo,GO,893,708
5215900,Palminópolis,GO,1519,1289
5216007,Panamá,GO,996,835
5216304,Paranaiguara,GO,3066,2442
5216403,Paraúna,GO,4080,3641
5216452,Perolândia,GO,1058,913
5216809,Petrolina de Goiás,GO,3759,3010
5216908,Pilar de Goiás,GO,893,740
5217104,Piracanjuba,GO,9909,8071
5217203,Piranhas,GO,4618,3996
5217302,Pirenópolis,GO,9803,8017
5217401,Pires do Rio,GO,12248,10735
5217609,Planaltina,GO,35226,30125
5217708,Pontalina,GO,7356,6193
5218003,Porangatu,GO,16383,14298
5218052,Porteirão,GO,1482,1292
5218102,Portelândia,GO,1246,950
5218300,Posse,GO,11959,9554
5218391,Professor Jamil,GO,1430,1257
5218508,Quirinópolis,GO,18004,16117
5218607,Rialma,GO,4474,4109
5218706,Rianápolis,GO,1590,1266
5218789,Rio Quente,GO,1390,1290
5218805,Rio Verde,GO,80418,74101
5218904,Rubiataba,GO,7658,6598
5219001,Sanclerlândia,GO,3125,2674
5219100,Santa Bárbara de Goiás,GO,2252,1983
5219209,Santa Cruz de Goiás,GO,1240,993
5219258,Santa Fé de Goiás,GO,1861,1713
5219308,Santa Helena de Goiás,GO,14239,12180
5219357,Santa Isabel,GO,1399,1086
5219407,Santa Rita do Araguaia,GO,2301,1910
5219456,Santa Rita do Novo Destino,GO,1025,788
5219506,Santa Rosa de Goiás,GO,1073,829
5219605,Santa Tereza de Goiás,GO,1317,996
5219704,Santa Terezinha de Goiás,GO,3902,3145
5219712,Santo Antônio da Barra,GO,1571,1311
5219738,Santo Antônio de Goiás,GO,2634,2448
5219753,Santo Antônio do Descoberto,GO,24176,21001
5219803,São Domingos,GO,3465,2310
5219902,São Francisco de Goiás,GO,2361,1728
5220009,São João d'Aliança,GO,4358,3647
5220058,São João da Paraúna,GO,697,519
5220108,São Luís de Montes Belos,GO,13050,11560
5220157,São Luiz do Norte,GO,1798,1552
5220207,São Miguel do Araguaia,GO,8204,6751
5220264,São Miguel do Passa Quatro,GO,1653,1292
5220280,São Patrício,GO,832,620
5220405,São Simão,GO,6697,5736
5220454,Senador Canedo,GO,52404,48736
5220504,Serranópolis,GO,2924,2525
5220603,Silvânia,GO,8149,7192
5220686,Simolândia,GO,2004,1669
5220702,Sítio d'Abadia,GO,1010,710
5221007,Taquaral de Goiás,GO,1614,1168
5221080,Teresina de Goiás,GO,917,667
5221197,Terezópolis de Goiás,GO,2818,2361
5221304,Três Ranchos,GO,1145,984
5221403,Trindade,GO,50656,44222
5221452,Trombas,GO,1222,855
5221502,Turvânia,GO,1809,1523
5221551,Turvelândia,GO,1760,1572
5221577,Uirapuru,GO,1070,832
5221601,Uruaçu,GO,15775,13111
5221700,Uruana,GO,5271,4234
5221809,Urutaí,GO,1360,1129
5221858,Valparaíso de Goiás,GO,71168,66423
5221908,Varjão,GO,1553,1288
5222005,Vianópolis,GO,5498,4850
5222054,Vicentinópolis,GO,3148,2927
5222203,Vila Boa,GO,1461,1051
5222302,Vila Propício,GO,2180,1830
5300108,Brasília,DF,988175,936051
